-- MySQL dump 10.13  Distrib 8.0.38, for Win64 (x86_64)
--
-- Host: localhost    Database: project1
-- ------------------------------------------------------
-- Server version	8.0.39

/*!40101 SET @OLD_CHARACTER_SET_CLIENT=@@CHARACTER_SET_CLIENT */;
/*!40101 SET @OLD_CHARACTER_SET_RESULTS=@@CHARACTER_SET_RESULTS */;
/*!40101 SET @OLD_COLLATION_CONNECTION=@@COLLATION_CONNECTION */;
/*!50503 SET NAMES utf8 */;
/*!40103 SET @OLD_TIME_ZONE=@@TIME_ZONE */;
/*!40103 SET TIME_ZONE='+00:00' */;
/*!40014 SET @OLD_UNIQUE_CHECKS=@@UNIQUE_CHECKS, UNIQUE_CHECKS=0 */;
/*!40014 SET @OLD_FOREIGN_KEY_CHECKS=@@FOREIGN_KEY_CHECKS, FOREIGN_KEY_CHECKS=0 */;
/*!40101 SET @OLD_SQL_MODE=@@SQL_MODE, SQL_MODE='NO_AUTO_VALUE_ON_ZERO' */;
/*!40111 SET @OLD_SQL_NOTES=@@SQL_NOTES, SQL_NOTES=0 */;

--
-- Table structure for table `carsalestbl`
--

DROP TABLE IF EXISTS `carsalestbl`;
/*!40101 SET @saved_cs_client     = @@character_set_client */;
/*!50503 SET character_set_client = utf8mb4 */;
CREATE TABLE `carsalestbl` (
  `year` int NOT NULL,
  `sales` int DEFAULT NULL,
  `id` int DEFAULT NULL,
  KEY `fk_carsalestbl_id` (`id`),
  CONSTRAINT `fk_carsalestbl_id` FOREIGN KEY (`id`) REFERENCES `companytbl` (`id`)
) ENGINE=InnoDB DEFAULT CHARSET=utf8mb4 COLLATE=utf8mb4_0900_ai_ci;
/*!40101 SET character_set_client = @saved_cs_client */;

--
-- Dumping data for table `carsalestbl`
--

LOCK TABLES `carsalestbl` WRITE;
/*!40000 ALTER TABLE `carsalestbl` DISABLE KEYS */;
INSERT INTO `carsalestbl` VALUES (2022,536532,1),(2023,620482,1),(2024,359635,1),(2022,540181,2),(2023,564523,2),(2024,361703,2),(2022,135044,3),(2023,126567,3),(2024,88655,3),(2022,37236,4),(2023,38306,4),(2024,17050,4);
/*!40000 ALTER TABLE `carsalestbl` ENABLE KEYS */;
UNLOCK TABLES;

--
-- Table structure for table `chajong`
--

DROP TABLE IF EXISTS `chajong`;
/*!40101 SET @saved_cs_client     = @@character_set_client */;
/*!50503 SET character_set_client = utf8mb4 */;
CREATE TABLE `chajong` (
  `year` int DEFAULT NULL,
  `car_regi` int DEFAULT NULL,
  `ic_amount` double DEFAULT NULL,
  `passenger` int DEFAULT NULL,
  `van` int DEFAULT NULL,
  `truck` int DEFAULT NULL,
  `special` double DEFAULT NULL,
  KEY `fk_chajong_year` (`year`),
  CONSTRAINT `fk_chajong_year` FOREIGN KEY (`year`) REFERENCES `main` (`year`)
) ENGINE=InnoDB DEFAULT CHARSET=utf8mb4 COLLATE=utf8mb4_0900_ai_ci;
/*!40101 SET character_set_client = @saved_cs_client */;

--
-- Dumping data for table `chajong`
--

LOCK TABLES `chajong` WRITE;
/*!40000 ALTER TABLE `chajong` DISABLE KEYS */;
INSERT INTO `chajong` VALUES (2014,2012,71,1575,95,335,7),(2015,2099,87,1656,92,343,7.4),(2016,2180,81,1734,89,349,8),(2017,2253,73,1804,87,354,8.6),(2018,2320,67,1868,84,359,9.1),(2019,2368,47.5,1918,81,359,9.5),(2020,2437,68.9,1986,78,362,10.6),(2021,2491,54.5,2041,75,363,11.8),(2022,2550,59.2,2095,72,370,13);
/*!40000 ALTER TABLE `chajong` ENABLE KEYS */;
UNLOCK TABLES;

--
-- Table structure for table `companytbl`
--

DROP TABLE IF EXISTS `companytbl`;
/*!40101 SET @saved_cs_client     = @@character_set_client */;
/*!50503 SET character_set_client = utf8mb4 */;
CREATE TABLE `companytbl` (
  `id` int NOT NULL AUTO_INCREMENT,
  `comp_name` varchar(150) DEFAULT NULL,
  PRIMARY KEY (`id`)
) ENGINE=InnoDB AUTO_INCREMENT=5 DEFAULT CHARSET=utf8mb4 COLLATE=utf8mb4_0900_ai_ci;
/*!40101 SET character_set_client = @saved_cs_client */;

--
-- Dumping data for table `companytbl`
--

LOCK TABLES `companytbl` WRITE;
/*!40000 ALTER TABLE `companytbl` DISABLE KEYS */;
INSERT INTO `companytbl` VALUES (1,'현대'),(2,'기아'),(3,'제네시스'),(4,'쉐보레');
/*!40000 ALTER TABLE `companytbl` ENABLE KEYS */;
UNLOCK TABLES;

--
-- Table structure for table `faqtbl`
--

DROP TABLE IF EXISTS `faqtbl`;
/*!40101 SET @saved_cs_client     = @@character_set_client */;
/*!50503 SET character_set_client = utf8mb4 */;
CREATE TABLE `faqtbl` (
  `id` int NOT NULL,
  `question` varchar(2000) NOT NULL,
  `answer` varchar(2000) NOT NULL,
  KEY `fk_faqtbl_id` (`id`),
  CONSTRAINT `fk_faqtbl_id` FOREIGN KEY (`id`) REFERENCES `companytbl` (`id`)
) ENGINE=InnoDB DEFAULT CHARSET=utf8mb4 COLLATE=utf8mb4_0900_ai_ci;
/*!40101 SET character_set_client = @saved_cs_client */;

--
-- Dumping data for table `faqtbl`
--

LOCK TABLES `faqtbl` WRITE;
/*!40000 ALTER TABLE `faqtbl` DISABLE KEYS */;
INSERT INTO `faqtbl` VALUES (1,'[차량구매]보유중인 자동차를 팔고 싶은데, 어떻게 하면 좋을까요?','매입 서비스에 대한 자세한 내용이 궁금하시거나,판매 상담을 받으시려면 [Home > 차량관리서비스 > 매도&구매지원 > 중고차 > 내차팔기] 메뉴에서\'내차 팔기 상담신청\' 을 통해 상담신청을 하시면 친절하고 상세하게 안내해 드리겠습니다.'),(1,'[차량구매]포인트는 어떻게 활용하나요?','포인트는 블루멤버스 사이트 내에서 현금 처럼 사용 하실 수 있으며, 고객님께서 블루핸즈 서비스를 받으실 때도 현금처럼 지불 하실 수 있습니다'),(1,'[차량구매]폐차 의뢰 및 신청은 어떻게 하나요?','매도&구매지원 항목의 친환경 폐차 신청으로 들어가셔서 신청하시는 것이 가장 신속하고 정확합니다. 인터넷 신청이 불편하시면 유선전화 (1544-4113)로 문의하셔서 폐차 신청을 할 수 있습니다.'),(1,'[차량구매]내차를 좀 더 좋은 값에 판매 할 수 있는 방법은 없나요?','차량 내부와 트렁크를 청결히 하시고, 차량 외관도 깨끗하게 세차 합니다. 이 때, 차량 외관의 작은 상처(기스)는 수리 후에 판매 하시는 것이 좋습니다. 또한 구매 후에 장착하신 옵션 등의 부품은 메이커 순정품일 경우, 가치 평가를 받으 실 때 유리하게 작용합니다. 이밖에 고객님이 차를 보유하시던 중에 특별히 신경써서 관리 하신 부분, 예를 들어 소모품의 정기적 교환, 차계부 정리, 비흡연, 시내 출퇴근용으로만 사용 등의 내 차만의 장점을 말씀해주시면 차량의 가치가 더욱 올라갑니다.'),(1,'[차량구매]보유중인 자동차를 팔고 싶은데, 어떻게 하면 좋을까요?','유카의 매입 서비스는 중고차의 합리적인 가치 산정에 대한 환금과 최단 소요 시간으로 고객님이 차량을 빠르고 안전하게 처리할 수 있도록 도와드리는 전문 서비스 입니다. 매입 서비스에 대한 자세한 내용이 궁금하시거나, 판매 상담을 받으시려면 [Home > 매도&구매지원 > 중고차 > 내차팔기] 메뉴에서 \'내차 팔기 상담신청\' 을 통해 상담신청을 하시거나 유카 고객센터인 1588-8289 로 전화주시면 친절하고 상세하게 안내해 드리겠습니다.'),(1,'[차량구매]차량구입시 신용카드는 얼마까지 이용할 수 있나요?','▶ 자동차 구입시 신용카드를 이용한 결제는 고객님 신용카드 한도내에서 희망하시는 금액     까지 자유로이 결제가 가능합니다.'),(1,'[차량구매]차량구입시 신용카드는 복수의 카드로 결제가 가능한가요?','▶ 예, 가능합니다. 신용카드 갯수에 제한없이 결제가 가능합니다.'),(1,'[차량구매]세이브오토 이용에 관해 알고 싶습니다.','▶ 현대자동차 신차 구입 시 Hyundai Mobility카드를 이용하는 경우차량구매 대금 중 일부를 해당 포인트(20만/30만/50만)만큼 先할인해 드립니다先할인 받으신 금액은 이후 36개월 동안 고객님의 Hyundai Mobility카드 사용실적에 따라 적립되는포인트로 상환하시게 되며, 미상환하신 경우 익월 카드대금 청구 시 전액 청구됩니다.블루 세이브-오토 프로그램은 적용을 원하시는 고객께서 신청하시는 경우에만 적용되고이용기간 중 미상환하신 포인트에 대한 대금청구 시 이자는 부과되지 않습니다.'),(1,'[차량구매]차량에 부과되는 세금은 어떤 종류가 있나요?','▶ 현행 자동차관련 세금항목은 다음과 같습니다.① 구입단계 : 개별소비세(8인승 이하 승용차限), 교육세(개소세의 30%), 부가가치세② 등록단계 : 등록세,취득세③ 소유단계 : 자동차세(연단위 부여)④ 유류관련 : 교통세, 주행세, 교육세, 부가가치세⑤ 기타 : 공채매입, 환경개선비용부담금(해당자동차限)'),(1,'[차량구매]신차 구입시 기존에 타던 차량을 팔고 인도금으로 대체할 수 있나요?','▶ 현재 저희 현대자동차에서는 중고차 보상판매 프로그램을 시행하고 있지 않습니다.따라서 현재 보유하고 계신 차량은 고객님께서 직접 처분을 하셔야 합니다.다만, 현대자동차그룹 계열사인 (주)글로비스에서 운영중인 현대/기아자동차 경매장(http://www.autowise.co.kr)을 통해 경매 대행서비스를 시행하고 있사오니 이곳의 이용을추천해 드립니다.'),(1,'[차량구매]차량구입시 의무보험료란 금액을 납부하였습니다. 이것은 어떤 종류의 보험인가요?','의무보험은 차량이 출고센터를 동해 출고되어 임시운행기간동안에만 유효한 보험입니다.이는 임시운행 기간중 발생되는 교통사고 피해자의 피해배상 보장을 위한 자동차 손해배상보장법 개정으로 임시운행허가 차량의 의무보험 가입이 법제화 되었습니다.보상책임기간은 출고일부터 임시운행허가 기간인 10일(기간 만료일 24시까지)동안이고보험료는 차종별 정액보험료가 적용됩니다. (대부분의 경우 1만원 이내)따라서 차량을 구입하신 고객께서는 임시운행허가기간 종료 이전에 1년만기 책임보험,혹은 종합보험에 반드시 가입하셔야 합니다.의무보험은 1회 소멸성 보험으로 임시운행증을 반납하거나 다른 책임보험에가입하시는 경우 자동으로 해지가 됩니다.'),(1,'[차량구매]현대자동차 차량을 구입하려면 어떻게 해야하나요?','현대자동차에서는 전국 정식 지점/대리점을 통해서만 차량을 판매하고 있습니다.그 이외의 유통경로(인터넷 등)로는 차량 공급이 되지 않사오니 차량 구입시 주의해주시기바라며 전국 어느곳에서나 같은 제품,같은 가격으로 바른거래를 실천하고 있습니다.참고로, 현대자동차 홈페이지 구매상담 신청을 이용시고객님께서 원하시는 지점,대리점을 선택하여 상담신청을 하시면 현대자동차의 전문영업사원이신속하고 친절하게 차량구매에 관한 모든 궁금증을 해결해 드리겠습니다.'),(1,'[차량구매]차량대금을 신용카드로 결제할 경우 소득공제가 가능한가요?','불가능합니다.조세특례제한법 제126조 3항 3호에 의거하여 신규로 출고되는 자동차 구입시 사용한 신용카드 금액은 소득공제 대상에서 제외됩니다.(2002년 12월1일 승인분부터 적용)'),(1,'[차량구매]자동차 리스로 차를 구매하고 싶어요','자동차 리스는 고객의 다양한 Needs에 맞는 맞춤형 상품 구입이 가능합니다 자동차 리스도 할부나 현금구매와 동일하게 현대자동차 영업사원에게 문의하시면 됩니다.'),(1,'[차량구매]현대자동차에서 중고차를 구입할 수 있나요?','저희 현대자동차는 신차를 제조하여 판매를 사업영역으로 하는 회사로중고차의 매입 및 판매는 시행하지 않습니다.※ 고객분들의 편리하고 안전한 중고차 거래를 위해 사이트 운영중이니 참고하시기 바랍니다.현대자동차 홈페이지 > 고객서비스 > 차량관리서비스 > 중고차 > 내차팔기 바로가기 ▶단,현대자동차㈜는 통신판매 중개자로서 해당 사이트의 책임은 현대글로비스㈜와 ㈜유카에 있습니다.'),(1,'[차량구매]자동차 리스에 대해 알고 싶어요','자동차 리스란, 캐피탈사가 고객이 원하는 자동차를 대신 구매하여 고객에게차량을 임대하여 제공하여 주고 고객은 캐피탈사에 매월 이용료를 납부하는 방식의자동차 금융 상품입니다.고객의 다양한 Needs에 맞는 맞춤형 상품 구성이 가능하며,자동차 리스도 할부나 현금 구매와 동일하게 현대자동차 영업사원에게 문의하시면됩니다.'),(1,'[차량구매]현대자동차 신차구입시 사용할 수 있는 포인트는 뭐가 있나요?','현대자동차 신차구입시 사용하실 수 있는 포인트는,현대카드 M포인트, 현대자동차 제휴포인트(외환, KB 등) 및 각종 이벤트를 통해획득하신포인트 등이 있고 1포인트는 1원으로 환산되어 차량가격 할인을 받으실 수 있습니다.단, BC 카드 포인트는 2003.5.1일부로 제휴 계약 해지로 인하여 신차 구입시 사용하실 수 없습니다.기 적립된 포인트는 BC 카드사로 연락하시면 카드 대금에서 차감 청구가 가능합니다.'),(1,'[차량구매]본인 이외의 가족이 보유한 포인트를 사용할 수 있나요?','\'14.8월 개인정보 보호법 개정으로 가족카드/가족회원의 포인트 사용이 불가합니다.블루멤버스 포인트 및 현대카드 M포인트 모두 본인 및 공동명의자의 포인트로만차량구입시 사용하실 수 있습니다.'),(1,'[차량구매]포인트의 유효기간은 어떻게 되나요?','지급된 블루멤버스 포인트는 60개월(5년) 간 사용 가능합니다. 유효기간 경과 시, 포인트는 월 단위로 익월 1일 소멸됩니다.'),(1,'[차량구매]세이브오토를 취소하려고 하는데 취소 방법은 어떻게 되나요?','세이브오토 프로그램을 신청하셨던 지점/대리점에 철회/해지신청서가 있습니다.신청서를 작성하신 후 해당 지점/대리점에 철회/해지 요청을 하시면 됩니다.'),(1,'[차량구매]장애인 조건으로 차량구입시 혜택을 알고 싶습니다.','▶장애인 조건으로 차량 구입시 혜택은 크게 3가지 입니다.① 차량 개소세 면세② 지방세(취득세, 등록세, 자동차세)면세(서울시 기준)③ 공채매입 면세장애 대상별 면세 내용은 구매 가이드 > 제도 및 규정 > 세금 > 장애인 면세 메뉴에서 확인 가능합니다.자세히보기 >※지방세 면세내용은 각 지방자치단체 조례에 따라 상이하므로 반드시 해당 지방자치단체로문의 및 구입전 확인을 요합니다.'),(1,'[차량구매]고엽제 후유증 환자의 면세조건에 대해 알고 싶어요','고엽제후유증환자 지원에 관한 법률에 적용되는 장애우(友) 고객께서는 2004년 1월 1일이후 출고되는 차량구입시 개소세 면제를 받으실 수 있습니다.고엽제후유증 환자 고객의 LPG차량구입 및 개소세 면제는 경도장애 이상의 경우에 가능하며,국가보훈처에서 발행한 고엽제법 적용 대상 확인원 상에 장애등급이 표기되어 있으면가능합니다.'),(1,'[차량구매]광주민주화운동 부상자 면세조건에 대해 알고 싶습니다.','▶ \"광주민주화 유공자 예우에 대한 법률\"에 적용되는 장애우(友) 고객께서는 2004년 1월 1일      이후 출고되는 차량구입시 개소세 면제를 받으실 수 있습니다.     광주민주화운동 부상자 LPG차량구입 및 개소세 면제는 장애 1~14급의 경우에 가능하며,     국가보훈처에서 발행한 \"광주민주유공자증\" 상에 장애등급이 표기되어 있으면 가능합니다.'),(1,'[차량구매]장애인 가족이 사망했을 경우 장애인용 LPG 차량은 어떻게 해야하나요?','LPG 승용자동차를 사용하는 장애인 및 국가상이유공자가 사망할 경우,유가족이 당해차량을 계속 사용이 가능하도록 기존의 사용제한규정(당사자 사망일로부터 1년)이폐지되었습니다.개정법령은 산업자원부령으로 확정, 2003.8.11일부로 공포/시행되었으며,적용대상은 2002.9.30일 이후 LPG 승용자동차를 소유하던 장애인 및 국가상이유공자가사망한 경우로 그 사망당시 당해 차량을 소유한 보호자 또는 상속받은자가 동 차량을계속 운행하는 경우에만 해당됩니다.'),(1,'[차량구매]장애인차량 구입조건에 대해 알고 싶습니다.','장애인 조건의 차량구입은 장애인 단독명의, 장애인과 주민등록표상 세대를 함께하는 배우자,직계존비속,형제자매 또는 직계비속의 배우자 공동명의로 구입이 가능합니다.단, 몇가지 조건이 붙는데 장애인 공동명의 조건으로 구입하신 차량은 차량출고후 5년간동일조건(주민등록법상 동일세대)를 유지해야 하고 이 조건이 충족되지 않을때 면세받은 금액을납부하셔야 합니다.또한 재구입연한이 만 5년으로 되어있어 기간내에 동일차량을 계속 보유하셔야 되며, 이또한조건 불충족시 면세받으신 세금을 납부하시게 됩니다.'),(1,'[차량구매]현재 장애인조건의 차량을 보유하고 있습니다. 장애인조건 차량의 추가구입이 가능하나요?','▶ 불가합니다.     장애인조건의 차량구입은 장애인 1인당 1대에 한하여 가능하고 신차 구입후 만 5년후 이후     다시 신차구입이 가능합니다.'),(1,'[차량구매]세이브오토 및 M포인트 차감을 통해 차량가격을 할인받았습니다. 그런데 세금계산서상 금액과 차이가 있는데 왜 그런가요?','▶ 세이브오토 및 M포인트는 현대카드사와 공동으로 시행중인 이벤트행사입니다.세이브오토 및 M포인트 사용을 통해 할인받으신 금액은 전액 세금계산서에서 제외되지않고 60%는 현대자동차가, 나머지 40%는 현대카드사에서 지원하고 있습니다.따라서 현대카드사 부담분(40%)은 현대자동차 차량판매에 대한 세금계산서상 할인매출로인식되지 않습니다.'),(1,'[차량구매]차량구입에 관련된 금액은 어떠한 결제방식이 있나요?','▶ 차량구입에 관련된 금액의 결제는 현금, 신용카드 및 할부이용 등의 방법이 있습니다.그 이외 현재 보유차량 매각대금 대체 및 직불카드 등의 이용은 불가합니다.'),(1,'[차량구매]차량 대금을 신용카드로 결제하려고 합니다. 계약자 이외의 다른 사람의 카드로 결제가 가능한가요?','▶ 자동차 구입대금 결제시 본인 이외의 제3자 신용카드를 이용한 결제는 불가능 합니다.2001년 6월 재정경제부와 관련부처의 법률해석 결과, 당사자간의 동의여부를 불문하고구매자 이외의 신용카드를 이용한 거래는 여신전문금융법 제19조에서 <위장매출전표작성행위>에 해당됩니다.따라서 계약자 본인 이외의 제3자 신용카드는 사용하실 수 없습니다.'),(1,'[차량구매]할부금을 카드로 결제할 수 있나요?','▶ 불가능합니다.할부금은 금전채무로 분리되어 있으며, 여신전문금융업법상 금전채권은 카드로결제할 수 없게 되어있습니다.'),(1,'[차량정비](상용) 수동재생 진행 중, 시동을 꺼도 되나요?','재생 중에는 끄지 말아 주시고, 수동재생 탈출 후엔 바로 시동을 꺼도 됩니다.배기정화장치 DPF 내부 이상 고온 현상으로 DPF 및 엔진이 손상될 수 있습니다'),(1,'[차량정비](상용) 주행 중 갑자기 엔진 출력이 떨어지면서 노킹 현상이 나타납니다. 왜 그런가요?','엔진 출력이 급격히 떨어지고 노킹 현상 Knocking, 엔진의 연료실 벽을 작은 망치로 두드리는 듯한 소리가 나는 현상이 지속적으로 발생하면 엔진의 오버히트를 의심해 봐야 합니다.오버히트는 냉각수가 부족하거나 샐 경우, 워터펌프 구동벨트가 끊어진 경우, 냉각팬이 돌지 않을 경우 등 여러 가지 원인으로 인해 엔진이 과열돼 증기가 끓어오르는 현상입니다.이때는 계기판에 있는 냉각수 온도 게이지가 적색 눈금 H을 가리키게 됩니다.겨울철에는 냉각수에 부동액이 들어있지 않거나 엔진 내부가 동결되어 냉각수가 순환하지 못할 때에도 동일한 현상이 발생합니다.주행 중 엔진이 과열돼 오버히트 현상이 발생했을 때는 당황하지 말고 비상경고등을 켠 채 가능한 빨리 도로 옆 안전한 곳에 차를 세웁니다.이때 시동을 바로 끄면 엔진이 고착되기 때문에 변속 레버를 중립에 놓고 약 2 ~ 3분간 시동을 그대로 켜놓은 상태에서 엔진 실내에 통풍이 잘 되도록 후드를 열어 놓고, 냉각수 온도 게이지가 정상 C에 가까워질 때까지 엔진을 냉각시킵니다.후드를 열 때는 뜨거운 수증기나 물이 뿜어져 나오거나 후드 자체가 뜨거울 수 있으므로 주의해야 합니다.공회전 상태에서도 냉각수 온도 게이지가 떨어지지 않으면 시동을 끄고 자연적으로 엔진을 냉각시킵니다.만약 냉각수가 차 밑으로 흘러넘치거나 수증기가 후드 위로 새 나올 경우에는 엔진을 정지시키고 차량을 견인해 정비공장에 입고 후 누수 부위를 점검하고 정비를 받아야 합니다.'),(1,'[차량정비](상용) 주행 중 갑자기 시동이 꺼지는 현상이 발생합니다. 어디에 문제가 있는 것일까요?','주행 중 시동이 꺼져 당황하신 적이 있을 것입니다.시동 꺼짐 현상은 보통 연료계통과 점화계통, 엔진 전자제어계통 등에 이상이 있을 경우 발생합니다.전자제어 가솔린 엔진의 경우 연료 펌프와 연료 필터 막힘, 인젝터·점화 코일·컴퓨터 ECU 고장, 엔진 관련 센서 이상, 엔진 관련 휴즈 단선, 엔진 배선 합선 등이 원인이 될 수 있습니다.LPG를 사용하는 엔진의 경우에는 연료계통 부품 종류가 다를 뿐 가솔린 엔진과 큰 차이는 없으나 베이퍼라이져, 믹서 등의 고장으로 인해서도 시동 꺼짐 현상이 발생할 수 있습니다.디젤 연료를 사용하는 엔진은 기계식과 전자제어식 커먼레일 엔진으로 구분할 수 있는데, 기계식인 경우는 연료 필터 막힘, 연료계통 공기 유입, 인젝션 펌프 고장으로 인해 시동 꺼짐이 발생할 수 있고, 전자제어식인 경우 엔진 관련 센서, 연료 필터 막힘, 연료에 이물질 유입, 커먼레일시스템고압 펌프·레일 압력 센서·인젝터 등, 엔진 관련 휴즈 단선, 배선합선, ECU 고장 등으로 인해서도시동 꺼짐이 발생할 수 있습니다.시동 꺼짐 현상은 운전자의 안전과 직결되는 것이므로 고장 발생 시 정비업체를 필히 방문하여 점검 및 정비를 받아야 합니다.또한 정기적으로 차량 점검을 받아 이상이 없는지 체크를 해주는 것도 시동 꺼짐 현상을 예방할 수 있는 방법입니다.'),(1,'[차량정비](상용) 유로6차량 DPF의 자동재생은 언제 작동하나요?','수트게이지가 5칸에 도달 후, 잠시 후 자동재생 실시됩니다.F/G : 엔진 게이지가 1~5칸에 있더라도 주행거리[버스 400km or트럭 700km]에 도달할 경우에도 재생됩니다'),(1,'[차량정비](상용) 자동재생 도중 신호대기 및 차량 주/정차 시 재생은 어떻게 되나요?','주/정차 및 신호대기 시 IDLE UP되며 재생은 하지 않고, 일정시간 이상 유지 시 재생을 탈출하며, 재주행시 재생 돌입조건에 해당되면 자동재생 됩니다.'),(1,'[차량정비](상용) 자동재생 중 아이들 RPM은 왜 높은가요?','DPF 이상고온에 따른 파손 방지 목적으로 재생 중 아이들 RPM은 상향조정됩니다.F엔진 900, G엔진 1000, H/L엔진 800'),(1,'[차량정비](상용) 자동재생 도중 차량을 멈추고 시동을 꺼도 되나요?','차량을 멈추고, 시동을 꺼도 됩니다.단, 녹색 재생 등이 소거된 후 (약 2분간 소요), 시동 끄시기를 권장합니다. (DPF 이상고온에 따른 파손 방지)'),(1,'[차량정비](상용) 자동재생 돌입 가능 조건은 어떻게 되나요?','엔진이 충분히 웜업 되고,차속이 10km/h↑에서 자동재생 됩니다.F/G : 냉각수 65℃↑, H/LDOC 후단센서 200℃↑, 냉각수60℃↑'),(1,'[차량정비](상용) 수동재생은 언제 하나요?','① 검댕이게이지가 6~8칸에서 황색 수동재생 경고등 점등 시, 진행하시면 됩니다.9칸 이상에서는 서비스센터 조치 필요② 고객이 수동재생을 원할 경우 1~8칸까지 검댕이게이지와 무관하게 돌입 가능합니다.'),(1,'[차량정비](상용) 수동재생 시, 주의해야 할 사항은 무엇인가요?','수동재생 시, 배기정화장치 주변 부가 매우 고온이므로 화재 및 안전사고가 발생할 수 있으므로 인화성 물질이 없는 개방된 공간에서 수동재생을 권장합니다. (배기가스 신체노출 삼가)'),(1,'[차량정비](상용) 수동재생 후 검댕이 게이지가 남아 있어도 상관없나요?','문제없습니다.검댕이 게이지가 1~2칸 정도 남아 있을 수 있지만, 수동재생이 30분 정도 진행 후 정상적으로 종료되었다면 상당량의 검댕이가 제거된 상태이므로 안심하셔도 됩니다. (게이지 변화 없을 시 재실시 필요)'),(1,'[차량정비](상용) 수동재생  가능 조건은 어떻게 되나요?','충분한 엔진 웜업수온게이지 중앙위치, 차량 정차 상태파킹브레이크 체결, 기어중립+수동재생버튼을 3초 이상 누르면 수동재생 시작됩니다.'),(1,'[차량정비](상용 특장) 엑시언트 덤프차량 판 스프링 보증기간이 어떻게 되나요?','엑시언트 덤프 차량 판스프링 보증기간을 아래와 같이 알려드리오니 참고하시기 바랍니다.- 판스프링 센터부프론트/리어 18개월 거리 무관- 판스프링 끝단부프론트 2년거리 무관 적용시점 18년 3월 19일 이후 출고차량'),(1,'[차량정비](상용 특장) 특장 어퍼바디 장착 작업 시 기술적인 지원이나 관련 자료가 필요한 경우가 많이 있습니다. 어디로 문의를 드리면 되나요?','현재 특장 어퍼바디 작업 관련한 기술지원을 위해 상용 특장 웹사이트을 운영하고 있습니다https://bbm.hyundai.com/login/index.do위 웹사이트에 접속하셔서 회원가입을 하시면 바디빌더 매뉴얼 / 바디빌더 드로윙 / 프레임천공도 / 기술통신 / 인증자료 등 열람하실 수 있고 Q&A 게시판을 통해 기타 문의 사항에 대해 답변받으실 수 있습니다.'),(1,'[차량정비](상용 특장) 법인명의지입, 개인사업자, 특장업체 출고 차량은 어떻게 등록하나요?','블루멤버스 실 운행자 등록을 통해 내 차를 등록하실 수 있습니다.'),(1,'[차량정비]정비 예약 확인/취소는 어떻게 하나요?','마이페이지의 정비예약신청내역에서 확인 및 취소가 가능합니다.'),(1,'[차량정비]정비관련 업체구분은 어떻게 하나요?','하이테크센터와 서비스협력사로 구분되어 있습니다.하이테크센터는 저희 현대자동차에서 직영으로 운영하는 정비거점이고서비스협력사는 현대자동차와 협정을 체결후 규정에 의거 당사 고객에게 정비서비스를 제공하는 거점이며,서비스협력사는 다시 종합블루핸즈와 전문블루핸즈로 나누어 집니다.종합블루핸즈란 국가에서 자동차 종합정비업 및 소형정비업으로 등록된 정비업소이며,전문블루핸즈란 국가에서 자동차 부분정비업으로 인가된 정비업소 입니다.'),(1,'[차량정비]차량의 연비가 안 좋은데 어떻게 해야 하지요?','많은 분들이 연비에 대해 질문을 하십니다.질문의 유형은 대략 두 가지 정도로 요약할 수 있습니다.첫 번째는 차량에 부착되어 있는 연비 표시 스티커상의 연비와 실주행시의 연비가 틀린 경우,두 번째는 종전보다 연료가 짧은 시간에 과다 소비될 때입니다.첫 번째 질문에 대한 답변은 연비의 정의나 측정방법에 대해 정확히 알지 못해 제기될 수 있는질문입니다.현재 국내에서 실시되고 있는 연비 측정방법은 0K모드(주행거리 160km이내의 차량을 가지고 테스트)로사용할 운전자가 체감하는 성능과 제원표상 제원과 오차를 최대한 줄이기 위해 정밀 측정되고 있습니다.하지만 운전자가 운행하는 구간의 교통흐름과 도로 상태, 운전 방법, 차량 적재물의 무게, 차량 상태 등연비에 영향을 끼칠 수 있는 요인에 따라 실제 표시연비와는 차이가 날 수 있습니다.두 번째는 차량의 상태와 밀접한 연관이 있습니다.현재의 운행되는 대부분의 차량들은 연료 분사량을 일정하게 유지시켜주기 위해 전자제어를 사용하고있는데, 이 연료 분사량을 결정하는 센서의 고장, 또는 엔진내부의 청결함이 떨어질 때,소모품(엔진오일 · 점화플러그 · 점화케이블 · 배전기캡 · 로터 등)을 제때 교환하자 않았을 경우에도연비가 나빠질 수 있습니다. 즉, 연료가 비정상적으로 과다 소모되는 것이지요.이런 경우 정비업체를 방문해 전문 진단장비를 사용, 엔진 상태를 점검 받아 보는 것이 좋습니다.'),(1,'[차량정비]인터넷으로 정비예약은 어떻게 하는건가요?','현대자동차 홈페이지 주요 메뉴중 [서비스네트워크 검색/예약] 를 접속하셔서 예약을 클릭하시면 됩니다고객님의 이력을 관리하기 위하여 회원로그인을 한 후 신청을 할 수 있도록 하였습니다.정비예약 안내멘트에 따라 해당항목을 클릭하셔서 현재일로 부터 2주 후까지 신청하실 수 있습니다.※ 현대자동차홈페이지 > 고객서비스 > 서비스네트워크 > 서비스네트워크 검색/예약 참조 ▶바로가기'),(1,'[차량정비]탬퍼러리 타이어(임시타이어)를 적용하는 이유가 뭔가요?','템퍼러리 타이어는 풀사이즈 타이어 대비 중량이 약 3~5kg 이상 감소되어 연비 효율성이 높으며,작은 부피로 트렁크의 공간 활용도가 향상되는 장점이 있습니다.이와같은 이유로 전세계 자동차 제조사에서 템퍼러리 타이어를 공통적으로 적용하고 있는 추세입니다.템퍼러리 타이어는 외관 상 일반 타이어보다 작아보이지만, 경도(단단하기)가 높아 주행중 심각한장애가 없는 범위에서 타이어의 동반경(주행중 타이어 사이즈) 차이가 최소화 되도록 개발 되었습니다.또한 주행 안정성을 위하여 제동시 쏠림, ABS 센서 오작동 등 템퍼러리의 안전성 검증 후적용되었습니다.다만, 주행중 타이어 펑크 등 비상 상황에서 템퍼러리 타이어로 장착 후 시속 80km를 유지한다면템퍼러리 타이어는 실용적이며 안전하게 사용할 수 있습니다.'),(1,'[차량정비]자동차에서 소음이 생기는 경우, 리콜을 받을 수 있나요?','리콜을 잘못 정의하여 제품에 문제가 생겼을 경우 제품 자체를 교환해주는 것으로 알고 있거나,어떤 고장이든 리콜 해야 한다고 생각하는 경우가 종종 있습니다. 이는 자동차회사에서 자체적으로제품 성능을 높이기 위하여 실시하고 있는 서비스 활동을 리콜이라고 오해해서 발생되는 상황입니다.리콜(Recall)은 사전적 의미로 불량 제품의 회수를 뜻하며 다른 용어로는 \"\"call back\"\" 이라고도 합니다.자동차 회사에서는 제품에서 \"\"안전에 관련된 문제\"\" 가 확인되었을 경우 언론기관에 발표를 하고대상고객에게 반드시 고객통지문을 발송, 불량의 원인이 되는 부품을 100% 수거해 점검하고문제되는 부분에 대해 개선된 부품으로 교환 · 수리하는 것을 리콜로 정의하고 있습니다.이 정의에 따르면 자동차에서 소음이 생기는 경우는 안전과 관련된 부분이 아니기 때문에 리콜은받을 수 없습니다. 하지만 소비자의 만족도를 높이기 위하여 차후에 개선된 부품을 무상으로교체해드리거나, 보증수리를 통해 문제를 해결합니다.리콜은 소비자의 재산과 생명을 보호하며 동시에 기업의 신뢰성, 성실성을 가늠할 수 있는 잣대입니다.기업은 소비자에게 피해가 발생하지 않도록 제품의 제작, 생산, 판매뿐 아니라 리콜, 보증수리를해주며 끝까지 최선을 다해야 할 것입니다.'),(1,'[차량정비]에어백은 언제 터지나요? 에어백의 작동 조건을 알고 싶습니다.','에어백은 모든 충돌시에 무조건 작동되는 것은 아닙니다.사소한 충돌에도 에어백이 펼쳐지면, 이를 다시 장착하는 데에 많은 시간과 경제력이 소비되기 때문에정확한 조건하에서만 작동 되도록 설계되어 있습니다. 충돌방향, 충돌부위, 충돌정도가 작동조건에서벗어나 있으면 에어백은 작동하지 않습니다.정면 에어백 :정면 에어백(운전석 및 동승석[사양 적용시] 에어백)은 일반적으로 차량 정면, 가운데를 중심으로 약간 왼쪽부터약간 오른쪽까지 충격이 있을 때, 정면 충돌 센서에 충격이 전달되면 충돌의 세기, 차량의 속도 또는 충돌 각도에따라 에어백 제어 모듈에서 판단하여 작동되어 집니다.측면 에어백 :측면 에어백(사이드 및 커튼 에어백)은 측면 충돌 시, 측면 충돌 센서에 충격이 전달될 때 충돌의 세기, 차량의 속도또는 충돌 각도에 따라 에어백 제어 모듈에서 판단하여 작동되어집니다.'),(1,'[차량정비]에어백을 장착하는 것이 오히려 사고시 위험하다는 이야기가 있던데, 정말인가요?','에어백의 역할은 치명적인 사고로부터 운전자와 탑승자를 좀더 안전하게 보호하는 것입니다.하지만 갑작스런 팽창시에는 가벼운 찰과상 등을 입을 수도 있습니다. 또한 정상 체중의 성인을기준으로 개발됐고 충격시 작동시간도 0.05초 정도밖에 되지 않기 때문에 간혹 작은 체구의 여성이나어린이에게 뜻밖의 충격을 입힐 수도 있습니다.따라서 조수석에 에어백이 설치된 차량에는 어린이나 작은 체구의 여성을 태우는 일은 삼가는 것이좋습니다. 이외에도 에어백을 좀더 안전하게 이용하기 위해 지켜야 할 일반적인 주의사항이있습니다.운전대에 너무 가깝게 다가선 자세로 운전한다거나 에어백이 장착된 공간 위에 손이나 발, 물건 등을올려놓는 것은 피해야 합니다. 만일의 경우 손과 발에 의한 충격으로 에어백이 터질 수 있고, 에어백이작동될 때 올려놓은 물건에 의해 부상을 당할 수 있기 때문입니다. 그리고 \"\"안전벨트의 작용을 보조하여충돌 시에 탑승자의 충격을 경감시키는 것\"\"이라는 에어백의 원래 의미를 생각해 볼 때 무엇보다안전벨트를 착용하는 것이 에어백의 효과를 높이는 지름길일 것입니다.에어백을 장착한 차량은 그만큼 더 안전하다는 것을 의미하지만 사고시 100% 안전을 보장하는 것은아닙니다. 에어백은 어디까지나 안전 보조기구입니다. 따라서 무엇보다 중요한 것은 사고가 나기 전에운전자 자신이 안전운행을 하려는 노력을 기울이는 것입니다.'),(1,'[차량정비]냉매량이 부족한지 에어컨 냉방성능이 떨어진 것 같습니다. 어떻게 하면 좋을까요?','에어컨 바람은 정상적으로 나오지만 냉방이 안 되는 경우에는 우선 바람의 온도가 어느 정도인지손으로 체크해 봅니다. 시원하지 않거나 더운 기운이 느껴지면 에어컨의 냉매가 부족해 찬 공기를내뿜지 못하는 상태입니다.에어컨 냉매는 소모되는 것이 아닙니다. 따라서 신차 출고 이후 3년 이내에 충격이나 사고가 없었는데이와같은 현상이 발생하면 차에 이상이 있는 것이니 정비공장을 방문하여 검사를 받아 보는 것이좋습니다. 정비공장에 입고하여 에어컨 냉매압 시험이나 형광물 투입법, 냉매 누출 센서기를 이용하여냉매 누출 여부를 확인하고 냉매를 채워주어야 합니다.위와 같이 냉매가 눈에 띄게 줄어들지는 않았더라도 에어컨 시스템에는 숨구멍이라는 것이 있어미세량이 빠져 나갈 수 있기 때문에 예방점검 차원에서 2~3년 주기로 냉매량을 점검해 주어야 합니다.또 여름철만 되면 냉매를 교환해야 되는 것으로 아는 운전자들이 많은데, 이는 잘못된 상식입니다.본격적인 여름철이 되기 전에 냉매의 누출 여부를 확인한 뒤 부족분만 채우면 됩니다.에어컨 관리를 잘 할수록 쾌적하고 시원한 여름을 보낼 수 있다는 것을 잊지 말아야 하겠습니다.'),(1,'[차량정비]오랜만에 에어컨을 켰는데, 냄새가 납니다. 어떻게 청소하면 좋을까요?','오랜만에 켠 에어컨에서 냄새가 나는 것은 바람이 방출되는 에어컨 내부 청소를 제대로 하지 않아,남아있던 수분과 먼지가 곰팡이 균으로 변했기 때문입니다.에어컨을 자주 사용하더라도 대부분 단순히 스위치 조작으로 작동시키는 것에만 신경을 쓸 뿐내부 청소에는 소홀하기 마련입니다.그렇다고 청소를 하려고 인스트루먼트 판넬(크러쉬패드)을 모두 떼거나 정비소를 방문해 청소하기는번거롭기만 합니다. 그래서 많이 사용하는 것이 스프레이 형식의 보조용품입니다.하지만 냄새 제거 효과가 오래 유지되지는 않습니다.더 큰 효과를 보려면 냄새의 원인인 차량 내부의 수분과 먼지가 차량 외부로 방출될 수 있도록환기를 시켜주어야 합니다. 에어컨을 환기시킬 때에는 차문을 전부 열고 히터 위치에서 송풍을고단에 놓는 것이 좋습니다. 이렇게 하면 쌓여 있던 먼지가 밖으로 방출이 되고,바람이 나오는방출구 내부가 마르면서 냄새가 제거됩니다.또 항균 필터(에어컨 필터)가 장착되어 있는 차량은 항균 필터 상태를 확인하고 자주 교환해 주는 것이좋습니다. 교환 주기는 주변의 대기환경 오염 정도에 따라 다르지만 평균 10,000～20,000km사이에교환해 주는 것이 좋습니다.★올바른 에어컨 사용요령 안내★①에어컨 스위치를 항상 켜놓지 맙시다.☞에어컨 스위치를 켜둔 상태에서 차 시동을 걸 경우, 에어컨 컴프레셔(압축기)를 함께 작동시키는과정에서 부하가 발생되고, 시동모터와 배터리에도 무리를 줄 수 있으므로 시동 후나 신호대기시켜는 것이 좋습니다.②목적지 도착 3분 전에 에어컨을 끄십시오.☞에어컨을 끌 때는 목적지 도착 2~3분 전에 미리 끄는 게 좋습니다.에어컨을 사용하면 외부와의 기온 차 때문에 에어컨 에바퍼레이터(증발기)에 응축수가 생깁니다.목적지 도착 2~3분 전에 에어컨 스위치를 끈채 바람만 나오게하면 공기통로에 남아있는 수분을건조시켜 곰팡이가 증식하는 것을 방지할 수 있습니다.그렇지 않으면 응축수가 먼지와 엉겨 곰팡이가 증식하게 되고 냄새를 유발하는 원인이 됩니다.아울러 에어컨을 꺼도 한동안 시원한 상태가 유지돼 조금이라도 연료를 아끼는 효과도 있습니다.'),(1,'[차량정비]겨울철 창문에 생기는 김서림, 신속히 제거하는 방법이 없을까요?','겨울철 차량 창문 안쪽 김서림으로 바깥이 보이지 않아 운전하는 데 장애가 된 적이 많으실 겁니다.아무리 닦고 닦아도 사라지지 않아 짜증을 낳는 김서림. 김서림은 대기 중에 포함되어 있는 수분과온도 때문에 생기는 현상입니다. 대기 중 수분은 찬 곳으로 이동해 열을 뺏으려는 성질이 있는데,차량 내부의 수분이 차가운 차창 주위 에 몰려 김이 서리게 되는 것입니다.특히, 겨울철에는 창문을 꼭 닫아 둔 채 오랜 시간 운행하는 경우가 많아 운전자와 탑승자의 호흡으로배출된 습기가 차 안의 습도를 더욱 높이게 됩니다.이러한 김서림을 없애기 위해선 차량 내부 온도와 바깥 온도를 같도록 유지시켜 주는 것이 가장 좋은방법입니다. 차장을 열고 신선한 공기를 유입시켜 안팎 온도를 순간적으로 맞춰 주면 금방 없어집니다.제습 기능을 하는 에어컨을 작동시켜 강제로 습기를 없애는 것도 좋은 방법입니다.현재 생산되는 차량들은 풍향을 창문이나 창문과 발 아래쪽으로 조정할 때 자동으로 에어컨이작동하도록 되어 있는데, 2000년 이전에 생산된 차량들은 에어컨을 수동으로 켜야 하기에 여러 번스위치나 컨트롤러를 작동해야 하므로 불편할 수 있습니다.이러한 불편함을 없애기 위해서는 김서림이 생기지 않도록 미리 예방하는 것이 가장 좋은 방법일 것입니다. 평소 차량 실내가 눅눅해지지 않도록 히터를 사용해 적정한 습도를 유지해 주는 것이중요하며 시중에 판매되고 있는 김서림 방지제를 이용하는 것도 한 방법입니다.'),(1,'[차량정비]자동변속기 차량의 HOLD, O/D OFF 버튼은 어떤 때 써야 합니까?','HOLD는 ‘잠근다’라는 표현이 적절한 것 같습니다.눈길이나 빙판길에서는 스노우 체인을 써서 출발하거나 주행하는 것이 큰 도움이 되겠지만스노우 체인을 당장 감고 운행할 수 없을 때는 회전력이 큰 1단 기어보다 2단 기어로 출발하는 것이타이어의 슬립을 줄여 출발을 쉽게 합니다.자동변속기는 모든 출발이 1단이고 사용자의 마음대로 변속을 할 수 없으므로 HOLD를 사용하면D상태에서 2단으로 출발하므로 운행을 쉽게 합니다. 또한 2, 1(L) 변속 레버를 변경시 HOLD를작동시키면 기어를 고정시켜 주는 구실을 합니다.O/D OFF는 ‘over drive off’ 즉 ‘높은 단수를 제어한다’는 의미입니다.D레인지 상태에서 언덕길 주행이나 급가속이 필요한 경우 O/D OFF를 쓰게 되면 4단으로 주행하던 것을 3단으로 내려 주행시키고 4단으로는 변속이 되지 않게 하는 구실을 합니다.간혹 D레인지 상태에서 언덕길을 주행하다 보면 60km이상에서 엔진에 힘이 떨어지고 가속 페달을 깊게밟아도 차량이 탄력을 받지 않는 것을 경험하셨을 것입니다. 수동변속기 차량이라면 운전자가 직접변속을 제어할 수 있지만 자동변속기 차량은 컴퓨터의 신호에 따라 변속이 되므로 적절한 변속을이룰 수 없는 경우가 있기에 O/D OFF를 쓰면 운행이 쉬워집니다.또한 HOLD의 기능과 같이 2(2단 출발 2단 주행), 1(L:1단 출발, 1단 주행)에서 기어를 고정시켜 주는일을 합니다. 자동변속기 차량을 잘 알고 쓰면 수동변속기보다 더 편하고 경제성 있게 운행할 수있음을 잊지 말아야 합니다.'),(1,'[차량정비]블루투스 등록 방법','블루투스 휴대폰 등록(AVN)1. 스티어링 리모트 컨트롤의 “통화”버튼 또는 헤드유닛의 “PHONE” 버튼을 누릅니다.2. ”신규기기 검색” 메시지 창이 표시되면, “예”버튼을 선택 합니다.3. 폰 신규 검색창이 표시되면, 주변에 있는 블루투스 휴대폰을 검색합니다.4. 검색목록 화면에서 연결을 원하는 리스트를 선택합니다. 만약 검색결과가 표시되지 않으면 “재검색”버튼을 누릅니다.5. 블루투스 휴대폰에서 인증번호를 입력한 후 블루투스 휴대폰의 “확인”버튼을 누르면 헤드유닛과 연결됩니다.6. 인증번호 입력이 되지 않거나 등록에 실패할 경우 “재시도” 메시지 창이 표시됩니다. “예” 버튼을 선택하여 등록을 재시도 합니다.블루투스 휴대폰 등록1. “SETUP” 키를 누르십시오.2. “PHONE” 메뉴를 선택하십시오.3. “PAIR”를 선택하십시오.4. 폰의 이름을 말씀하십시오. (예: 홍길동, 현대/기아 자동차 등)5. 블루투스 등록 모드 화면으로 변경되며 이전 연결된 폰은 연결 해제됩니다.6. 블루투스 휴대폰을 이용하여 핸즈프리 기기를 검색 하십시오.※ 블루트스 등록방법은 휴대폰 제조사 마다 상이하므로 휴대폰 설명서를 참조하십시오.7. 블루투스 휴대폰에 비밀번호 요구 시 블루투스 등록 모드에 표시된 인증번호(“0000”)를 입력하십시오.8. 등록과정이 종료되면 “등록이 완료 되었습니다.” 또는 “등록이 실패하였습니다.”라고 음성안내를 합니다.※ 현대자동차 홈폐이지 > 고객서비스 > 차량 관리 서비스 > 스마트기기 연계 서비스 > 블루투스 호환 안내 바로가기 ▶'),(1,'[차량정비]차량별 와이퍼 사이즈,핸들사이즈,전구 규격 사이즈 문의','취급설명서 8장 차량 제원편 확인 바랍니다.상세하게 수록되었습니다.※ 현대자동차 홈폐이지 > 하단 \'자료실\' 에서 차종별 취급설명서 검색 ▶바로가기'),(1,'[홈페이지]실 운행자 등록 방법은 어떻게 되나요?','내 차로 등록한 차량에 한하여 실 운행자 지정이 가능합니다.승상용 통합 회원으로 가입한 고객의 통합 이메일 ID 및 이름으로 검색 후 지정이 가능합니다.'),(1,'[홈페이지]차량을 판매한 경우 어떻게 하나요?','마이페이지에서 보유차량 삭제를 눌러주시면 더 이상 차량 정보 표출이 되지 않습니다.'),(1,'[홈페이지]내 차가 아닌 다른 차량이 보입니다.','차량을 다른 운전자에게 판매하신 뒤에도 내 차 정보에서 지속하여 정보가 표출될 경우, 직접 내 차 정보에서 차량 삭제 기능을 통하여 삭제할 수 있습니다.'),(1,'[홈페이지]실 운행자 등록 시 사용 가능한 기능은 무엇인가요?','실 운행자로 등록되신 경우에 정비예약, 수리 이력 확인 등 차량운행 시 필요한 기능 활용이 가능합니다.'),(1,'[홈페이지]내 차 정보가 안 보여요.','현대닷컴 홈페이지 혹은 지점/대리점 방문을 통해서 실 운행자 등록 가능합니다.https://www.hyundai.com/kr/ko/service-membership/bluemembers/car-register/bluemembers-car-register중고차 구매 시 보유하신 차량이 조회가 되지 않는다면, 마이현대 앱 혹은 가까운 블루핸즈 방문을 통해 인증을 받으셔야 합니다.'),(1,'[홈페이지]취급설명서는 어디서 다운 받나요?','취급설명서는 홈페이지 디지털/고객지원 > Help Desk > 사용설명서 다운로드(자료실)에서 다운로드가 가능합니다.https://www.hyundai.com/kr/ko/digital-customer-support/helpdesk/download-center'),(1,'[홈페이지]내비게이션 시스템 업그레이드는 어디서 하나요?','디지털/고객지원 > 업데이트 > SW업데이트 (내비/캠)에서 확인 가능합니다.https://www.hyundai.com/kr/ko/digital-customer-support/update/navigation-update'),(1,'[홈페이지]계정 통합 시, 선택하지 않은 계정은 어떻게 되나요? 가입 정보 (이름, 생년월일 등)도 통합되나요?','· 선택하지 않은 계정은 자동으로 탈퇴처리 됩니다. 이후 ID 찾기 진행하시면 검색되지 않습니다.· 이름, 생년월일 등 가입정보가 다를 경우, 최근 본인인증 받은 정보로 업데이트/수정 됩니다.'),(1,'[홈페이지]저는 5개 ID를 가지고 있는데, 계정 통합 화면에는 왜 2개 ID만 표시되는 건가요?','· 계정 통합은 2개 ID를 대상으로만 진행됩니다. (① 현재 로그인하려는 ID, ② 기존에 현대닷컴 가입된 ID)· 이후 제 3의 ID로 로그인 하실 경우, 다시 한 번 본인 인증과 계정 통합 절차가 진행됩니다.'),(1,'[홈페이지]기존에 이미 사용하고 있던 ID인데, 왜 다시 본인 인증과 계정 통합을 해야 하나요?','· 여러 개 ID 보유한 고객으로 ID 혼란으로 인한 고객 문의가 많이 발생하고 있습니다. 이에 회원 1명 당 1개의 ID만 이용할 수 있도록 변경되었습니다.(블루링크 등 현대자동차 타 서비스 동일)· 기존에 여러 개 ID를 보유하셨던 고객이라면, ID 통합을 위해서 본인인증과 계정 통합을 진행해주세요. 통합된 ID로 현대닷컴, 블루링크, 디지털 키, 마이현대에서 동일하게 사용 가능합니다.※ 디지털 키에 가입하신 고객이라면 ‘휴대폰 인증’을 통해 본인인증 받으셔야 서비스 이용이 가능합니다. (아이핀 인증 시, 이후 휴대폰 본인인증 재 요청됨)· 계정 통합 절차를 진행하지 않으시면 해당 ID로 서비스 이용이 불가합니다. (필수)'),(1,'[홈페이지]이메일 인증 받지 않으면 가입이 안 되는 건가요? 가입 절차가 너무 번거롭습니다.','· 오타 등으로 잘못된 이메일을 입력 하셔서, 향후 비밀번호 찾기 등이 진행되지 않는 경우가 많이 발생합니다.· 다른 사람의 이메일 아이디로 먼저 가입하여, 이후 이메일 소유자가 가입하지 못하는 경우가 발생하고 있습니다.· 이런 부작용을 방지하기 위하여 다소 번거롭지만, 본인 이메일 임을 인증하는 절차가 추가되었습니다.· 반드시 본인 이메일로 가입을 부탁드리며, 타인 이메일 및 타인 정보로 무단 가입 시 회원 자격이 해지될 수 있습니다.'),(1,'[홈페이지]이미 가입되어 있는 ID가 있다고 하는데, 아이디를 바꾸고 싶어요. (사용하지 않는 ID, 퇴사한 회사의 ID 등)','· 계정 변경은 불가하며,’ 탈퇴 후 재가입’ 부탁 드립니다.· 현대통합계정은 임의로 변경되지 못하게 관리하고 있습니다. ID 변경을 원하실 경우 ‘통합계정 탈퇴’ 이후 재가입해주셔야 합니다.(단, 계정 탈퇴 시 가입하신 서비스가 함께 탈퇴되니 유의사항을 꼭 확인해주세요.)※ 계정 탈퇴 하는 법현대닷컴 로그인 > 마이페이지 > 개인정보수정 > 현대닷컴서비스탈퇴 탭 > 두 개 버튼 중 아래 ‘현대자동차 통합계정 탈퇴’ 버튼 클릭'),(1,'[홈페이지]본인 명의 폰도 없고, 아이핀 발급받기 번거로운데 꼭 본인인증을 받아야 하나요?','· [기존] 본인 인증만 받으면 이메일 여러 개 가입 가능 >>> [1인1계정 적용] 처음 본인인증 받아 가입한 계정 外, 다른 계정은 생성되지 않도록 변경되었습니다.· 기존에는 여러 ID가 생성되어 고객 혼란이 심했습니다. 이에 1인 1아이디 정책을 적용하여 이후 여러 개 ID를 검색/PW 초기화 해야하는 번거로움을 줄이려고 합니다.본인 인증은 이 정책을 위해 필요한 절차이므로 최초 1회만 본인인증 해주시면 되겠습니다. (이후에는 본인인증 정보 보관/저장함)'),(1,'[홈페이지]\"예상하지 못한 오류가 발생했습니다.\" 메시지가 표시됩니다.','시스템에서 작업 오류가 발생하는 경우 표시됩니다. 1시간 후에도 동일한 메시지가 보이는 경우에는 다음 방법 중 하나를 시도해 주세요.· 브라우저의 쿠키와 캐시를 삭제하세요· 다른 브라우저를 사용하세요. 예를 들어, 인터넷 익스플로러를 사용하고 있다면 크롬 또는 Safari를 이용해서 접속하세요. 브라우저가 최신 버전이 아닌 경우에는 이용에 제한이 있을 수 있습니다.제시된 모든 방법으로도 해결되지 않는다면 홈페이지 Q&A 및 고객센터로 문의주세요. 문제화면의 스크린샷을 첨부하시면 원인파악에 도움이 됩니다.'),(1,'[홈페이지]현대닷컴 로그인 계정을 변경하고 싶습니다.','계정 변경은 불가하며, ‘탈퇴 후 재가입’ 부탁 드립니다.현대닷컴 계정은 임의로 변경되지 못하게 관리하고 있습니다.ID 변경을 원하실 경우, ‘통합계정 탈퇴’ 이후 재가입해주셔야 합니다.(단, 계정 탈퇴 시 가입하신 서비스가 함께 탈퇴되니 유의사항을 꼭 참고해주세요)※ 계정탈퇴 하는 법현대닷컴 로그인 → 마이페이지 → 개인정보수정 → 현대닷컴서비스탈퇴 탭 → 최하단 ‘현대자동차 통합계정 탈퇴’ 링크 클릭'),(1,'[홈페이지]휴대폰 인증 SMS가 오지 않습니다.','휴대폰 번호를 정확하게 입력해주세요.현대닷컴에서 이메일 계정 입력 시 종종 오타로 인해 SMS 발송이 실패하는 경우가 있습니다.핸드폰 번호는 공백 및 특수문자 (-) 없이 숫자만 입력 부탁 드립니다. (ex. 01012345678 (O), 010 1234 5678 (X), 010-1234-5678 (X) )휴대폰에서 번호를 차단하셨나요?차단 설정, 통신사 정책 등으로 인증 SMS가 발송되지 않는 경우가 있습니다.보유하신 휴대폰에서 메시지 App. > 설정 > 메시지 차단/스팸번호를 확인 부탁 드립니다.※ 자세한 설정 방법은 휴대폰 제조사 홈페이지를 참고해주세요.만약 차단하지 않은 경우에도 SMS가 수신되지 않을 경우, 각 이동통신사로 확인 부탁 드립니다.(휴대폰인증보호 서비스 가입 등 확인 필요)'),(1,'[홈페이지]로그인 시 비밀번호가 맞지 않다고 합니다.','비밀번호 찾기를 통해 비밀번호 재설정을 해주세요.① 로그인 창에서 “아이디 확인 및 비밀번호 초기화” 클릭② “이메일로 비밀번호 초기화” 클릭③ 생년월일과 현대닷컴에 가입한 이메일 입력④ 이메일로 발송된 인증번호를 10분 내에 입력(도착하지 않았을 경우, 입력 주소와 스팸메일함 확인)⑤ 신규 비밀번호 입력 후 다시 로그인※ “이메일로 비밀번호 초기화”를 이용해주세요- 모바일로 비밀번호 초기화를 진행할 경우, 최종적으로 로그인했던 ID에 대해서만 진행하게 됩니다. (일괄변경 X)- 여러 개의 통합아이디를 보유하신 고객은 해당 메뉴로 PW 변경이 어려우니, 이메일로 비밀번호 초기화를 이용해주세요.'),(1,'[홈페이지]로그인 시 다른 계정으로 로그인하라고 나옵니다.','기존에 가입하신 내역이 존재하는 경우입니다. (현대자동차 홈페이지는 1인 1계정 원칙)이미 가입하신 현대닷컴 아이디가 있으신 경우로, 팝업창에서 안내드린 계정으로 다시 로그인하여 주세요.비밀번호를 분실하신 경우, 로그인 > ID/비밀번호 찾기 > 이메일로 비밀번호 초기화를 이용해주세요.[비밀번호 찾기 프로세스]로그인 클릭 → 아이디/비밀번호 찾기 → 이메일로 비번 초기화 → 가입한 이메일 입력 → 인증번호 입력 / 재설정'),(1,'[홈페이지]차량관리 / 블루멤버스 / 마이카스토리 앱에 로그인이 안됩니다.','기존에 사용하시던 계정이 준회원 계정이시면, 정회원으로 신규가입이 필요합니다.예전 현대닷컴의 준회원 계정으로는 해당 서비스를 이용하실 수가 없습니다.따라서 현대닷컴의 다양한 서비스를 이용하기 위해서는 현대닷컴에서 정회원 신규 가입을 하신 후 이용해 주시기 바랍니다.2/11 오픈 시점을 기준으로 연동된 자동로그인이 해제됩니다. (시스템이 개편되었기 때문에 발생하는 현상)또한 차량관리, 블루멤버스, 마이카스토리 등은 준회원 서비스가 아닌 정회원 서비스이므로 회원전환 시 정회원으로 가입해 주셔야 합니다.'),(1,'[홈페이지]준회원은 왜 폐지되었나요. 기존 ID를 사용하지 못하는 이유는 무엇인가요?','현대닷컴은 본인 인증된 정회원 중심의 회원 체계로 개편되었습니다. (1인 1계정)준회원 (간편가입/소셜가입)의 경우,가입 절차는 매우 간편하나 많은 서비스 이용에 제한이 있었습니다. (소유차량 등록, 포인트 조회 불가, 이벤트 참여 불가 등)또한 한 고객이 여러 ID를 사용함으로써, 서비스 이용에 혼란을 주는 경우가 많이 발생하였습니다.‘본인 인증’을 통해 정회원으로 가입하시고, 보유차량 등록, 포인트 조회, 이벤트 참여 등 더 많은 혜택을 경험해보세요.정회원의 경우,기존에 사용하시던 ID/PW를 그대로 사용하실 수 있습니다. (다만, 최초 1회 로그인 시 약관 동의와 PIN 입력 필요)기존에 연동되어있던 소셜연동 계정 또한 그대로 이용 가능하십니다. (고객 편의를 위해 제한적으로 허용)다만 신규 소셜계정을 추가 연동하는 부분은 앞으로 제한됩니다. (현대닷컴은 1인 1계정 정책 시행)'),(1,'[홈페이지]회원가입을 해야만 현대닷컴을 이용할 수 있나요?','회원가입을 하지 않으셔도 다양한 서비스를 이용하실 수 있습니다만, 회원가입을 하시면 좀더 다양하고 개인화된 서비스를 이용하실 수 있습니다.별도 회원가입 및 로그인을 하지 않으셔도 현대닷컴 내 많은 서비스를 이용하실 수 있습니다만,회원가입을 하시면 상세 견적 내기, 구매상담신청, 시승신청, 서비스네트워크예약, 마이페이지 등 일부 주요 서비스를 이용하실 수 있습니다.'),(1,'[홈페이지]회원탈퇴 및 재가입을 원할때는 어떻게 해야 하나요?','현대자동차 홈페이지에서는 로그인 상태에서만 회원탈퇴 신청을 하실 수 있으며,‘마이페이지’ 에서 [개인정보 수정] 버튼을 클릭하여 ‘회원탈퇴’ 메뉴를 찾으실 수 있습니다.현대자동차 홈페이지 회원 탈퇴 시 즉시 회원정보 및 인증정보와 홈페이지 자체서비스 내역 (이벤트 응모 등) 이 모두 삭제되오니 유의하시기 바랍니다.회원탈퇴를 완료하더라도 블루멤버스 멤버십(멤버십포인트, 멤버십카드 등) 은 유지됩니다.회원탈퇴 후 재가입은 언제나 가능하나, 이미 삭제된 데이터는 복구가 불가능하오니 이점 유의바랍니다.'),(1,'[홈페이지]비밀번호 및 개인정보를 변경하고 싶을때는 어떻게 해야 하나요?','비밀번호 및 개인정보 변경은 로그인을 하신 후 홈페이지 우측상단에 있는 [마이페이지] 메뉴를 이용해주시기 바랍니다. 현대자동차에서 제공해드리는 서비스의 정상적인 이용을 위해서 주소와 전화번호, 이메일 주소는 항상 최신정보로 유지해주시기 바랍니다.'),(1,'[홈페이지]‘인터넷 멤버스클럽’은 어떤 서비스인가요?','‘인터넷 멤버스클럽’은 인터넷을 이용하시는 현대자동차 구입 고객님의 즐겁고 편리한 자동차 생활을 지원해 드리기 위해 마련한 구입 고객 서비스의 이름입니다.'),(1,'[홈페이지]‘인터넷 멤버스클럽’은 언제부터 시작했나요?','2004년 10월25일부터 시작했습니다.'),(1,'[홈페이지]‘인터넷 멤버스클럽’ 서비스는 누구에게 제공됩니까?','현대자동차를 구입하신 고객이시면서 현대자동차 홈페이지 회원으로 가입하신 고객님께 제공해 드립니다. (회원가입하기)'),(1,'[홈페이지]‘인터넷 멤버스클럽’ 서비스 신청은 어떻게 합니까?','현대자동차 홈페이지의 회원 가입을 클릭하시고, 신청 과정을 거치면 됩니다. (서비스 신청 하기)'),(1,'[홈페이지]‘인터넷 멤버스클럽’ 서비스를 신청하면, 어떤 서비스를 받을 수 있나요?','구입하신 차종, 운행기간, 거주 지역 등에 의해 고객님께 꼭 필요한 맞춤형 정보와 다양한 서비스를 자동차를 이용하시는 동안 지속적으로 받으실 수 있습니다. 1) 내차 정보 조회 - 고객님의 구입 이력, 계약금 및 인도금 입금 현황, 할부 내용, 정비 이력, 탁송 정보, 전담 정비 센터, 전담 카마스터 정보 등을 조회하실 수 있습니다. 2) 운행 지원 서비스 - 고객님이 운행하시는 차량의 주행거리별 관리 및 점검사항, 운전 요령, 최저가 주유소 정보, 드라이빙 날씨 등에 관한 맞춤형 정보를 받으실 수 있습니다. 또한 구입년차별로 별도 마련한 경품 서비스도 받으실 수 있습니다. 3) 자동차 생활 서비스 - 고객님의 거주 지역이나 관심 사항에 따라 생활, 여행, 취미, 레저, 문화 등에 관한 맞춤형 정보를 받으실 수 있습니다. 예를 들어 여행지 소개의 경우 해당지역의 날씨, 가는 길, 고객 거주지에서 목적지까지의 최단거리 검색, 최저가 주유소, 주차장, 세차장 정보가 지도찾기 기능과 함께 자동으로 제공됩니다. 4) 구매 지원 서비스 - 관심 차종이나 구매 예정 시점을 기입하시면, 관심 차종에 대한 최신 정보와 더불어 구매 예정 시점에는 차량 정보, 구매 조건, 이벤트 안내, 할인 혜택 등의 서비스를 받으실 수 있습니다. (관심 차종 등록하기, 구매 예정 시기 등록하기) 5) 프리미엄 컨텐츠 서비스 - 재테크 동영상 강좌 및 상담서비스, 골프 동영상 강좌, 영어/중국어 동영상 강좌, 해외 최신 경영/경제 신서 요약서비스, 날씨 SMS 안내 등 양질의 유료 컨텐츠를 인터넷 멤버스클럽 회원에게 무료로 제공해드립니다. 단, 프리미엄 서비스는 “추가 정보” 항목을 기입하신 고객님께 제공해 드립니다. (추가정보 등록하기)'),(1,'[홈페이지]현대자동차 홈페이지에 있는 저작물 사용시 어떤 제한을 받습니까?','현대자동차(주)의 홈페이지 (이하 \'홈페이지\'라 함)에는 현대자동차(주) (이하 \'회사\'라 함)에서 저작권을 갖고 있는 텍스트, 이미지, 사진, 영상물, VR, 플래시, 사운드 등의 저작물 (이하 \'저작물\'라고 함)이 포함되어 있습니다. 이러한 저작물은 대한민국 저작권법의 보호를 받습니다. 따라서 이를 이용하고자 할 경우에는 회사의 사전 허가를 받아야 하며, 허가를 받은 경우에도 아래의 요건을 준수하여야 합니다.- 법인 및 단체나 제품 등이 현대자동차의 후원ㆍ협력ㆍ보증을 받는 것처럼 오인되도록 사용해서는 안됩니다.- 회사 및 그 제품을 비방하거나 부정적인 이미지를 줄 수 있는 용도로 이용해서는 안됩니다.- 저작물의 크기 조정이나 저작물의 변형, 가공이 필요할 경우 반드시 회사의 사전 허가를 얻어야 합니다.- 저작물의 이용에 따라 생긴 손실이나 결과에 대해 회사는 어떠한 책임도 지지 않습니다.- 어떠한 경우에도 현대자동차 웹 사이트의 페이지를 통째로 복제해서 사용해 서는 안됩니다.회사의 허가 없이 저작물을 복제, 다운로드, 출판, 배포, 소스 이용 등으로 사용할 경우에는 모든 법적인 책임을 지셔야 합니다. 또한 현대자동차 웹 사이트를 귀하나 귀하의 회사ㆍ단체 등의 웹사이트에 링크하는 것은 회사의 허가를 받아야 하며, 이 경우에도 \"현대자동차 홈페이지로\", \"www.hyundai-motor.com으로\" 등 링크 사실을 알리는 표현과 함께 사용해야 합니다.'),(1,'[홈페이지]제품 카달로그나 설명서의 내용을 사용해도 되는지 궁금합니다.','개인적인 용도나 비상업적인 용도로 현대자동차 제품의 카탈로그나 설명서 등의 일부를 인용 및 사용하는 경우에는 회사의 승인을 얻을 필요가 없습니다. 단, \"위 자료의 저작권은 현대자동차에 있습니다\"와 같은 표현과 함께 사용하여 저작권이 현대자동차에 있음을 명시해야 합니다. 또한 현대자동차 및 그 제품을 비방하는 목적으로 사용해서는 안되며, 귀하나 귀하의 회사ㆍ사업ㆍ단체 등이 현대자동차의 후원ㆍ협력ㆍ보증을 받는 것처럼 오인될 수 있는 외관으로 사용해서는 안됩니다. 상업적인 용도로 사용하고자 할 때는 현대자동차 법무팀의 사전 승인을 받아야 합니다.'),(1,'[블루멤버스][바디케어 서비스] 출고 이후에, 가입 상품을 변경하는 것이 가능할까요?','변경을 원하시면 기존 가입하신 상품 취소 후 변경 상품으로 재 가입하시면 됩니다.(단, 출고일 포함 30일 이내에만 재가입 가능합니다.)'),(1,'[블루멤버스][바디케어 서비스] 서비스 가입 후 사고가 발생하지 않아 보장을 받지 않은 경우라면, 포인트는 다시 환불받을 수 있을까요?','바디케어 서비스는 보험성 서비스로, 실질적으로 보상을 받은 경험이 없더라도 포인트는 환불되지 않습니다.'),(1,'[블루멤버스][바디케어 서비스] 적립 예정 포인트가 부족한 경우 어떻게 하나요?','영업점가입 - 기존 보유하신 포인트가 있으시면 합산 신청 가능 (합산해도 포인트 부족시엔 별도 결재 불가) 온라인가입 - 포인트외에 현금/카드로 추가결재 가능합니다.'),(1,'[블루멤버스][바디케어 서비스] 해약 하고 싶습니다. 어떻게 해야 하나요?','※ 영업점가입 - 담당 영업사원에게 신청 (출고일 포함 30일 이내)※ 온라인 가입 - 가입한 온라인 몰에서 직접 취소처리 (결재일 포함 30일 이내)'),(1,'[블루멤버스][바디케어 서비스] 가입은 어떻게 하나요?','자동차 제작증 발급전- 출고하신 영업점으로 신청 (단, 캐스퍼 차종은 \'캐스퍼 온라인\' ▶바로가기 에서 가입 가능합니다.)제작증 발급 이후- 현대차종은 \'현대 Shop\'▶바로가기 에서 가입 가능합니다.- 제네시스 차종은 \'제네시스 부티크\' ▶바로가기 에서 가입 가능합니다.'),(1,'[블루멤버스]포인트의 유효기간은 어떻게 되나요?','지급된 블루멤버스 포인트는 60개월(5년) 간 사용 가능합니다. 유효기간 경과 시, 포인트는 월 단위로 익월 1일 소멸됩니다.'),(1,'[블루멤버스]블루멤버스 포인트 양도 절차가 어떻게 되나요?','직계존비속 및 배우자에게만 양도 가능합니다. 양도/양수인 모두가 블루멤버스 회원가입이 되어있어야 하며가족관계증명서와 양도양수 신청서를 myHyundai 앱 또는 FAX로 접수해주시면 양도처리 가능합니다.※ 장애인 공동명의건의 경우 양도양수 신청서, 등록원부, 복지카드 사본을 팩스로 발송※ 가족관계증명서 上, 주민등록번호 뒷 6자리는 반드시 가려서 전송'),(1,'[블루멤버스]블루멤버스 포인트 적립 시점은 언제인가요?','회원 가입 및 제작증 발급 익일에 적립되며, 포인트 적립일 기준 3영업일 이후 가용화됩니다. (단, 출고 後 6개월 이상 경과 時 회원가입은 가능하나, 포인트 적립 불가) 고객님께서는 가용화 이후 조회 및 사용이 가능하며, 가용화 된 포인트는 현대자동차 사이트, 고객센터에서 확인 가능합니다.'),(1,'[블루멤버스]회원 가입 절차 없이 포인트를 받을 수는 없나요?','블루멤버스 포인트 적립은 블루멤버스 회원에 한하여 주어지므로 가입이 필수입니다. 포인트 지급/이용에 대한 규정을 멤버십 회원가입 약관을 통해 동의받게 되며, 이후 본인 확인이 된 회원정보를 기반으로 멤버십 제휴사 및 각종 특화 서비스에 필요한 정보를 인증하게 됩니다..'),(1,'[블루멤버스]블루멤버스 회원 가입 후 카드 발급은 언제 되나요?','신차 구매시 매매주문서에서 블루멤버스 카드 발급신청 가능합니다. 제작증 발급 익일에 가입완료되어 실물카드 일주일~열흘 소요됩니다. 단, 카드 번호 채번은 다음 날 바로 가능하며 마이현대 앱에서 확인 가능합니다. 블루멤버스 제휴 신용카드 신청시 비신용카드 미발급되며, 신용카드 미발급 고객이 비신용카드 필요시 고객센터 080-600-6000으로 신청 가능합니다.'),(1,'[블루멤버스][바디케어 서비스] 출고 이후에, 가입 상품을 변경하는 것이 가능할까요?','변경을 원하시면 기존 가입하신 상품 취소 후 변경 상품으로 재 가입하시면 됩니다.(단, 출고일 포함 30일 이내에만 재가입 가능합니다.)'),(1,'[블루멤버스][바디케어 서비스] 서비스 가입 후 사고가 발생하지 않아 보장을 받지 않은 경우라면, 포인트는 다시 환불받을 수 있을까요?','바디케어 서비스는 보험성 서비스로, 실질적으로 보상을 받은 경험이 없더라도 포인트는 환불되지 않습니다.'),(1,'[블루멤버스][바디케어 서비스] 적립 예정 포인트가 부족한 경우 어떻게 하나요?','영업점가입 - 기존 보유하신 포인트가 있으시면 합산 신청 가능 (합산해도 포인트 부족시엔 별도 결재 불가) 온라인가입 - 포인트외에 현금/카드로 추가결재 가능합니다.'),(1,'[블루멤버스][바디케어 서비스] 해약 하고 싶습니다. 어떻게 해야 하나요?','※ 영업점가입 - 담당 영업사원에게 신청 (출고일 포함 30일 이내)※ 온라인 가입 - 가입한 온라인 몰에서 직접 취소처리 (결재일 포함 30일 이내)'),(1,'[블루멤버스][바디케어 서비스] 가입은 어떻게 하나요?','자동차 제작증 발급전- 출고하신 영업점으로 신청 (단, 캐스퍼 차종은 \'캐스퍼 온라인\' ▶바로가기 에서 가입 가능합니다.)제작증 발급 이후- 현대차종은 \'현대 Shop\'▶바로가기 에서 가입 가능합니다.- 제네시스 차종은 \'제네시스 부티크\' ▶바로가기 에서 가입 가능합니다.'),(1,'[블루멤버스]포인트의 유효기간은 어떻게 되나요?','지급된 블루멤버스 포인트는 60개월(5년) 간 사용 가능합니다. 유효기간 경과 시, 포인트는 월 단위로 익월 1일 소멸됩니다.'),(1,'[블루멤버스]블루멤버스 포인트 양도 절차가 어떻게 되나요?','직계존비속 및 배우자에게만 양도 가능합니다. 양도/양수인 모두가 블루멤버스 회원가입이 되어있어야 하며가족관계증명서와 양도양수 신청서를 myHyundai 앱 또는 FAX로 접수해주시면 양도처리 가능합니다.※ 장애인 공동명의건의 경우 양도양수 신청서, 등록원부, 복지카드 사본을 팩스로 발송※ 가족관계증명서 上, 주민등록번호 뒷 6자리는 반드시 가려서 전송'),(1,'[블루멤버스]블루멤버스 포인트 적립 시점은 언제인가요?','회원 가입 및 제작증 발급 익일에 적립되며, 포인트 적립일 기준 3영업일 이후 가용화됩니다. (단, 출고 後 6개월 이상 경과 時 회원가입은 가능하나, 포인트 적립 불가) 고객님께서는 가용화 이후 조회 및 사용이 가능하며, 가용화 된 포인트는 현대자동차 사이트, 고객센터에서 확인 가능합니다.'),(1,'[블루멤버스]회원 가입 절차 없이 포인트를 받을 수는 없나요?','블루멤버스 포인트 적립은 블루멤버스 회원에 한하여 주어지므로 가입이 필수입니다. 포인트 지급/이용에 대한 규정을 멤버십 회원가입 약관을 통해 동의받게 되며, 이후 본인 확인이 된 회원정보를 기반으로 멤버십 제휴사 및 각종 특화 서비스에 필요한 정보를 인증하게 됩니다..'),(1,'[블루멤버스]블루멤버스 회원 가입 후 카드 발급은 언제 되나요?','신차 구매시 매매주문서에서 블루멤버스 카드 발급신청 가능합니다. 제작증 발급 익일에 가입완료되어 실물카드 일주일~열흘 소요됩니다. 단, 카드 번호 채번은 다음 날 바로 가능하며 마이현대 앱에서 확인 가능합니다. 블루멤버스 제휴 신용카드 신청시 비신용카드 미발급되며, 신용카드 미발급 고객이 비신용카드 필요시 고객센터 080-600-6000으로 신청 가능합니다.'),(1,'[블루멤버스][바디케어 서비스] 출고 이후에, 가입 상품을 변경하는 것이 가능할까요?','변경을 원하시면 기존 가입하신 상품 취소 후 변경 상품으로 재 가입하시면 됩니다.(단, 출고일 포함 30일 이내에만 재가입 가능합니다.)'),(1,'[블루멤버스][바디케어 서비스] 서비스 가입 후 사고가 발생하지 않아 보장을 받지 않은 경우라면, 포인트는 다시 환불받을 수 있을까요?','바디케어 서비스는 보험성 서비스로, 실질적으로 보상을 받은 경험이 없더라도 포인트는 환불되지 않습니다.'),(1,'[블루멤버스][바디케어 서비스] 적립 예정 포인트가 부족한 경우 어떻게 하나요?','영업점가입 - 기존 보유하신 포인트가 있으시면 합산 신청 가능 (합산해도 포인트 부족시엔 별도 결재 불가) 온라인가입 - 포인트외에 현금/카드로 추가결재 가능합니다.'),(1,'[블루멤버스][바디케어 서비스] 해약 하고 싶습니다. 어떻게 해야 하나요?','※ 영업점가입 - 담당 영업사원에게 신청 (출고일 포함 30일 이내)※ 온라인 가입 - 가입한 온라인 몰에서 직접 취소처리 (결재일 포함 30일 이내)'),(1,'[블루멤버스][바디케어 서비스] 가입은 어떻게 하나요?','자동차 제작증 발급전- 출고하신 영업점으로 신청 (단, 캐스퍼 차종은 \'캐스퍼 온라인\' ▶바로가기 에서 가입 가능합니다.)제작증 발급 이후- 현대차종은 \'현대 Shop\'▶바로가기 에서 가입 가능합니다.- 제네시스 차종은 \'제네시스 부티크\' ▶바로가기 에서 가입 가능합니다.'),(1,'[블루멤버스]포인트의 유효기간은 어떻게 되나요?','지급된 블루멤버스 포인트는 60개월(5년) 간 사용 가능합니다. 유효기간 경과 시, 포인트는 월 단위로 익월 1일 소멸됩니다.'),(1,'[블루멤버스]블루멤버스 포인트 양도 절차가 어떻게 되나요?','직계존비속 및 배우자에게만 양도 가능합니다. 양도/양수인 모두가 블루멤버스 회원가입이 되어있어야 하며가족관계증명서와 양도양수 신청서를 myHyundai 앱 또는 FAX로 접수해주시면 양도처리 가능합니다.※ 장애인 공동명의건의 경우 양도양수 신청서, 등록원부, 복지카드 사본을 팩스로 발송※ 가족관계증명서 上, 주민등록번호 뒷 6자리는 반드시 가려서 전송'),(1,'[블루멤버스]블루멤버스 포인트 적립 시점은 언제인가요?','회원 가입 및 제작증 발급 익일에 적립되며, 포인트 적립일 기준 3영업일 이후 가용화됩니다. (단, 출고 後 6개월 이상 경과 時 회원가입은 가능하나, 포인트 적립 불가) 고객님께서는 가용화 이후 조회 및 사용이 가능하며, 가용화 된 포인트는 현대자동차 사이트, 고객센터에서 확인 가능합니다.'),(1,'[블루멤버스]회원 가입 절차 없이 포인트를 받을 수는 없나요?','블루멤버스 포인트 적립은 블루멤버스 회원에 한하여 주어지므로 가입이 필수입니다. 포인트 지급/이용에 대한 규정을 멤버십 회원가입 약관을 통해 동의받게 되며, 이후 본인 확인이 된 회원정보를 기반으로 멤버십 제휴사 및 각종 특화 서비스에 필요한 정보를 인증하게 됩니다..'),(1,'[블루멤버스]블루멤버스 회원 가입 후 카드 발급은 언제 되나요?','신차 구매시 매매주문서에서 블루멤버스 카드 발급신청 가능합니다. 제작증 발급 익일에 가입완료되어 실물카드 일주일~열흘 소요됩니다. 단, 카드 번호 채번은 다음 날 바로 가능하며 마이현대 앱에서 확인 가능합니다. 블루멤버스 제휴 신용카드 신청시 비신용카드 미발급되며, 신용카드 미발급 고객이 비신용카드 필요시 고객센터 080-600-6000으로 신청 가능합니다.'),(1,'[모젠서비스]모젠 서비스에 오류가 있을 때에는 어떻게 하나요?','모젠고객센터(080-600-6000)로 문의 주시거나1:1상담 문의에 올려주시면 신속하게 지원해 드리겠습니다.'),(1,'[모젠서비스]보증 수리기간이 어떻게 되나요?','모젠 단말기의 보증수리 기간은 구입한 신차의 보증 내용 및 규약에 종속됩니다. 현대자동차의 보증수리 기간은 차종, 동력전달장치, 일반부품 등에 따라 차이가 있으며, 모젠 단말기는 일반부품의 보증기간에 따릅니다.'),(1,'[모젠서비스]ACC ON시에 바로 화면이 표시되지 않습니다.','모젠 단말기는 ACC OFF시에 단말기의 전원을 바로 끄지 않고, 수 초 동안 상태를 확인 하고 종료합니다. 따라서 이 동안에 ACC OFF/ON을 반복하는 경우 단말의 전원종료 후 재가동이 지연되어 수초의 동작 지연 현상이 나타날 수 있습니다. 잠시만 기다리시면 됩니다.'),(1,'[모젠서비스]사용도중 단말기가 갑자기 중지되거나, 버튼을 입력해도 말을 듣지 않습니다.','모젠은 차량용 컴퓨터로 개발되었으며, 각종 AV와 이동전화, 내비게이션 시스템과 텔레매틱스의 각 기능이 중앙처리장치(CPU)와 운영시스템(OS)에 의해서 운영되도록 개발되었습니다. 따라서, 작동 중에 소프트웨어의 충돌이 발생하거나 프로그램의 원할한 처리가 이루어지지 않는 경우, 아주 간헐적으로 단말기가 일시적으로 동작이 중지되는 경우가 발생할 수 있습니다. 이는 고장이나 단말기 시스템의 하자는 아니며, 리셋버튼을 누르시면 다시 이용하실 수 있습니다. 단말기 오른쪽 하단에 있는 리셋버튼을 누르시면 다시 작동이 가능합니다.'),(1,'[모젠서비스]단말기 모델 및 일련번호는 어디서 확인하나요?','단말기 `INFO` 버튼 → `환경 설정` 선택 → `단말기 정보` 선택'),(1,'[모젠서비스]차안에서 음악을 듣는 데, 자꾸 길안내 방송이 나와서 신경을 쓰이게 합니다.','지도 화면 좌측 상단에 있는 `확성기` 모양의 아이콘을 선택하면 안내음이 나오지 않습니다. 다시 음성안내를 듣고자 하시면 아이콘을 다시 한번 선택하시면 됩니다.'),(1,'[모젠서비스]GPS 수신이 안됩니다. 어떻게 하나요?','기본적으로 시동을 켠 후 약몇분동안 GPS인식되는 시간소요가 필요합니다. 그리고, GPS위성에서 발송하는 전파의 특성 상 고가 밑, 지하차도, 도심 건물 밀집 지역 등 GPS 수신 안테나가 가려지는 경우 수신 불량 상태가 발생 할 수 있습니다. 따라서 장애물이 없는 위치로 차량이 이동되면 GPS 수신 기능이 정상적으로 작동하게 됩니다. 만약 개활지 상태에서도 위성수신 상태가 불량하면 A/S망을 이용하여 GPS 수신 장치의 정비를 받으셔야 합니다.'),(1,'[모젠서비스]내비게이션의 지도 업그레이드는 어떻게 하나요?','모젠 지도 업그레이드는 차량용 A/V 및 내비게이션 A/S를 담당하고 있는현대 웰슨에서 수행하고 있습니다.전국 현대자동차 23개 하이테크센터와 기아자동차 11개 직영서비스 센터에서현대 웰슨 A/S요원이 상주 근무하고 있으며전국 115개소의 현대 웰슨 협력점에서 지도 업그레이드가 가능합니다.모젠고객센터 080-600-6000으로 전화주시면 지도 업그레이드 상담이 가능하며업그레이드 가능한 가까운 서비스센터에 대한 안내를 받으실 수 있습니다.'),(1,'[모젠서비스]단말기만 별도로 충전을 해줘야 하나요?','차량의 배터리와 연결되어 있으며, 별도의 충전은 필요없습니다.'),(1,'[모젠서비스]단말기의 벨소리를 다운로드 받을 수 있나요?','불가능 합니다. 단말기내에 이미 저장된 벨소리 중에서만 선택변경 하실 수 있습니다.'),(1,'[모젠서비스]모젠 서비스에 오류가 있을 때에는 어떻게 하나요?','모젠고객센터(080-600-6000)로 문의 주시거나1:1상담 문의에 올려주시면 신속하게 지원해 드리겠습니다.'),(1,'[모젠서비스]보증 수리기간이 어떻게 되나요?','모젠 단말기의 보증수리 기간은 구입한 신차의 보증 내용 및 규약에 종속됩니다. 현대자동차의 보증수리 기간은 차종, 동력전달장치, 일반부품 등에 따라 차이가 있으며, 모젠 단말기는 일반부품의 보증기간에 따릅니다.'),(1,'[모젠서비스]ACC ON시에 바로 화면이 표시되지 않습니다.','모젠 단말기는 ACC OFF시에 단말기의 전원을 바로 끄지 않고, 수 초 동안 상태를 확인 하고 종료합니다. 따라서 이 동안에 ACC OFF/ON을 반복하는 경우 단말의 전원종료 후 재가동이 지연되어 수초의 동작 지연 현상이 나타날 수 있습니다. 잠시만 기다리시면 됩니다.'),(1,'[모젠서비스]사용도중 단말기가 갑자기 중지되거나, 버튼을 입력해도 말을 듣지 않습니다.','모젠은 차량용 컴퓨터로 개발되었으며, 각종 AV와 이동전화, 내비게이션 시스템과 텔레매틱스의 각 기능이 중앙처리장치(CPU)와 운영시스템(OS)에 의해서 운영되도록 개발되었습니다. 따라서, 작동 중에 소프트웨어의 충돌이 발생하거나 프로그램의 원할한 처리가 이루어지지 않는 경우, 아주 간헐적으로 단말기가 일시적으로 동작이 중지되는 경우가 발생할 수 있습니다. 이는 고장이나 단말기 시스템의 하자는 아니며, 리셋버튼을 누르시면 다시 이용하실 수 있습니다. 단말기 오른쪽 하단에 있는 리셋버튼을 누르시면 다시 작동이 가능합니다.'),(1,'[모젠서비스]단말기 모델 및 일련번호는 어디서 확인하나요?','단말기 `INFO` 버튼 → `환경 설정` 선택 → `단말기 정보` 선택'),(1,'[모젠서비스]차안에서 음악을 듣는 데, 자꾸 길안내 방송이 나와서 신경을 쓰이게 합니다.','지도 화면 좌측 상단에 있는 `확성기` 모양의 아이콘을 선택하면 안내음이 나오지 않습니다. 다시 음성안내를 듣고자 하시면 아이콘을 다시 한번 선택하시면 됩니다.'),(1,'[모젠서비스]GPS 수신이 안됩니다. 어떻게 하나요?','기본적으로 시동을 켠 후 약몇분동안 GPS인식되는 시간소요가 필요합니다. 그리고, GPS위성에서 발송하는 전파의 특성 상 고가 밑, 지하차도, 도심 건물 밀집 지역 등 GPS 수신 안테나가 가려지는 경우 수신 불량 상태가 발생 할 수 있습니다. 따라서 장애물이 없는 위치로 차량이 이동되면 GPS 수신 기능이 정상적으로 작동하게 됩니다. 만약 개활지 상태에서도 위성수신 상태가 불량하면 A/S망을 이용하여 GPS 수신 장치의 정비를 받으셔야 합니다.'),(1,'[모젠서비스]내비게이션의 지도 업그레이드는 어떻게 하나요?','모젠 지도 업그레이드는 차량용 A/V 및 내비게이션 A/S를 담당하고 있는현대 웰슨에서 수행하고 있습니다.전국 현대자동차 23개 하이테크센터와 기아자동차 11개 직영서비스 센터에서현대 웰슨 A/S요원이 상주 근무하고 있으며전국 115개소의 현대 웰슨 협력점에서 지도 업그레이드가 가능합니다.모젠고객센터 080-600-6000으로 전화주시면 지도 업그레이드 상담이 가능하며업그레이드 가능한 가까운 서비스센터에 대한 안내를 받으실 수 있습니다.'),(1,'[모젠서비스]단말기만 별도로 충전을 해줘야 하나요?','차량의 배터리와 연결되어 있으며, 별도의 충전은 필요없습니다.'),(1,'[모젠서비스]단말기의 벨소리를 다운로드 받을 수 있나요?','불가능 합니다. 단말기내에 이미 저장된 벨소리 중에서만 선택변경 하실 수 있습니다.'),(1,'[모젠서비스]인증 비밀번호 변경은 어떻게 하나요?','인증 비밀번호는 모젠 고객센터(080-600-6000 혹은 단말기 CS 버튼) 상담원을 통해 변경 가능합니다. 또한, 온라인에서도 고객님이 직접 변경하실 수 있습니다.'),(1,'[모젠서비스]서비스를 해지하려면 어떻게 해야 하나요?','모젠 고객센터에서 해지 신청이 가능합니다. 상담원과 전화 통화를 통해 소정의 본인 확인 절차를 거친 후, 해지 신청서를 Fax로 접수해 주시면 됩니다.'),(1,'[모젠서비스]차량을 타인에게 양도할 때는 어떻게 해야 하나요?','차량을 타인에게 양도할 때에는 기존 계약을 반드시 해지하셔야 합니다. 차량 양수인이 서비스를 제공받기를 원하는 경우 현대/기아자동차의 지점/대리점에서 가입 신청을 하시면 서비스를 제공 받으실 수 있습니다. 차량을 양도하면서 기존 계약을 해지하지 않는 경우에는 기존 계약자에게 사용 여부와 상관없이 기본료 등 요금이 청구되므로 반드시 해지를 하시기 바랍니다.'),(1,'[모젠서비스]자동차를 바꿀 경우에는 어떻게 해야하나요?','모젠을 옵션으로 선택한 신차를 구입하시는 경우에는 차량 계약시, 모젠 서비스 가입(대차 가입)을 신청하시고, 신차의 모젠 서비스를 개통하시기 전에 기존 계약을 해지하시면 기존에 사용하시던 번호를 계속해서 사용하실 수 있습니다. 모젠 단말기가 장착되지 않은 차를 구입하시는 경우에는 기존 서비스를 해지하시면 됩니다. 해지를 하지 않으시면 계속해서 요금이 부과될 수 있습니다.'),(1,'[모젠서비스]모젠 서비스 해지 시 필요한 서류는 무엇인가요?','※ 해지 신청시 구비 서류 [개인] - 본인 : 신분증 - 대리인 : 전화로 고객 본인 의사 확인 가능 시 본인 및 대리인의 신분증/ 전화로 고객 본인 의사 확인 불가 시 대리인의 신분증, 위임자(인감날인), 인감증명서 - 개인사업자 : 본인(대표자)신분증, 사업자등록증 사본, 인감증명서, 직원의 신분증 혹은 재직 증명서 [법인] 사업자등록증 사본, 인감 증명서, 직원의 신분증 혹은 재직 증명서 ☞ 사망, 군입대, 해외체류 등의 경우 해당 사실을 입증하는 서류의 제출로 해지 처리가 가능합니다.'),(1,'[모젠서비스]모젠 서비스를 해지 후 단말기 사용은 전혀 불가능 한가요? 해지해도 사용할 수 있는 기능이 있나요?','모젠 서비스 해지를 하는 경우에도 단말기 자체 기능인 길안내(교통정보 없음) 및 AV 기능 등은 이용할 수 있습니다. 그러나 해지를 하게 되면 이동전화 서비스 및 실시간 교통정보가 반영된 길안내, 교통정보 및 에어백 전개 자동통보, 도난 추적 등 안전보안 서비스를 포함한 모젠 서비스는 이용하실 수 없습니다.'),(1,'[모젠서비스]모젠단말기의 전화번호는 변경이 가능한가요?','기존에 사용하시던 번호를 모젠 고객센터를 통해 원하시는 번호로 변경하실 수 있습니다. 다만, 번호변경을 하신 후에는 단말기에 전화번호 입력 과정을 거쳐야만 서비스를 이용할 수 있습니다. 자세한 사항은 모젠 고객센터 상담원에게 문의해 주시길 바랍니다.'),(1,'[모젠서비스]각종 변경 사항이나 문의는 어떻게 해야 하나요?','각종 정보 변경이나 서비스 관련 문의 사항은 모젠 고객센터로 연락을 주시면 상담원이 처리해 드립니다. MTS-250,200 \"\"PHONE\"\" 화면의 \"\"CS\"\" 버튼을 누르시거나, 080-600-6000으로 연락하시면 됩니다. MTS-W255,W260 모젠버튼 화면의 오른쪽 하단 \"\"모젠센터( CS )\"\" 버튼을 누르시거나 080-600-6000으로 연락하시면 됩니다. MTS-W350 모젠->전화->\"\"CS센터\"\" 버튼을 누르시거나 080-600-6000으로 연락하시면 됩니다. MTS-W450,450 집중키 오른쪽의 모젠 화면에서 전화-> \"\"CS상담연결\"\" 버튼을 누르시거나 080-600-6000으로 연락하시면 됩니다. MTS-300 모젠->전화화면안에 \"\"고객센터\"\" 버튼을 누르시거나 080-600-6000으로 연락하시면 됩니다.'),(1,'[모젠서비스]가입, 변경,해지 처리는 전화로 가능한가요?','○ 가입 : 모젠 서비스 가입은 현대자동차의 지점/대리점 방문을 원칙으로 하고 있습니다.먼저 모젠 고객센터 혹은 차량을 구입한 카마스터와 상담을 하시기 바랍니다.○ 개통(개통 요청) : 모젠 고객센터(080-600-6000)에 전화를 통해서만 가능합니다.○ 해지 : 모젠고객센터에 전화 또는 팩스를 통해 처리 가능하며,현대자동차 지점/대리점에서 해지 신청을 하는 경우에는 반드시 방문하셔야 합니다.○ 변경 : 모젠고객센터에 전화를 통해 변경 처리가 가능하며,지점/대리점을 방문하시거나 홈페이지 고객센터 메뉴에서도 가능합니다.다만 필요시 관련 서류를 팩스 등을 통해 요청할 수도 있습니다.'),(1,'[모젠서비스]자동차를 인수 받는 즉시 바로 모젠 서비스를 이용할 수 있나요?','모젠서비스를 이용하기 위해서는 개통 절차를 거쳐야 합니다. 지점/대리점을 통해 모젠 서비스 가입신청을 하시고, 차량을 등록을 마치시고 모젠 고객센터에 서비스 개통 요청을 하면 됩니다. 개통은 080-600-6000으로 전화를 하여 상담원에게 요청하시면 됩니다. 상담원은 개통을 위해 필요한 정보, 즉 단말기 모델명, 일련번호, 보험정보(보험사, 만기, 특약여부), 차량번호판 정보 등을 확인하고 개통하여 드립니다.'),(1,'[블루링크][서비스] 블루링크를 가입하면 어떤 서비스가 제공되나요?','블루링크를 가입하시면 차량 원격제어, 안전보안, 차량관리, 길 안내 서비스를 제공받으실 수 있습니다.블루링크 자세한 서비스 안내는 아래 페이지를 참고해주세요.블루링크 서비스 안내 ▶바로가기'),(1,'[블루링크][A/S] 블루링크 서비스 이용 시 오류가 발생합니다.','블루링크 고객센터 또는 홈페이지 1:1문의에 문의해 주시면 신속하게 지원해 드리겠습니다.블루링크 고객센터 080-600-6000서비스 가입/해지/변경 등 (안전 보안 서비스 24시간 제공)평일 08:30 ~ 18:00 (주말/공휴일 휴무)'),(1,'[블루링크][A/S] 원격 공조 제어 서비스를 사용했는데 계속 비상등이 켜져 깜박입니다.','원격 공조 제어 서비스 이용시 비상등이 함께 켜지는 것은 정상적인 현상입니다.스마트키로 차량의 문을 여닫으실 때 비상등이 깜빡이는 것과 동일합니다.또한 도로 안전상의 이유로 시동이 켜져 있다는 것을 외부에서도 확인할 수 있도록 시동과 비상등이 함께 작동됩니다.'),(1,'[블루링크][A/S] GPS 수신이 안됩니다.','시동을 켠 후 수 분 동안 GPS가 인식되는 시간이 필요합니다.혹은 GPS위성에서 발송하는 전파의 특성상 고가 밑, 지하차도, 도심 건물 밀집지역 등 GPS 수신 안테나가 가려지는 경우 수신 불량 상태가 발생 할 수 있습니다.이 경우 장애물이 없는 위치로 차량을 이동하시면 GPS 수신 기능이 정상적으로 작동하게 됩니다.만약 개방된 지역에서도 위성수신 상태가 불량하면 A/S를 통해 GPS 수신 장치의 정비를 받으시기 바랍니다.'),(1,'[블루링크][A/S] 주행 중에 시스템 조작이 안됩니다.','고객님의 안전한 운행을 위해 주행 중에는 단말기 조작을 제한하고 있으며, 기어가 P단일 경우만 조작이 가능합니다.시스템 조작을 통해 서비스를 이용하시려면 차량을 잠시 정차해 주세요.단, 조작이 간단한 일부 서비스는 주행 중에도 사용이 가능합니다.'),(1,'[블루링크][요금제] 블루링크 유료 요금제가 어떻게 되나요?','블루링크 자세한 요금제 안내는 아래 페이지를 참고해주세요.블루링크 요금제 안내 ▶바로가기'),(1,'[블루링크][요금제] 요금 미납을 했을 경우 가산금은 몇%인가요?','요금 미납 시 가산금은 당월 청구금액의 2%입니다.'),(1,'[블루링크][요금제] 요금제 납부 방식을 변경하고 싶습니다.','블루링크 요금제 납부 방법 조회 및 변경은 아래 모바일 페이지 또는 블루링크 고객센터에서 가능합니다.※ 법인/리스/렌트 차량은 블루링크 고객센터에서 처리 가능요금제 납부 방법 조회 및 변경 모바일 페이지 ▶바로가기- 블루링크 고객센터 080-600-6000- 서비스 가입/해지/변경 등 (안전 보안 서비스 24시간 제공)- 평일 08:30 ~ 18:00 (주말/공휴일 휴무)'),(1,'[블루링크][요금제] 사용 중인 블루링크 요금제가 궁금합니다.','블루링크 자세한 차종별 요금제 안내는 아래 페이지를 참고해주세요.블루링크 차종별 요금제 안내 ▶바로가기블루링크 요금제 안내 ▶바로가기'),(1,'[블루링크][가입] 블루링크는 어떻게 가입하나요?','블루링크는 블루링크 앱 또는 내비게이션(내비게이션 가입은 출고 후 1년 이내 최초 개통 시)으로 가입하실 수 있습니다.자세한 가입 안내는 아래 페이지를 참고해주세요.블루링크 서비스 가입 안내 ▶바로가기'),(1,'[블루링크][가입] 중고차를 구입했는데 블루링크에 가입할 수 있나요?','중고차 구매 후 블루링크 가입 시 유료로 이용 또는 무료 기간 승계가 가능하신 경우 무료 기간이 제공됩니다.블루링크 요금제에 따라 무료 기간 승계 가능여부가 다르므로, 자세한 차종별 요금제안내는 아래 페이지를 참고해주세요.※ 블루링크 차종별 요금제 안내 ▶바로가기중고차 구매 시 블루링크 앱으로 가입하실 수 있습니다. 자세한 가입 안내는 아래 페이지를 참고해주세요.※ 블루링크 서비스 가입 안내 ▶바로가기'),(1,'[블루링크][해지] 블루링크를 해지하고 싶습니다.','블루링크 해지는 아래 모바일 페이지 또는 블루링크 고객센터에서 가능합니다.해지 모바일 페이지 ▶바로가기블루링크 고객센터 080-600-6000서비스 가입/해지/변경 등 (안전 보안 서비스 24시간 제공)평일 08:30 ~ 18:00 (주말/공휴일 휴무)'),(1,'[블루링크][해지] 블루링크 가입 차량을 매각하면 자동으로 해지되나요?','블루링크 가입 차량을 매각하신 경우 반드시 블루링크 서비스를 해지하셔야 합니다. 블루링크 서비스를 해지하지 않으시면 계속 서비스 이용요금이 부과됩니다.블루링크 해지는 아래 모바일 페이지 또는 블루링크 고객센터에서 가능합니다.해지 모바일 페이지 ▶바로가기블루링크 고객센터 080-600-6000서비스 가입/해지/변경 등 (안전 보안 서비스 24시간 제공)평일 08:30 ~ 18:00 (주말/공휴일 휴무)'),(1,'[블루링크][가입] 법인/리스/렌트 차량도 블루링크를 가입할 수 있나요?','블루링크는 블루링크 앱 또는 내비게이션(내비게이션 가입은 출고 후 1년 이내 최초 개통 시)으로 가입하실 수 있습니다.자세한 가입 안내는 아래 페이지를 참고해주세요.블루링크 서비스 가입 안내 ▶바로가기'),(1,'[블루링크][변경] 가입자 정보는 어떻게 변경하나요?','블루링크 고객센터에서 가입자 정보를 변경하실 수 있습니다.블루링크 고객센터 080-600-6000서비스 가입/해지/변경 등 (안전 보안 서비스 24시간 제공)평일 08:30 ~ 18:00 (주말/공휴일 휴무)'),(1,'[블루링크][가입] 차량 계약자와 실 사용자가 다를 경우 실 사용자 명의로 블루링크를 가입할 수 있나요?','본인 명의 차량이 아닌 경우 블루링크 앱으로 가입하실 수 있습니다.차량 계약자가 아닌 실 사용자 명의로 블루링크 가입을 희망하실 경우 실 사용자 명의로 블루링크 앱에 로그인하여 가입 진행해주세요.자세한 가입 안내는 아래 페이지를 참고해주세요.블루링크 서비스 가입 안내 ▶바로가기'),(1,'[블루링크][서비스] SOS 서비스로 긴급출동을 요청했을 경우 제공받을수 있는 서비스는 어떤것이 있나요?','문잠김 해제, 긴급 주유(휘발유 3L, 경유 3L 이내), 예비타이어 교체, 배터리 충전, 견인, 구난 서비스를 제공 받으실 수 있습니다.단, 일부 서비스는 고객이 요금을 추가로 부담하셔야 합니다. 견인의 경우 10km 까지는 무료로 제공되나 초과시 1km당 2,100원의 요금이 부과됩니다.구난의 경우, 출동한 견인차로 30분이내의 거리면 무상이며, 30분 초과시는 별도의 요금이 부과 됩니다.또한 별도의 구난차량이 필요하거나 작업 난이도에 따라 별도의 요금이 부과되며, 발생한 별도 요금은 출동한 업체에 직접 지급하시면 됩니다.'),(1,'[블루링크][서비스] 도난 경보 알림 서비스는 어떻게 이용하나요?','도난 경보 알림 서비스는 차량의 도난 경보가 작동하게 되면 블루링크 센터로 신호가 자동으로 접수되어, 고객 휴대폰으로 긴급상황임을 알리는 문자 메시지를 전송해 드리는 서비스입니다. 단, 시동을 끈 후 48시간이 경과되면 도난 경보 알림 서비스가 제공되지 않습니다.차량을 도난 당했을 경우에는 블루링크 고객센터로 도난 추적 서비스를 요청하시면 됩니다.블루링크 고객센터 080-600-6000서비스 가입/해지/변경 등 (안전 보안 서비스 24시간 제공)평일 08:30 ~ 18:00 (주말/공휴일 휴무)'),(1,'[블루링크][서비스] 도난 추적 서비스 요청은 어떻게 해야 하나요?','도난추적 서비스는 블루링크 고객센터에 요청하시면 됩니다. 단, 위치 정보 제공을 위해서는 반드시 경찰관서에 도난 신고를 하셔야만 합니다.사전에 도난 신고가 접수되지 않은 경우에는 고객과 경찰서, 블루링크 고객센터 3자간 통화를 통해 고객님이 직접 도난 신고를 하실 수 있도록 도와 드립니다.블루링크 고객센터 080-600-6000서비스 가입/해지/변경 등 (안전 보안 서비스 24시간 제공)평일 08:30 ~ 18:00 (주말/공휴일 휴무)'),(1,'[블루링크][서비스] 에어백 전개 자동통보 서비스는 어떻게 이용하나요?','에어백 전개 자동통보 서비스는 고객님 차량의 에어백이 전개되면 블루링크 고객센터로 사고가 자동 접수되어 상담원이 고객님의 차량으로 사고 상황을 알아보기 위해 전화 드립니다.고객님은 침착하게 사고 상황만 말씀해 주시면 119 및 보험사 등에 출동요청을 해 드리며, 만약 차량 탑승자의 부상 정도가 심해 사고 상황을 설명할 수 없는 경우에는 자동으로 긴급 출동을 요청하게 됩니다.'),(1,'[블루링크][서비스] 블루링크 단말기는 어디에서 판매 하나요?','블루링크 단말기는 차량 일체형으로 신규 차량구매시 옵션으로 구매하실 수 있으며, 단말기 만을 구입하여 기존에 보유하고 계신 차량에 별도로 장착 하실 수는 없습니다.'),(1,'[블루링크][앱] 블루링크 앱은 어떻게 사용하나요?','블루링크 앱 설치 및 로그인 등 자세한 이용 안내는 아래 페이지를 참고해주세요.블루링크 앱 이용 안내 ▶바로가기'),(1,'[블루링크][앱] 블루링크 앱에 여러 대의 차량을 등록할 수 있나요?','블루링크 앱 차량 등록 안내는 아래 페이지를 참고해주세요.블루링크 앱 차량 등록 안내 ▶바로가기'),(1,'[블루링크][서비스] 월간 리포트가 무엇인가요?','고객님의 차량 상태를 정기적으로 점검하고 이에 대한 결과를 매월 정기적인 날짜에 블루링크 앱 또는 이메일로 안내해드리는 서비스입니다.수집된 차량 상태와 운전 패턴을 분석하여 차량의 최신 상태를 확인하고, 정기 점검시 고장정보가 발견된 경우 해당 고장 내용과 조치 방안을 안내해 드립니다.월간리포트 이메일은 현대 홈페이지 > 마이페이지 > 월간리포트 페이지에서 등록하실 수 있습니다.'),(1,'[블루링크][서비스] 자동차전용도로(올림픽도로, 강변북로 등)에서 휘발유가 떨어진 경우에도 긴급 주유 서비스가 제공되나요?','고속도로 및 자동차 전용도로에서 배터리충전, 타이어교체, 긴급주유, 문잠김해제 서비스 등을 요청하신 경우에는 안전을 위해 현장 조치가 아닌 긴급 견인 서비스가 제공 됩니다.'),(1,'[블루링크][서비스] 긴급 견인 출동 요원이 견인을 하면서 특수 장비가 필요한 경우 추가 비용이 드나요?','도로를 이탈하거나 장애물 등으로 인해 자력 주행이 불가능하여 구난을 필요로 할 경우 긴급구난 서비스가 제공됩니다.그러나 이 경우 별도의 구난장비 없이 견인차(렉카)로 구난이 가능한 경우에 한하며, 별도의 구난장비가 필요하거나 작업 난이도에 따라 추가비용을 지급하여야 합니다.또한 구난작업 30분 초과시(현장도착에서 완료까지의 시간) 별도의 비용을 부담 하여야 합니다.'),(1,'[블루링크][서비스] 도난 추적 서비스 요청을 했는데, 추적이 불가능한 경우가 있나요?','도난 추적 서비스는 차량의 전류 공급 안정성을 위해 시동이 꺼진 후 96시간(블루링크 2.0, 블루링크 3.0) / 48시간(블루링크 1.0)까지만 제공이 가능합니다.따라서 시동이 꺼진 후 96시간(블루링크 2.0, 블루링크 3.0) / 48시간(블루링크 1.0) 이상 경과하여 이후에 도난 차량의 재시동이 되지 않은 경우에는 차량의 위치추적이 불가능할 수 있습니다.또한 배터리방전 및 통신이 어려운 음영지역 차량이 위치한 경우 추적이 어려울 수 있습니다.(블루링크 1.0: 2015년 4차 정기 업데이트 시, 대기시간 48시간 -> 96시간으로 연장됨)'),(1,'[블루링크][앱] 다른 사람에게 블루링크 가입 차량을 공유할 수 있나요?','블루링크 앱에서 블루링크 가입 차량 공유가 가능합니다. 자세한 공유 안내는 아래 페이지를 참고해주세요.블루링크 앱 차량 공유 안내 ▶바로가기'),(1,'[블루링크][서비스] 차량진단 관리 서비스는 어떻게 이용하나요?','차량진단 서비스는 차량의 계기판에 엔진/미션, ABS/EPS 관련 경고등이 점등된 경우 [차량진단] 버튼을 선택하시면 됩니다.차량진단 관리 서비스 이용시 블루링크센터 상담원과 연결되어 상담원을 통해 진단 결과를 안내 받고 견인 및 정비소 안내 등 후속 조치를 지원 받으실 수 있습니다.'),(1,'[현대 디지털 키]출고 이후 카드키만 따로 구매 가능한가요?','NFC 카드키를 따로 구매하는 것은 가능하지만, 디지털키 옵션을 선택하지 않은 경우 등록은 불가능 합니다. 즉, 디지털키 옵션 선택한 경우에만 NFC 카드 키 등록이 가능합니다.NFC 카드 키 구매는 전국 모비스 A/S망(오프라인) 및 블루멤버스 포인트몰(온라인)에서 구매할 수 있으며 카드 키 등록 방법은 크게 1. NFC 카드 키 등록 인증 → 2. 차량 내 카드 키 등록으로 이루어 집니다. 보다 자세한 절차는 위 \"NFC 카드키 등록은 어떻게 하나요?\" 문항을 참고 부탁드립니다.'),(1,'[현대 디지털 키]디지털 키 App이 계속 자동으로 꺼지는데 어떻게 하나요?','App이 자동으로 종료되는 현상은 크게 2가지로 나뉩니다. 각 경우에 해당하는 항목을 참고하세요.1. 최신 버전 미지원: 현대 디지털 키 App이 최신 버전이 아닐 경우, 간혹 App이 종료될 수 있습니다. 이 경우 구글 플레이 스토어에서 App을 최신 버전으로 업데이트 하시면 정상 사용 가능합니다.2. 보안 프로그램 충돌: 현대 디지털 키 App의 보안 솔루션 기능에서 Rooting이 탐지 될 경우 App이 자동으로 종료될 수 있습니다. 이 경우 스마트폰의 Root 권한을 사용하는 App을 삭제하시면 디지털 키 정상 사용 가능합니다.■ 스마트폰의 Root 권한을 사용하는 App 확인 방법구글 플레이 스토어 →“Root” 또는 “Superuser”로 검색 →해당 App 목록을 확인'),(1,'[현대 디지털 키]소유 차량 등록 확인은 어떻게 하나요?(중고차, 명의변경)','중고차 혹은 명의변경의 경우는 다음과 같은 절차로 차량 등록 가능합니다. (자동차 등록원부 상 \"대표 명의자\"만 인증이 가능합니다.)■ 디지털 키 APP 메뉴 [차량 인증] - [디지털 키 차량 등록 확인] - [팝업된 정보 입력]'),(1,'[현대 디지털 키]공동명의 차량인데 차량 등록이 안되는데 어떻게 해야 하나요?','현대 디지털 키 App은 \'자동차 등록원부\' 상 차량의 대표 명의자(1명)로 등재가 되어 있는 소유주 분만 인증이 가능합니다. 공동명의의 경우 역시 차량의 대표 명의자는 1명으로 대표 명의자가 키를 발급받고, 공동 명의자에게 키를 공유하는 방식으로 사용이 가능합니다.■ 차량 대표 명의자 확인 방법1) 인터넷 : 자동차 365(http://car365.go.kr)→ 자동차민원 대국민포털 → 등록원부발급(무료) → 차량 대표 명의자 확인'),(1,'[현대 디지털 키]휴대폰 nfc기능이 인식이 안돼요. 어떻게 해야하나요?','금속 혹은 두꺼운 핸드폰 케이스를 사용하거나 무선 충전 패드 위에 금속류의 부착물을 장착한 경우에는 전파 간섭에 의해 현대 디지털 키 이용에 제한이 있을 수 있습니다. 이 경우 휴대폰 케이스 및 패드 부착물 제거하시면 nfc 정상 인식 및 동작 가능합니다.'),(1,'[현대 디지털 키]핀번호 잊은 경우에는 어떻게 하나요?','홈페이지에서 마이페이지 상에 PIN 초기화 시, 탈퇴 없이도 본인인증을 하면 PIN을 새로 변경해 사용할 수 있습니다.'),(1,'[현대 디지털 키]안드로이드 OS 버전, 블루투스 버전 확인 방법은 어떻게 되나요?','안드로이드 OS 보는 법, 블루투스 버전 확인은 스마트폰 제조사 홈페이지를 참고해 주시기 바랍니다.'),(1,'[현대 디지털 키]NFC 카드키 등록은 어떻게 하나요?','NFC카드는 외부에서 구매가 가능해 발렛파킹 등에서 타인의 카드키를 쉽게 등록하는 것을 방지하기 위해 여러 인증 방법을 거쳐 등록이 가능합니다. NFC 카드 키 등록 방법은 다음과 같이 크게 2가지 절차로 구분됩니다.1. NFC 카드 키 등록 인증2. 차량 내 카드 키 등록1. NFC 카드 키 등록 인증(3가지 방법 중 택일)■ 블루투스 인증 방식1) 현대 디지털 키 앱 에서 [카드 키 등록 인증] – [블루투스 인증] 선택2) 인증 성공 메시지 확인 하고 5분 이내 [2. 차량 내 카드 키 등록] 절차 진행■ NFC 인증 방식1) 현대 디지털 키 앱에서 [카드 키 등록 인증] – [NFC 인증] 선택2) 운전석/조수석 도어 손잡이에 디지털 키(스마트폰) 접촉하여 인증 수행3) 인증 성공 메시지 확인 하고 5분 이내 [2. 차량 내 카드 키 등록] 절차 진행■ 스마트 키 인증 방식(아이폰 사용자 포함 아반떼CN7, 쏘나타 DN8 20MY 및 이후 출시 차종에 한함)1) 스마트 키 2개를 소지한 상태에서 차량에 탑승2) [2. 차량 내 카드 키 등록] 절차 진행2. 차량 내 카드 키 등록1) 1개 이상의 스마트 FOB 키를 소지한 상태로 차량 탑승 합니다2) 스마트폰 무선충전 패드에 카드 키를 거치합니다.3) AVN 화면에서 \'카드 키\' > \'등록\' 버튼을 눌러 카드 키를 차량에 등록합니다.'),(1,'[현대 디지털 키]LG 핸드폰은 GPS ON 해야 디지털키 사용이 가능한가요?','LG 기종 뿐만 아니라 삼성 기종에서도 일부 제조사/통신사 전용 서비스(각종 페이 등) 사용성 때문에 GPS를 켜야 NFC와 블루투스가 동작하는 스마트폰이 있습니다. 일반적으로 GPS ON 상태를 권장합니다.'),(1,'[현대 디지털 키]출고 이후 카드키만 따로 구매 가능한가요?','NFC 카드키를 따로 구매하는 것은 가능하지만, 디지털키 옵션을 선택하지 않은 경우 등록은 불가능 합니다. 즉, 디지털키 옵션 선택한 경우에만 NFC 카드 키 등록이 가능합니다.NFC 카드 키 구매는 전국 모비스 A/S망(오프라인) 및 블루멤버스 포인트몰(온라인)에서 구매할 수 있으며 카드 키 등록 방법은 크게 1. NFC 카드 키 등록 인증 → 2. 차량 내 카드 키 등록으로 이루어 집니다. 보다 자세한 절차는 위 \"NFC 카드키 등록은 어떻게 하나요?\" 문항을 참고 부탁드립니다.'),(1,'[현대 디지털 키]디지털 키 App이 계속 자동으로 꺼지는데 어떻게 하나요?','App이 자동으로 종료되는 현상은 크게 2가지로 나뉩니다. 각 경우에 해당하는 항목을 참고하세요.1. 최신 버전 미지원: 현대 디지털 키 App이 최신 버전이 아닐 경우, 간혹 App이 종료될 수 있습니다. 이 경우 구글 플레이 스토어에서 App을 최신 버전으로 업데이트 하시면 정상 사용 가능합니다.2. 보안 프로그램 충돌: 현대 디지털 키 App의 보안 솔루션 기능에서 Rooting이 탐지 될 경우 App이 자동으로 종료될 수 있습니다. 이 경우 스마트폰의 Root 권한을 사용하는 App을 삭제하시면 디지털 키 정상 사용 가능합니다.■ 스마트폰의 Root 권한을 사용하는 App 확인 방법구글 플레이 스토어 →“Root” 또는 “Superuser”로 검색 →해당 App 목록을 확인'),(1,'[현대 디지털 키]소유 차량 등록 확인은 어떻게 하나요?(중고차, 명의변경)','중고차 혹은 명의변경의 경우는 다음과 같은 절차로 차량 등록 가능합니다. (자동차 등록원부 상 \"대표 명의자\"만 인증이 가능합니다.)■ 디지털 키 APP 메뉴 [차량 인증] - [디지털 키 차량 등록 확인] - [팝업된 정보 입력]'),(1,'[현대 디지털 키]공동명의 차량인데 차량 등록이 안되는데 어떻게 해야 하나요?','현대 디지털 키 App은 \'자동차 등록원부\' 상 차량의 대표 명의자(1명)로 등재가 되어 있는 소유주 분만 인증이 가능합니다. 공동명의의 경우 역시 차량의 대표 명의자는 1명으로 대표 명의자가 키를 발급받고, 공동 명의자에게 키를 공유하는 방식으로 사용이 가능합니다.■ 차량 대표 명의자 확인 방법1) 인터넷 : 자동차 365(http://car365.go.kr)→ 자동차민원 대국민포털 → 등록원부발급(무료) → 차량 대표 명의자 확인'),(1,'[현대 디지털 키]휴대폰 nfc기능이 인식이 안돼요. 어떻게 해야하나요?','금속 혹은 두꺼운 핸드폰 케이스를 사용하거나 무선 충전 패드 위에 금속류의 부착물을 장착한 경우에는 전파 간섭에 의해 현대 디지털 키 이용에 제한이 있을 수 있습니다. 이 경우 휴대폰 케이스 및 패드 부착물 제거하시면 nfc 정상 인식 및 동작 가능합니다.'),(1,'[현대 디지털 키]핀번호 잊은 경우에는 어떻게 하나요?','홈페이지에서 마이페이지 상에 PIN 초기화 시, 탈퇴 없이도 본인인증을 하면 PIN을 새로 변경해 사용할 수 있습니다.'),(1,'[현대 디지털 키]안드로이드 OS 버전, 블루투스 버전 확인 방법은 어떻게 되나요?','안드로이드 OS 보는 법, 블루투스 버전 확인은 스마트폰 제조사 홈페이지를 참고해 주시기 바랍니다.'),(1,'[현대 디지털 키]NFC 카드키 등록은 어떻게 하나요?','NFC카드는 외부에서 구매가 가능해 발렛파킹 등에서 타인의 카드키를 쉽게 등록하는 것을 방지하기 위해 여러 인증 방법을 거쳐 등록이 가능합니다. NFC 카드 키 등록 방법은 다음과 같이 크게 2가지 절차로 구분됩니다.1. NFC 카드 키 등록 인증2. 차량 내 카드 키 등록1. NFC 카드 키 등록 인증(3가지 방법 중 택일)■ 블루투스 인증 방식1) 현대 디지털 키 앱 에서 [카드 키 등록 인증] – [블루투스 인증] 선택2) 인증 성공 메시지 확인 하고 5분 이내 [2. 차량 내 카드 키 등록] 절차 진행■ NFC 인증 방식1) 현대 디지털 키 앱에서 [카드 키 등록 인증] – [NFC 인증] 선택2) 운전석/조수석 도어 손잡이에 디지털 키(스마트폰) 접촉하여 인증 수행3) 인증 성공 메시지 확인 하고 5분 이내 [2. 차량 내 카드 키 등록] 절차 진행■ 스마트 키 인증 방식(아이폰 사용자 포함 아반떼CN7, 쏘나타 DN8 20MY 및 이후 출시 차종에 한함)1) 스마트 키 2개를 소지한 상태에서 차량에 탑승2) [2. 차량 내 카드 키 등록] 절차 진행2. 차량 내 카드 키 등록1) 1개 이상의 스마트 FOB 키를 소지한 상태로 차량 탑승 합니다2) 스마트폰 무선충전 패드에 카드 키를 거치합니다.3) AVN 화면에서 \'카드 키\' > \'등록\' 버튼을 눌러 카드 키를 차량에 등록합니다.'),(1,'[현대 디지털 키]LG 핸드폰은 GPS ON 해야 디지털키 사용이 가능한가요?','LG 기종 뿐만 아니라 삼성 기종에서도 일부 제조사/통신사 전용 서비스(각종 페이 등) 사용성 때문에 GPS를 켜야 NFC와 블루투스가 동작하는 스마트폰이 있습니다. 일반적으로 GPS ON 상태를 권장합니다.'),(1,'[현대 디지털 키]출고 이후 카드키만 따로 구매 가능한가요?','NFC 카드키를 따로 구매하는 것은 가능하지만, 디지털키 옵션을 선택하지 않은 경우 등록은 불가능 합니다. 즉, 디지털키 옵션 선택한 경우에만 NFC 카드 키 등록이 가능합니다.NFC 카드 키 구매는 전국 모비스 A/S망(오프라인) 및 블루멤버스 포인트몰(온라인)에서 구매할 수 있으며 카드 키 등록 방법은 크게 1. NFC 카드 키 등록 인증 → 2. 차량 내 카드 키 등록으로 이루어 집니다. 보다 자세한 절차는 위 \"NFC 카드키 등록은 어떻게 하나요?\" 문항을 참고 부탁드립니다.'),(1,'[현대 디지털 키]디지털 키 App이 계속 자동으로 꺼지는데 어떻게 하나요?','App이 자동으로 종료되는 현상은 크게 2가지로 나뉩니다. 각 경우에 해당하는 항목을 참고하세요.1. 최신 버전 미지원: 현대 디지털 키 App이 최신 버전이 아닐 경우, 간혹 App이 종료될 수 있습니다. 이 경우 구글 플레이 스토어에서 App을 최신 버전으로 업데이트 하시면 정상 사용 가능합니다.2. 보안 프로그램 충돌: 현대 디지털 키 App의 보안 솔루션 기능에서 Rooting이 탐지 될 경우 App이 자동으로 종료될 수 있습니다. 이 경우 스마트폰의 Root 권한을 사용하는 App을 삭제하시면 디지털 키 정상 사용 가능합니다.■ 스마트폰의 Root 권한을 사용하는 App 확인 방법구글 플레이 스토어 →“Root” 또는 “Superuser”로 검색 →해당 App 목록을 확인'),(1,'[현대 디지털 키]소유 차량 등록 확인은 어떻게 하나요?(중고차, 명의변경)','중고차 혹은 명의변경의 경우는 다음과 같은 절차로 차량 등록 가능합니다. (자동차 등록원부 상 \"대표 명의자\"만 인증이 가능합니다.)■ 디지털 키 APP 메뉴 [차량 인증] - [디지털 키 차량 등록 확인] - [팝업된 정보 입력]'),(1,'[현대 디지털 키]공동명의 차량인데 차량 등록이 안되는데 어떻게 해야 하나요?','현대 디지털 키 App은 \'자동차 등록원부\' 상 차량의 대표 명의자(1명)로 등재가 되어 있는 소유주 분만 인증이 가능합니다. 공동명의의 경우 역시 차량의 대표 명의자는 1명으로 대표 명의자가 키를 발급받고, 공동 명의자에게 키를 공유하는 방식으로 사용이 가능합니다.■ 차량 대표 명의자 확인 방법1) 인터넷 : 자동차 365(http://car365.go.kr)→ 자동차민원 대국민포털 → 등록원부발급(무료) → 차량 대표 명의자 확인'),(1,'[현대 디지털 키]휴대폰 nfc기능이 인식이 안돼요. 어떻게 해야하나요?','금속 혹은 두꺼운 핸드폰 케이스를 사용하거나 무선 충전 패드 위에 금속류의 부착물을 장착한 경우에는 전파 간섭에 의해 현대 디지털 키 이용에 제한이 있을 수 있습니다. 이 경우 휴대폰 케이스 및 패드 부착물 제거하시면 nfc 정상 인식 및 동작 가능합니다.'),(1,'[현대 디지털 키]핀번호 잊은 경우에는 어떻게 하나요?','홈페이지에서 마이페이지 상에 PIN 초기화 시, 탈퇴 없이도 본인인증을 하면 PIN을 새로 변경해 사용할 수 있습니다.'),(1,'[현대 디지털 키]안드로이드 OS 버전, 블루투스 버전 확인 방법은 어떻게 되나요?','안드로이드 OS 보는 법, 블루투스 버전 확인은 스마트폰 제조사 홈페이지를 참고해 주시기 바랍니다.'),(1,'[현대 디지털 키]NFC 카드키 등록은 어떻게 하나요?','NFC카드는 외부에서 구매가 가능해 발렛파킹 등에서 타인의 카드키를 쉽게 등록하는 것을 방지하기 위해 여러 인증 방법을 거쳐 등록이 가능합니다. NFC 카드 키 등록 방법은 다음과 같이 크게 2가지 절차로 구분됩니다.1. NFC 카드 키 등록 인증2. 차량 내 카드 키 등록1. NFC 카드 키 등록 인증(3가지 방법 중 택일)■ 블루투스 인증 방식1) 현대 디지털 키 앱 에서 [카드 키 등록 인증] – [블루투스 인증] 선택2) 인증 성공 메시지 확인 하고 5분 이내 [2. 차량 내 카드 키 등록] 절차 진행■ NFC 인증 방식1) 현대 디지털 키 앱에서 [카드 키 등록 인증] – [NFC 인증] 선택2) 운전석/조수석 도어 손잡이에 디지털 키(스마트폰) 접촉하여 인증 수행3) 인증 성공 메시지 확인 하고 5분 이내 [2. 차량 내 카드 키 등록] 절차 진행■ 스마트 키 인증 방식(아이폰 사용자 포함 아반떼CN7, 쏘나타 DN8 20MY 및 이후 출시 차종에 한함)1) 스마트 키 2개를 소지한 상태에서 차량에 탑승2) [2. 차량 내 카드 키 등록] 절차 진행2. 차량 내 카드 키 등록1) 1개 이상의 스마트 FOB 키를 소지한 상태로 차량 탑승 합니다2) 스마트폰 무선충전 패드에 카드 키를 거치합니다.3) AVN 화면에서 \'카드 키\' > \'등록\' 버튼을 눌러 카드 키를 차량에 등록합니다.'),(1,'[현대 디지털 키]LG 핸드폰은 GPS ON 해야 디지털키 사용이 가능한가요?','LG 기종 뿐만 아니라 삼성 기종에서도 일부 제조사/통신사 전용 서비스(각종 페이 등) 사용성 때문에 GPS를 켜야 NFC와 블루투스가 동작하는 스마트폰이 있습니다. 일반적으로 GPS ON 상태를 권장합니다.'),(2,'[차량 구매]EV케어 프로그램이란 무엇인가요?','기아 EV를 구매한 기아멤버스 회원이시라면 EV스타일케어, EV세이프티 케어에 가입하실 수 있습니다.기아EV케어'),(2,'[차량 구매]Kia EV 그린패스 요즘에는 어떤 서비스인가요?','멤버십 월 구독료는 매월 1일 정기 자동 결제됩니다.· 단,  1회 차의 경우,  신청 일자 기준 잔여기간을 일할 계산하여 청구하며, 2회 차부터 등록된 지불수단을 통해 정기 자동 결제가 이루어집니다.  * 단, 등록된 신용카드 청구 실패 시 고객에게 2번의 추가 청구를 진행,3번째 또한 청구 실패할 경우 해당 멤버십 자동 해지/자동 해지 후 재가입하여도 할인율 소급 적용 불가  월 정액 요금을 납부하면 약정된 충전 양만큼 에스에스차처, 한전 급속충전기에서 일정 비율 할인받으실 수 있는 요금제 상품입니다.  · SSC : 최대 50% 할인 / 한전 : 최대 20% 할인  라이트, 그린+ 두 가지 요금제가 있으며,  멤버십 월 구독료를 납부하시면 각 요금제별 약정된 충전 량까지 할인받으실 수 있습니다.* 자세한 내용은 아래 링크를 클릭해 주세요.Kia EV 그린패스'),(2,'[차량 구매]광고성 정보 수신 동의 확인 문자/이메일을 받았습니다.','기아차량 보유 고객 중 광고성 정보 수신에 동의하신 고객님께 수신동의 여부를 확인하는 메시지 입니다.이는 광고성 정보 수신에 동의한 고객님께 2년마다 수신동의 여부를 확인하는 것이 의무화 되면서 수신동의 확인을 위해 메시지를 발송해드렸습니다.또한, 수신 동의 철회 시 상품정보, 혜택정보, 프로모션 및 이벤트 안내 등을 받아보실 수 없으며, 광고성 정보 수신동의 철회 시 고객센터(080-200-2000)로 문의하여 주시기 바랍니다.'),(2,'[차량 구매]기아 전기차 구매시 보조금은 어떻게 되나요?','전기차 보조금은 전기차를 구매할 때 정부와 지자체에서 정한 전기자동차 보조금 지원대상 자동차를 신규로 구매해 국내에 등록할 경우 보조금을 지급하는 제도입니다.(구매보조금 지급 상한액은 아래표를 참고해주세요.) EV & PBV 카탈로그/가격표 바로가기 >'),(2,'[차량 구매]All-new Niro EV에 적용된 특화 기술은 어떤 게 있나요?','The All-new Niro EV에는 경제성과 편의성을 높이는 다양한 EV 특화 기술이 적용되어 있습니다.  ① 배터리 컨디셔닝 · 외부 온도가 낮을 때 배터리 온도를 최적화해 주행성능 유지 및 충전 시간 단축, 급속충전소를 목적지로 설정하면 배터리 온도를 미리 최적화해 도착 즉시 충전 가능하게 합니다.  ② 히트 펌프 & 배터리 히팅 시스템 · 고효율 난방 시스템인 히트 펌프 및 배터리 히팅 시스템 적용으로 겨울철 실 주행거리 및 충전시간을 확보합니다.  ③ 스마트 회생제동 시스템 2.0 · 전방 교통 흐름 및 내비게이션 지도 정보, 운전자 감속 패턴 정보를 이용하여 회생제동량을 자동 조절하는 기능으로 주행 효율성을 향상시킵니다.  ④ i-PEDAL 모드· 가속 페달만을 이용하여 가속 및 감속, 정차까지 가능한 원 페달 주행모드입니다. '),(2,'[차량 구매]내 차 관리를 위한 필수 앱, MyKia는 어떤 서비스 인가요?','나만의 꼼꼼한 개인비서, 더욱 강화된 개인화 서비스· 날씨, 차량 상태를 포함 사용자 데이터 기반 개인 맞춤형 화면과 콘텐츠를 제공합니다.· 차량 운행 후 안전운전 점수 및 운전 습관 데이터를 MyKia를 통해 확인해 보세요.· 정기 점검, 보증 및 리콜 정보까지 꼼꼼하게 챙겨주고, 가까운 정비소 검색과 손쉬운 예약을 도와줍니다.* 서비스 이용은 차종 및 사양에 따라 상이할 수 있으며, 일부 서비스는 datahub 서비스 가입 및 이용 동의 필요  더욱 똑똑해진 차계부로, 스마트하고 편리한 \'차량관리\'· 정비 이력 확인, 소모품 관리, 주유/EV  충전 내역, 자동차 할부 정보 등 내 차와 관련된 모든 비용을 한눈에 관리할 수 있습니다.· 항목별, 월별 리포트를 통해 지출 내역을 점검하고 전월과 비교하여 소비습관을 확인해 보세요.  EVerything for EV, EV 고객을 위한 특화 서비스· 기아 EV 멤버스 가입 하나로, 충전 걱정 끝!  충전 로밍 서비스와 구독형 충전 요금제, 이 모든 것을 기아멤버스 포인트로 결제할 수 있는 EV멤버스 혜택까지 EV고객만을 위한 다양한 특화 프로그램과 차별화된 혜택을 제공합니다.  기아 온라인 통합 회원을 위한 다양한 혜택과 이벤트· MyKia에 가입한 하나의 ID로 기아에서 제공하는 다양한 서비스를 이용하실 수 있습니다.(기아닷컴, 기아멤버스 홈페이지, 기아 디지털 키, Kia Connect 등)* 기아 디지털 키, Kia Connect 등 일부 서비스는 별도 서비스 가입 및 이용 동의 필요'),(2,'[차량 구매]기아 표준 서비스 용품이 무엇인가요?','기아는 이면 할인 판매 및 과다 서비스 용품 제공 행위를 금지하고, 공정한 판매 실천과 고객님께 최고의 서비스를 제공해 드리고자 차량 구입 시 표준 서비스 용품을 드리고 있습니다.표준 서비스 용품은 차량 계약 시 썬팅 시공권과 기아 컬렉션 KIT 중 택1하여 선택하실 수 있습니다.* 하기 구성품은 2020년 2월 기준이며, 서비스 용품 및 구성품은 변경될 수 있습니다.  ① 썬팅 시공권· 썬팅 필름은 현재 9종의 품목을 운영 중이며 PC 또는 모바일에서 지역별 시공점 및 필름 브랜드를 조회하실 수 있습니다.· 썬팅 시공 후에는 차량용 먼지떨이개를 추가 지급해드립니다.  ② 기아 컬렉션 KIT· 차량 출고 후 계약 시 신청하신 배소 주소지로 택배 발송해드립니다.· 구성품목(6종) : 트렁크 정리함, 멀티 담요, 차량용 먼지떨이개, 목베개, 전면 유리커버, LED 라이트 바 풀 세트기아 온라인 썬팅시공점 및 필름 브랜드 조회'),(2,'[차량 구매]시승 신청은 어떻게 해야 하나요?','기아는 시승체험 편의 고객만족을 위해 다양한 시승서비스를 제공하고 있습니다. 고객님께서 희망하시는 가까운 센터에서 최고의 서비스를 직접 만나실 수 있습니다. 시승 신청은 기아 홈페이지(www.kia.com) 회원가입 및 로그인 후 신청하실 수 있으며, 예약 취소 시 재신청은 1주일 후부터 가능합니다.    * 시승 예약 절차 : 기아 시승서비스는 고객님께서 시승 예약 시 지정하신 동승 영업 담당과 시승 가능여부 확인 후 예약이 확정됩니다.시승 신청 바로가기 >'),(2,'[차량 구매]기아 통합 계정이 무엇인가요?','기아 통합 계정은, 기아닷컴 / 기아멤버스 홈페이지 / MyKia 모바일 앱 / 기아 디지털키 / Kia Connect 등 기아에서 제공하는 서비스를 사용하기 위한 계정으로, 하나의 ID로 모든 서비스를 이용할 수 있습니다.* 단, 로그인 후 각 서비스 별로 추가적인 서비스 가입이 필요합니다.* 기아닷컴 / 기아멤버스 홈페이지 / MyKia에 가입 시도 시, 정상적으로 가입이 이루어지지 않은 경우에는 기타 서비스(Kia Connect 등)의 가입 여부를 먼저 점검해 보시기 바랍니다. 타 서비스 가입 이력이 있다면 별도 가입 절차 없이 해당 ID로 로그인 및 서비스 이용 가능합니다.'),(2,'[차량 구매]상승 내장탑차가 무엇인가요?','상승 내장탑차는 단, 1대로 저상형에서 플러스형 높이까지 조절이 가능한 탑차입니다. 탑과 캐빈이 유사한 높이로 설계되어 지하주차장 출입이 용이한 저상형 높이부터  넓은 적재용적으로 높은 수용효율을 제공하는 플러스형 높이까지 조절이 가능합니다.'),(2,'[차량 구매]스마트 드라이브 케어(Smart Driver Care)가 무엇인가요?','Smart Driver Care란 차량 주행 정보를 기반으로 운전습관 분석을 통해 안전운전점수 70점 이상을 달성한 고객의 보험료를 추가 할인해 드리는 혜택으로 기아와 현대해상 간의 제휴를 통해 UVO 장착 차량을 대상으로 한 UBI 특약보험입니다. * UBI = Usage Based Insurance 의 줄임말로 “운전습관기반보험” 을 의미함  · 명칭 : Smart Driver Care· 판매개시 : ‘19년 6월 13일 · 보험사 : 현대해상 (커넥티드카 UBI특약) · 가입방법 : UVO 서비스 이용 고객이 자동차 보험 가입 시 운행 데이터 제공에 동의하면  이를 기반으로 안전운전점수 70점 이상 획득 시 UBI 특약 할인 적용 · 고객혜택 : 자동차 보험료 할인 12% = UVO 장착 할인 7% + UBI 할인 5%  안전운전점수· 최근 90일 이내 1,000km 주행거리를 기준으로 UVO 앱을 통한 운전습관 분석 결과를 토대로 안전운전 점수 부여기아자동차 UVO· 스마트폰을 활용하여 차량을 원격제어 및 관리하는 어플리케이션 시스템현대해상 UBI· 차량 운전 데이터에 기반하여 안전 운전자에게 자동차 보험료를 할인해주는 특약보험안전운전(UBI) 할인· UBI 특약 가입 시점 기준, 보함 만기까지 잔여기간 내 할인율 적용  * 보험관련 자세한 사항은 현대해상 고객센터(1588-5656)를 통해 확인하실 수 있습니다.'),(2,'[차량 구매]LPG 연료 차량의 장점이 무엇인가요?','① 합리적인 차량 가격· LPG를 연료로 하는 LPI 차량의 장점은 동급 가솔린 모델보다 차량 가격이 합리적입니다. ② 저렴한 LPG 연료 가격· LPG 연료 가격이 저렴하여 가솔린 대비 경제적입니다. · LPI 차량의 연비가 가솔린 차량보다 다소 낮지만 연료 가격이 가솔린 가격보다 저렴한 부분이 훨씬 크므로 결과적으로 25~30% 정도 유지 비용이 저렴합니다.③ 환경기여· 환경부 기준 미세먼지를 유발하는 질소산화물 배출량이 경유차 보다 7.5배 이상 적어 환경에 기여합니다.'),(2,'[차량 구매]LPG 연료 차량을 모든 사람이 구입할 수 있다는데 어떤 내용인가요?','최근 정부가 내놓은 미세먼지 대책방안의 일환으로 LPG 연료 사용에 대한 규제가 완화됐습니다. 이전까지 LPG 차량은 장애인/국가유공자가 소유할 수 있었고, 택시/렌터카 같은 사업용 차량, 경차 및 5인승 이상 RV 차량으로 용도와 구매 대상이 제한되어 왔습니다.   때문에 휘발유나 경유 값에 비해 50~60%에 불과할 정도로 연료 값이 저렴함에도 LPG 차량의 시장 점유율은 10%를 넘지 못 했으나 이번 미세먼지 대책 방안으로 인해 규제가 완전히 풀리게 되면서, LPG 차량의 보유가 확대될 것으로 보입니다.   당사에는 모닝 1.0 LPI, 더 뉴 레이 1.0 LPI, 봉고Ⅲ 2.4 LPI, K5 2.0 LPI, K7 3.0 LPI와 같은 5종의 LPG 모델 라인업을 갖고 있으며, 이번 LPG 규제 완화로 혜택을 볼 수 있는 당사의 차종은 K5 2.0 LPI, K7 3.0 LPI 차량입니다.'),(2,'[차량 구매]차량 구입 비용을 현금으로 결제하면 할인을 더 받을 수 있나요?','차량 구입 비용 현금 결제 시 추가 할인은 없습니다.    신용카드가맹점은 신용카드로 거래한다는 이유로 신용카드 결제를 거절하거나 신용카드회원을 불리하게 대우할 수 없습니다. 현금으로 결제 시 할인 혜택은 신용카드회원에 대한 불리한 대우며, 현금 결제를 유도하거나 종용하는 행위는 여신전문금융업법 위반사항에 해당합니다.   * 여신전문금융업법 제19조(가맹점의 준수사항)  ① 신용카드가맹점은 신용카드로 거래한다는 이유로 신용카드 결제를 거절하거나 신용카드회원을 불리하게 대우하지 못한다.[개정 2010.3.12] [시행일 2010.6.13]'),(2,'[차량 구매]해약하는 경우 계약금을 돌려 받을 수 있나요?','계약 후 차량 출고 전 해약은 고객님께서 계약하신 지점/대리점을 통해 진행 가능합니다. 차량매매계약서, 통장 계좌(본인 명의), 신분증을 제출해주셔야 하며, 추가적인 상담 및 필요서류 확인을 위해 번거로우시더라도, 방문 전 지점/대리점 운영과에 유선 상담 바랍니다.    자동차 매매계약 체결 후 해약을 하시는 경우, 계약금은 전액 반환하여 드립니다. 금액은 계약하신 고객님 본인 명의의 통장 계좌로 입금처리 되므로, 해약 신청 시 통장 사본을 제출해주셔야 합니다.'),(2,'[차량 구매]장애인 면세로 차량구입 시 제출서류는 무엇인가요?','차량 출고 전 제출서류· 일반장애인 : 신분증, 장애인 증명서(관할 주민센터 발급) 제출 · 국가유공상이자 : 신분증, 상이등급이 기재된 국가유공자 증서 제출    차량 출고 후 제출서류· 일반장애인 : 장애인 증명서 사본, 자동차등록증 사본, 주민등록등본 원본  운전면허증 사본 (본인 또는 장애인과 생계를 함께 하는 자)  등록원부갑부 원본(공동명의 확인용)  · 국가유공상이자 : 국가유공자증서 사본(상이등급 기재), 자동차등록증 사본, 주민등록등본 원본 운전면허증 사본 (본인 또는 장애인과 생계를 함께 하는 자) 등록원부갑부 원본(공동명의 확인용)    * 차량을 공동명의 및 할부로 구입하시면 추가 서류가 필요합니다.  자세한 사항은 영업직사원 통해 안내 받으실 수 있습니다.'),(2,'[차량 구매]특장차량 중 냉온장탑차는 어떤 차량인가요?','고객 필요에 따라 냉동·히팅을 위해 탑 내 온도를 자유롭게 조절 가능한 차량입니다.냉동, 히팅이 각각 독립된 시스템으로 작동되는데, 냉동시스템은 냉매를 사용하며 히팅시스템은 엔진 열기를  이용하여 겨울철에도 성능저하 없이 히팅 가능합니다. (냉동기 이상 여부와 상관없이 히팅시스템 구동 가능)    유용하게 사용하실 수 있는 업종  · 냉동·냉장제품 운송업(축산물, 수산물, 채소, 야채, 유제품, 빙과류, 냉동식품 등)· 온장제품 운송업(의약품, 출장뷔페, 급식업체, 식자재, 프린터 잉크 등)· 겨울철에 도시락, 과일 등을 얼지 않게 배송해야 하는 고객   · 항상 일정 온도(약 15ºC)로 관리해야 하는 의약품을 배송하는 고객  · 한파에 깨질 위험이 있는 유리병 제품(술, 음료수) 등을 배송하는 고객'),(2,'[차량 구매]차량 구입 시 차량대금을 입금할 수 있는 입금계좌가 따로 있나요?','자동차 매매대금의 송금은 별도로 통지하는 기아(주) 계좌로만 가능합니다. 차량계약 후 계약자 본인의 가상계좌를 안내해드리고 있으며, 지정된 가상계좌는 계약하신 지점 또는 대리점에 문의하시면 확인 가능합니다.  차량계약금 및 차량대금은 계약자 본인의 가상계좌로 송금하여 주시고, 무통장 입금증을 잘 보관하여 주시기 바랍니다.    가상계좌란?  · 다수의 고객과 거래하는 기업이 은행으로부터 가상계좌를 발급받아 고객에게 부여하고, 수납대금이 개별 가상계좌에 입금되면 은행에서 실시간(또는 지정된 시각)으로 기업의 모계좌에  자동으로 이체해주는 서비스입니다.'),(2,'[차량 구매]차량 구입 시 납부하는 ‘의무보험료’는 무엇인가요?','의무보험료는 차량이 출고된 후 임시운행기간 동안에만 유효한 보험입니다.   임시운행 기간 중 발생되는 교통사고 피해자의 피해배상 보장을 위한  자동차 손해배상 보장법 개정으로 임시운행 허가차량의 의무보험을 반드시 가입·납부하셔야 합니다.  보상책임기간은 출고일부터 임시운행 허가기간인 10일 동안이며, 의무보험은 1회 소멸성 보험으로 임시운행증을 반납하거나  다른 책임보험에 가입하시는 경우 자동으로 해지됩니다.  차량을 구입하신 경우 임시운행 허가기간 종료 이전에  1년 만기 책임보험 or 종합보험에 반드시 가입하셔야 합니다.    * 기타 의무보험과 관련한 사항은 현대해상화재보험 고객콜센터를 통해 상담받으실 수 있습니다.(현대해상화재보험 고객 콜센터 : 1588-5656) '),(2,'[차량 구매]기아 리스에 대해 알고 싶습니다.','자동차 리스는 리스사(캐피탈사)가 고객이 원하는 자동차를 대신 구매하여 일정계약을 맺고 개인에게 차량을 대여하는 서비스 입니다. 자동차의 명의와 소유는 리스사(캐피탈사)이며, 고객이 매월 대여료를 납부하고 대여하는 방식의 자동차 금융 상품 입니다.  고객의 다양한 Needs(차량/색상/옵션 등)에 맞는 맞춤형 차량 구성이 가능하며, 자동차 리스와 관련한 자세한 상담은 전국 기아차 영업점이나 현대캐피탈 고객센터(1588-5211)로 문의하시면 확인할 수 있습니다.    차량이 고장났을 경우 어떻게 해야 하나요?  · 차량이 고장났을 경우, 고객님께서 직접 정비를 진행하셔야 합니다. 리스차량도 기아 보증기간이  동일하게 적용되며, 기아 정비 네트워크에서 수리 가능합니다.    월 납입금에 세금과 기타비용이 포함되어 있다고 하는데, 구체적으로 어떻게 되나요?  · 차량 구매 후 납부하는 차량대금, 취·등록세, 자동차세, 공채비용 등이 월 납입금에 포함됩니다.  추가적으로 연 보험료도 월 납입금에 포함시켜 무이자로 분납할 수 있으며,  차량 운행 시 발생할 수 있는 범칙금 및 과태료도 대납 처리할 수 있습니다. (대납 후 별도 청구)  상품설명· 각종 세금 및 서비스 이용대금을 포함하고도 할부보다 40% 저렵하게 이용 가능'),(2,'[차량 구매]경차 유류세 환급 제도는 어떤 내용인가요?','정부에서 서민의 유류비 부담 완화를 위하여 경차 소유자의 유류세 일부를 환급해 주는 제도입니다.    ① 감면대상· 배기량 1,000CC미만의 자동차를 소유한 자로서,  경차 소유자 및 주민등록표상 동거가족이 소유한 승용차 또는 승합차 각각의 합계가 1대인 경우   · 에너지 및 자원사업 특별회계법 시행령 제 3조 제 1항 제 10호의 2에 따른,  지원사업의 수혜대상자인 장애인 또는 국가유공자가 아닌 경우   ② 감면내용· 휘발유·경유 250원/ℓ, LPG 160.82원/ℓ 할인  (유류세 환급 단가는 정부정책에 따라 변동 가능)  ③ 감면한도 : 최대 20만원  ④ 적용기한 : ’18.12.31  * 해당 제도는 자동차 관련 주요 정책·제도 변경에 따라 변동될 수 있습니다. (조세특례제한법) * 경차 유류세 환급제도는 2008년도에 한시적으로 도입하여 2년마다 갱신·운영되고 있는 제도이며,  정부 정책에 따라 운영 기간은 변동될 수 있습니다.     환급대상① 경형승용차 1대만 소유한 경우(모닝, 레이등)② 경형승합차 1대만 소유한 경우③ 경형승용차와 경형승합차 각 1대씩만 소유한 경우· 경형승용차, 경형승합차 각 1대씩 총 2대를 소유헸다면 모두 가능④ 경형승용차 1대와 화물차 1대 소유한 경우⑤ 경형승용차 1대를 공동명의로 소유한 경우(1인만)⑥ 경형승용(승합)차 1대 소유자가 사업자인 경우  비 환급대상① 경형승용차 1대와 승용차 1대 소유한 경우② 경형승용(승합)차 1대만 소유하고 있으나 장애인 또는 국가유공자 유류비 지원 대상인 경우③ 경형승용차 1대와 개인택시(승용차) 1대 소유한 경우④ 경형승용(승합)차 1대였으나 세대 합가로 2차량이 된 경우· 세대가 추후 분리된 경우 가능'),(2,'[차량 구매]장기 렌터카를 구입하고 싶습니다. 어떻게 하면 되나요?','전국의 기아 영업지점이나, 렌터카영업소를 통해 구입 상담이 가능합니다.  기아렌터카 영업소판매 네트워크 바로가기 >'),(2,'[차량 구매]차량(구입, 등록, 소유 시)에 부과되는 세금은 어떤 종류가 있나요?','구입 단계 : 개별소비세, 교육세, 부가가치세가 차량 가격에 포함되어 부과  등록 단계 : 취득세 부과  소유 단계 : 자동차세 연단위로 부과    * 그 외에 공채 매입과경유자동차에 부과되는 환경개선부담금이 있습니다.  자세한 내용은 기아홈페이지에서 확인하실 수 있습니다.세금 바로가기 >'),(2,'[차량 구매]경차 구입 시 어떤 혜택을 받을 수 있나요?','① 개소세 면제 및 취등록세 감면· 4%(단, 취득세액이 50만원 이하인 경우에는 면제)  ② 저렴한 자동차세· 모닝 998c 기준 자동차세 79,840원 + 지방교육세 23,952원  ③ 유류세 환급· 매년 20만원 한도 내에서 리터 당 250원 환급 가능(각종 카드사에서 발급 가능한 경차전용 카드 사용만 가능)  ④ 기타· 이외에도 공영 주차장 50% 할인, 통행 요금 50% 할인 등 다양한 혜택을 누리실 수 있습니다.'),(2,'[차량 구매]차량 구입 시 차량에 장착되는 타이어를 선택할 수 있나요?','차량에 장착되는 타이어는 엄격한 품질조사를 통해 최상의 부품을 선정하여 공급하고 있습니다.자동차부품은 품질향상 및 안정적 부품공급을 위해 복수업체를 사용하고 있으며,따라서 차량에 장착되는 타이어는 제조사 별 임의 선택은 불가합니다.'),(2,'[차량 구매]차량 구입 시 세금계산서 발급 대상은 어떻게 되나요?','부가가치세법에 의거 개인 및 사업자 구분과 차종에 따라 영수증 또는 세금계산서를 발급하게 되어있습니다.당사에서는 개인인 경우 경차, 상용차, 버스, 카니발 차량에 한하여세금계산서를 발급하며 이외의 차종은 영수증을 발행하여 드립니다.또한, 사업자인 경우에는 차종에 관계없이 세금계산서를 발행하여 드립니다. 세금계산서와 영수증은 차량 출하 시 발급되며, 재발급이 필요하신 경우 차량을 구입하신 판매점(지점, 대리점)을 통해 확인 가능하십니다.'),(2,'[차량 구매]자동차 구입 비용은 소득공제 및 현금영수증을 받을 수 있나요?','부동산·자동차 등 등기·등록이 되는 재산의 구입비용은 현금영수증 제도 시행부터 근로자의 소득공제 대상에서 제외하고 있으며, 소득공제 제외 대상이 되는 지출의 경우에는 현금영수증 발급대상에서도 제외되고 있습니다.  * 소득공제 제외항목 : 자동차, 부동산, 선박, 상호, 상표권 등    참고로 연말정산 및 세무상담에 관한 자세한 사항은 국세청 홈페이지 또는 대표상담전화 국번없이 126에서 안내 받으실 수 있습니다.국세청'),(2,'[차량 구매]차종별로 구동방식은 어떻게 적용되나요?','① 전륜 구동방식· 승용 : 더 뉴 모닝, 더 뉴 프라이드, 더 뉴 K3(쿱), K5, 올 뉴 K7  · RV : 레이, 쏘울(EV), 카렌스, 스포티지, 쏘렌토, 카니발, 니로, 스토닉   ② 후륜 구동방식  · 승용 : 더 뉴 K9, 스팅어  ·  RV : 더 뉴 모하비  · 상용 : 봉고Ⅲ 트럭    ③ 4륜 구동방식  · 스포티지, 쏘렌토, 더 뉴 모하비  * 4륜 선택 차종에 한함 '),(2,'[차량 구매]기아에서 실시하는 이벤트가 있나요?','기아에서 실시하는 이벤트는 홈페이지에서 확인 또는 참여하실 수 있습니다.참고로 이벤트는 매월 시장, 계절 또는 월별 특성에 맞추어 계획/운영되기 때문에매월 이벤트 내용이 변경될 수 있습니다.진행 중인 이벤트 바로가기 >'),(2,'[차량 구매]차종별 판매조건은 어떻게 되나요?','이달의 판매조건은 기아 홈페이지 > 구매 > 이 달의 구매 혜택에서 확인 가능합니다. 또한, 판매조건은 시장 및 재고 상황을 고려하고, 계절 또는 월별 특성에 맞추어 계획/운영되기 때문에매월 조건이 변경될 수 있습니다.  기아는 전국 어디서나 동일한 가격과 조건으로 판매되고 있으며, 자세한 내용은지점/대리점에 문의하여 주시기 바랍니다.이 달의 구매 혜택 바로가기 >'),(2,'[차량 구매]기아 전시차 및 시승차량은 어디에서 확인할 수 있나요?','기아 홈페이지에서 전시차 및 시승예약서비스를 확인하실 수 있습니다.  단, 상황에 따라 시승차 및 전시차 현황이 상이할 수 있으니 영업점으로 확인 후 방문하여 주시기 바랍니다.  판매 네트워크 바로가기 >시승 신청 바로가기 >'),(2,'[차량 구매]차량 견적을 받는 방법은 무엇인가요?','차량 견적은 기아 홈페이지에서 간단히 이용이 가능합니다.홈페이지에서는 차량 판매가격과 옵션을 선택하여 견적을 이용하실 수 있습니다.또한, 홈페이지 로그인을 하시면 할부 및 차량에 대한 세금 등을 포함한 상세 견적을 이용하실 수 있습니다.  아울러, 자세한 문의는 구매상담 전용회선(1588-1100) 또는 가까운 지점/대리점으로 문의하여 주시기 바랍니다.견적 내기 바로가기 >'),(2,'[차량 구매]차량대금 신용카드 결제 시 본인 이외 카드로 결제 가능한가요?','차량 구매자가 개인인 경우 본인 카드만 이용이 가능하며, 계약자가 본인 외 1인인 경우 본인 외 1인의 카드도 허용됩니다. 개인사업자인 경우 사업자명의 및 대표자 본인카드, 법인인 경우 법인명의 카드만 사용이 가능합니다.  신용카드 결제 범위· 단독개인명의 : 본인 신용카드, 체크카드만 사용가능 (가족카드, 기프트카드(상품권) 불가)· 공동명의 : 공동명의자 카드 사용가능, (공동명의자가 개인사업자일 경우 사업자 카드 불가)· 개인사업자 : 사업자, 대표자 개인카드만 가능 (개인 사업자의 기업카드, 공동사업자 유선승인)· 법인사업자 : 법인신용카드만 사용가능 (개인 신용카드 불가)     법인기명식카드 → 대표이사, 직원, 사외이사 : 재직증명서, 법인등기부등본 첨부)  * 여신전문금융업법에 의거하여 신용카드는 명의자의 사용 동의 여부를 불문하고 타인의 카드를 양도하여 사용할 수 없기 때문에 본인 명의 신용카드로만 결제 가능합니다.'),(2,'[차량 구매]장애인차량을 타인에게 어떻게 양도 할 수 있나요?','장애인 차량을 일반인에게 양도할 경우개별소비세 면제 차량 취득 후 5년 이내 장애인이 아닌 일반인에게 양도할경우에는 양도시점에서 개별소비세가 부과됩니다  장애인에게 양도할 경우양수자에게 면세반출 관련 구비서류를 제출받아 양도일이 속하는 달의 다음 달 말까지관할 세무서에 신고하여야 하며 , 신고하지 않은 경우 개별소비세가 징수됩니다.  * 자세한 내용은 관할 관청으로 문의바랍니다.'),(2,'[차량 구매]개명을 했는데 기아에 제공된 개인정보 변경 방법은 무엇인가요?','개명 후 회원정보 변경은 당사 기아 홈페이지 또는 고객센터(080-200-2000)에서 가능합니다.    기아 홈페이지에서 변경 할 경우  \'마이페이지 > 회원정보 수정\'에서 가능합니다.이름 변경 시에는 ‘아이핀 인증하기’ 또는 ‘휴대폰으로 인증하기’를 통해 실명인증 후 변경하실 수 있습니다.     * 홈페이지 사용을 할 수 없거나, 위와 같은 방법으로 진행 시 정상적으로 변경이 되지 않을 경우 고객센터(080-200-2000)로 문의하여 주시기바랍니다. 회원정보 수정 바로가기 >'),(2,'[차량 구매]장애인이 차량을 구입할 때 어떤 혜택이 있나요?','장애인 조건으로 차량 구입 시 혜택 (서울시 기준)① 개별소비세 면제 ② 지방세(취득세, 자동차세) 면제 ③ 공채매입 면제 · 일반장애 1~3급 및 국가유공상이 1~7급은 1,2,3번의 혜택을 모두 받으실 수 있으며 그 이외의 장애등급 고객께서는 공채매입 면제만 가능합니다. · 지방세는 지방자치 단체별로 면세규정에 차이가 있으므로 구입 전 확인이 필요합니다.'),(2,'[차량 구매]지점과 대리점의 차량 판매금액이 다른가요?','기아는 판매질서 확립과 고객보호를 위해 정도판매 정책을 적극적으로 추진해왔으며, 그 일환으로 전국 지점 및 대리점 어디서나 동일한 가격과 조건으로 차량을 판매하고 있습니다.차량 구매와 관련하여 보다 상세한 내용은 가까운 기아 지점(대리점)으로 문의하여 주시기 바랍니다.'),(2,'[차량 구매]차량에 근저당 설정이 되어 있는데 말소할 수 있는 방법은 무엇인가요?','차량 근저당 설정은 통상적으로 캐피탈 할부를 이용하여 구입할 때 캐피탈 회사에서 신용 또는 보증인 이외에 별도의 채권확보가 필요할 경우에 근저당 설정을 하게 됩니다.캐피탈 회사에 차량 할부금 완불했을 경우에만 근저당 해지가 가능하며, 필요서류 및 자세한 내용은 근저당을 설정한 캐피탈 회사로 문의하여 주시기 바랍니다.'),(2,'[차량 구매]카달로그/가격표는 어디서 확인 가능한가요?','카달로그/가격표는 기아 홈페이지 내에서 확인하실 수 있습니다. 또한, 관심 차종을 선택하시면 차량의 특징, 갤러리, 제원, 차량안전도, 가격 등의 정보를 확인하실 수 있습니다.   카탈로그/가격표 바로가기 >'),(2,'[차량 정비]단속 카메라 및 안내 경로에 대한 오류 등이 발행하는 경우 어떤 조치를 취할 수 있나요?','사고를 목격하시거나, 갑작스러운 도로 공사, 통제, 포트홀로 길이 막힌 경우, 지도안내 화면에서 해당 지점을 길게 누르면, ‘사용자 신고’를 바로 실행할 수 있습니다.신고된 정보는 향후 안전 운행을 위한 소중한 데이터로 활용됩니다. * 지도 정보가 이상하면 “지도정보”, 도로 카메라 정보가 잘못되어 있으면 “카메라”, 터널 등 외부 공기를 차단해야 할 곳이 있다면 “외부 공기 차단”을 눌러주세요.* 표준형5W, 고급형6세대 가 적용된 차종에서 제공됩니다.'),(2,'[차량 정비]모바일 내비게이션 대비 기아 내비게이션의 ‘도착 예정 시간’은 정확한가요?','기아 내비게이션은 커넥티드 카 기반의 교통 정보 활용, 경로 탐색 품질이 개선되는 순환 구조를 통해 안정된 경로 품질을 제공하고 있습니다. '),(2,'[차량 정비]모바일 내비게이션과 차별화 되는 기아 내비게이션만의 특장점은 무엇인가요?','① 일반 지도만 사용하는 모바일 내비게이션과는 달리 국내 전국 ADAS 지도 구축을 통해 정확한 지도 정보를 제공합니다.② GPS 수신정보 외 차량 내 센서 데이터를 이용하여 터널,지하차도, 지하주차장에서도 정확한 길 안내 서비스를 제공합니다.* 지하주차장 지도를 제공하는 주차장은 코엑스, 롯데 월드, 현대 프리미엄 아울렛 김포, 더현대 서울, 현대백화점 판교점, 디에이치 자이 개포, 디에이치 반포 라클라스 등 을 제공하고 있으며, 앞으로 지속적으로  확대 예정입니다. ③ 지도 데이터 및 위치 데이터를 활용한 다양한 차량 연동 기능을 통해 차량 내 고객에게 보다 안전하고 편리한 기능을 제공합니다.- 터널 진입 시 외부공기 유입방지 제어, 내비게이션 연동 스마트 크루즈 컨트롤, 그린존 드라이브 모드 등'),(2,'[차량 정비]내비게이션 외 클러스터와 헤드업 디스플레이도 무선 업데이트가 되나요?','2022년 7월 정기 업데이트 시, ‘THE NEW K9 2021’ 모델에 헤드업 디스플레이(HUD)의 길 안내 그래픽이 새롭게 적용 되었습니다.추후 대상 차종 확대 예정이며, 헤드업 디스플레이 업데이트는 해당 옵션 장착 차량만 가능합니다.* 클러스터와 헤드업 디스플레이 업데이트 적용 여부는 차종마다 상이할 수 있습니다.* 지자체 실 도로 유도선 색상과 클러스터/헤드업 디스플레이/내비게이션 유도 색상 정보 동일하게 반영하여 운전자 편의 강화'),(2,'[차량 정비]내비게이션 무선 업데이트는 어떻게 이뤄지나요?','일정 시간 이상 주행 시, 최신 버전의 지도와 소프트웨어로 자동 업데이트가 진행되며, 주행 종료 후 시동을 끌 때 팝업 표시창의 ‘시작’ 버튼을 누르면 시스템 업데이트까지 최종 완료됩니다.* 업데이트 상태 확인은 \'설정-일반-SW정보/업데이트\' 에서 확인할 수 있습니다.'),(2,'[차량 정비]내비게이션 업데이트 주기가 어떻게 되나요?','내비게이션은 연 6회 정기 유/무선 업데이트를 통해 최신 지도 및 안정적인 내비게이션 시스템 & 신규 기능 적용을 제공하고 있으며,OTA 무선 업데이트를 통해 더욱 편리한 업데이트 경험을 제공하고 있습니다. (단속 카메라 반영 등 기본 정보는 수시로 업데이트 중에 있음)* OTA 무선 업데이트를 위해서는 기아커넥트 서비스 가입이 필요하며, 표준형5W/고급형6세대가 적용된 차종에서 제공됩니다. '),(2,'[차량 정비]빌트인 캠 USB메모리 저장버튼이 활성화가 안됩니다. 어떻게 해야 하나요?','USB 연결 단자를 확인해 주세요. 정상적으로 연결 시 화면 상단에 USB 연결 아이콘이 표시됩니다.빌트인 캠 전용 단자는 멀티미디어 USB단자와 다르게 글로브 박스 또는 콘솔 박스 내부에 위치해 있습니다. (차종별 상이)'),(2,'[차량 정비]빌트인 캠 업데이트를 하지 않으면 영상 녹화가 안되나요?','업데이트와 영상 녹화는 관련이 없습니다. 다만, 업데이트를 하지 않은 경우 스마트폰 연결 오류 등 일부 기능이 정상적으로 동작하지 않을 수 있으니 꼭 업데이트를 받으시기 바랍니다. '),(2,'[차량 정비]빌트인 캠 녹화영상 관리 방법이 궁금합니다.','주행 중 상시 영상은 최대 3시간, 주차 중 상시 영상은 최대 20시간, 주행/주차 중 충격감지 이벤트는 최대 40건, 수동 스위치 녹화는 최대 30건 까지 저장 가능합니다.저장공간 초과 시 가장 이른 녹화영상부터 자동 삭제되므로, 중요파일은 보관함[★]에 저장하시거나 사고 직후에도 차량 주행 필요 시 \'주행중 녹화기능\'을 꺼주세요.* 주행 중 상시 / 주차 중 상시 / 주행 중 이벤트 / 주차 중 이벤트 영상은 독립적으로 분할 저장됩니다.'),(2,'[차량 정비]빌트인 캠 이벤트 알림을 설정했는데도 알림 메세지가 오지 않습니다. 어떻게 해야 하나요?','① 이벤트 알림은 민감도 설정값이 3단계 이하인 경우만 제공하고 있습니다. 민감도 4단계 이상 설정한 경우에도, 이벤트 알림 여부와 상관없이 녹화기능은 작동하고 있으니, 걱정마세요. * 민감도 4,5단계 이벤트 알림 없는 이유 : 이벤트 알림은 주차 후 최대 5회까지 제공되며, 민감도를 높게 설정할 경우 정말 중요한 이벤트 알림을 받을 수 없어 민감도 보통 이하에서만 알림을 제공하고 있습니다.* 이벤트 알림 설정 방법 : 인포테인먼트 시스템의 빌트인 캠 화면에서 \'빌트인 캠 설정>녹화>주차 중 이벤트 알림\'을 선택하면 커넥티드 서비스 앱을 통해 알림을 받을 수 있습니다. 단, 커넥티드 서비스에 가입 후 앱에서도 알림을 받도록 설정하여야 합니다.  ② 이벤트 알림은 불필요한 알림이 가지 않도록 차량 잠금(도난경보장치 경계 상태) 후 발생한 이벤트에 대해서만 알림을 보내고 있습니다. 녹화 기능은 작동하고 있으니, 걱정 마세요.'),(2,'[차량 정비]빌트인 캠이 스마트폰 USB 케이블에 연결이 잘 안됩니다. 어떻게 해야 하나요?','① 빌트인 캠 SW 버전을 확인하시고 최신 SW로 업그레이드해 주세요.· 최신 SW 버전이 아닌 경우, 스마트폰 연결시 오류가 발생할 수 있습니다.* 최신 SW 여부 확인 방법 : 인포테인먼트 시스템의 빌트인 캠 화면에서 \'빌트인 캠 설정>빌트인 캠 소프트웨어 정보\'를 선택하면 차량에 설치된 SW 정보를 확인할 수 있습니다. 최신 SW 버전 정보는 빌트인 캠 업데이트 홈페이지 공지사항을 확인하십시오.  ② USB 케이블을 확인해 주세요. · 데이터 통신이 가능한 USB 케이블 사용이 필요하며(충전용 케이블 사용 불가) 노후된 케이블 사용 시 연결이 되지 않을 수 있습니다. '),(2,'[차량 정비]빌트인 캠을 업데이트 할 때 에러가 발생합니다. 어떻게 해야 하나요?','① 다운로드한 파일을 확인해 주세요.· 다운로드 시 파일명은 변경하지 말아주세요.· 다운로드 시 파일 열기 또는 압축해제 하지 마시고, 그대로 USB 메모리에 저장해 주세요.· 차종을 맞게 선택하셨는지 다시 한번 확인해 주세요. (동일 차종 내 동력계통별, 연식별 파일 상이)  ② USB 연결 단자를 확인해 주세요.· 빌트인 캠 전용 단자는 멀티미디어 USB단자와 다르게 글로브 박스 또는 콘솔 박스 내부에 위치해 있습니다. (차종별 상이)'),(2,'[차량 정비]빌트인 캠 녹화 영상이 없습니다. 어떻게 해야 하나요?','① 녹화 설정 여부를 확인해 주세요.· 주행 중 상시 / 이벤트, 주차 중 상시 / 이벤트 모두 체크되어 있는지 확인해 주세요.  ② 프로필별 설정 여부를 확인해 주세요. · 운전자1,2,게스트 모두 빌트인 캠 녹화 설정이 되어 있어야 운전자가 변경되어도 녹화가 유지됩니다.* 인포테인먼트 시스템에서 프로필 삭제 및 설정을 초기화 할 경우, 빌트인 캠 설정도 초기화되어 다시 설정이 필요합니다.  ③ (주차 중 녹화가 안되는 경우) 주차 중 녹화 시간 설정값을 확인해 주세요. · 주차 중 녹화시간은 최대 10시간 or 12시간 설정이 가능합니다. (차종별 상이)  ④ (주차 중 녹화가 안되는 경우) 보조배터리 충전량을 확인해 주세요.· 보조배터리 충전량이 충분치 않은 경우, 설정한 주차 중 녹화시간이 도달하기 전 녹화가 종료될 수 있습니다.* 보조배터리 연동한 녹화가능시간 확인 방법 : 인포테인먼트 시스템의 빌트인 캠 화면에서 \'빌트인 캠 설정 > 녹화 > 주차 중 녹화 시간\'을 선택하면 오른쪽 설명 문구에 현재 배터리로 녹화 가능한 시간을 확인할 수 있습니다.* 보조배터리 완충까지는 약 1시간 30분 이상 충분한 주행이 필요합니다. (차종별 상이)  ⑤ 이벤트 감지 민감도 설정값을 확인해 주세요.· 출고시 민감도는 보통(3단계)으로 설정되어 있습니다. 필요시 민감도를 높여주세요.'),(2,'[차량 정비]EV6의 충전 도어 안에 번개 모양의 버튼은 무슨 기능인가요?','EV6의 충전 도어 內 번개 모양 버튼은 즉시 충전 버튼입니다.만약에 예약 충전을 해지하고, 즉시 충전으로 전환하고 싶을 경우에는 해당 버튼을 2초 이상 누르면예약 충전이 자동으로 해지되며 즉시 충전으로 전환됩니다. '),(2,'[차량 정비]하이브리드 차량 12V 배터리 방전 시 어떻게 해야 하나요?','하이브리드 차량 (K5 하이브리드 / K8 하이브리드 / 스포티지 하이브리드) 12V 배터리 방전 시 충전 방법은 아래와 같습니다.핸들 좌측 하단에 보면 [12V BATT RESET] 버튼이 있습니다.해당 버튼을 누르고 15초 이내에 시동을 거신 후, 주행 가능 표시등 \'READY\'가 켜진 상태에서 30분 동안 정차하거나 주행을 하게 되면 배터리가 충전됩니다.* 도어가 닫혀있을 때 12V 배터리가 방전이 되면, 도어 핸들 커버를 탈거 후 비상키로 도어 잠금 해제를 하시면 됩니다.* 아래 링크 접속하시면 하이브리드 12V 배터리 리셋 버튼 활용방법에 관한 영상을 보실 수 있습니다.하이브리드 긴급 충전 리셋 버튼 사용법'),(2,'[차량 정비]Kia Digital Key(NFC)란 무엇인가요?','Kia Digital Key는 NFC 안테나가 장착된 스마트폰 또는 카드 키로 차량의 도어를 열고 시동을 걸 수 있는 새로운 서비스입니다.   Kia Digital Key NFC 카드 키Kia Digital Key NFC 카드 키는 최초 1회 차량 등록 후 사용 가능하며, 도어 핸들에 카드를 태그 하여 차량에 출입하실 수 있습니다.  출입 후, 무선 충전 패드에 카드를 거치한 뒤 차량의 시동을 걸 수 있습니다. NFC 카드 키 등록 방법'),(2,'[차량 정비]\'Kia Digital Key\' App이란 무엇인가요?','Kia Digital Key 스마트폰 App Kia Digital Key 스마트폰 App은 BLE 원격 제어를 통해 약 10m 거리에서 도어 잠금 / 잠금 해제, 원격 시동, 비상경보, 트렁크 열림  등의 기능을 제공합니다. 또한 스마트폰 App을 통해 자동차 키를 가족이나 지인에게 쉽게 공유할 수 있습니다.   App 설치 및 차량 등록 안내App 사용 방법'),(2,'[차량 정비]차량 실내 자동 환기 해제 및 설정 방법은 어떻게 되나요?','자동환기란차 실내의 환기를 위해 히터 및 에어컨을 작동할 때 저온에서 내기 모드를 30분 이상 유지할 경우 외기 모드로 자동 전환되는 것입니다.  자동 환기 기능 해제 및 설정히터 및 에어컨 작동 상태에서 버튼을 눌러 모드 선택 후, A/C 버튼을 누른 상태에서 내기 버튼을 3초 이내 5회 이상 누르십시오.  자동 환기 기능이 해제될 때는내기 버튼 내 표시등이 0.5초 간격으로 3회 깜빡이고 자동환기 기능(자동 외기 전환)이 작동하지 않습니다.  자동 환기 기능이 설정될 때는내기 버튼 내 표시등이 0.25초 간격으로 6회 깜빡이고 자동환기 기능(자동 외기 전환)이 작동합니다.배터리가 방전되었거나 분리되었으면 자동환기 기능이 재설정되므로 필요에 따라 변경하여 사용하십시오.인포테인먼트 시스템 \'설정 > 차량 > 공조 > 자동 환기\'에서 자동환기 설정 기능을 설정/해제 할 수 있습니다.  * 자세한 설정 방법은 별도로 지급되는 인포테인먼트 시스템 간편 설명서 내에 QR코드로 웹에 접속하여 확인할 수 있습니다.'),(2,'[차량 정비]전기차 충전기 연결 후 고전압(고전압) 배터리가 충전 안되면 어떻게 해야 하나요?','차량의 충전 관리 설정을 확인하십시오.(예 : 예약 충전이 설정되어 있는 경우 완속 충전기 및 휴대용 충전기를 연결해도 즉시 충전이 되지 않습니다.)  · 완속 충전기, 휴대용 충전기, 급속 충전기의 작동 상태를 확인하십시오.(충전 작동 상태를 표시하는 방법은 각 충전기 제조사마다 상이할 수 있습니다.)  · 충전이 안 되어 계기판에 충전 관련 경고문이 표시되면, 해당 경고문 설명 내용을 확인하십시오.자세한 내용은 편의 장치 「LCD 표시창」을 참고하십시오.  · 정상으로 작동하는 다른 충전기를 연결했을 때, 이전과 동일하게 충전이 되지 않으면, 가까운 자사 직영 서비스센터나 서비스 협력사에서 점검 및 정비를 받으십시오.'),(2,'[차량 정비]전기차 회생제동(패들 쉬프트) 사용방법은 어떻게 되나요?','회생제동 기능은 차량 감속 및 제동 시 전기 모터를 사용, 운동 에너지를 전기 에너지로 변환시켜 구동용(고전압) 배터리를 충전하는 기능입니다. 따라서, 패들 쉬프트 레버로 회생제동량(0~3단계)을 변경하여 실제 주행 도로 전비 개선 효과를 동시에 누릴 수 있습니다. 좌측 패들 쉬프트를 한번 당길 때마다 회생제동량이 1단계씩 상승하면서 차량 감속도가 커지고,우측을 한번 당길 때마다 회생제동량이 1단계씩 하락해  차량 감속도가 작아집니다. 패들 쉬프트 좌측을 0.5초 이상 당기고 있으면 회생제동량이 증가하며, 계속 당기고 있으면 차량 정차도 가능합니다.'),(2,'[차량 정비]셀토스 Kia Genuine Accessories 중 적외선 무릎 워머는 어떻게 사용하나요?','운전석 스티어링 휠 하단에 적외선 무릎 워머가 있습니다.적외선 무릎 워머를 사용하기 위해서는 운전석 쉬라우드로워 우측면 작동 스위치를 눌러줍니다.작동 스위치 버튼을 한번 누르면 주황색 작동 표시등이 점등되면서 적외선 무릎 워머가 작동되며 다시 한번 더 누르면주황색 작동 표시등이 점멸되면서 적외선 무릎 워머 작동이 정지됩니다.  상품 설명· 적외선 무릎 워머의 작동 방식은 초기 작동 시 실내 온도 상승을 위하여 설정보다 높은 온도로 작동하며 그 후 설정된 온도로 작동하는 구조입니다.· 적외선 무릎 워머는 과열 방지를 위해 최대 30분간 작동 후 정지됩니다.· 적외선 무릎 워머는 주변부의 온도를 단기간에 상승시키는 기능을 하며, 차량 온열 장치의 보조 기능을 합니다.· 적외선 무릎 워머 전방에 장애물이 있을 경우 온열 성능 저하의 원인이 되며, 적외선 무릎 워머 표면에 스티커 등을 붙이거나 앞면을 막으면 안 됩니다.· 초기 작동 시 실내 온도가 작동 온도 범위 이하인 경우 온도 상승이 더딜 수 있으니 기다려 주시기 바랍니다.  주의사항· 작동 상태에서 신체 일부를 접촉 시 화상의 위험이 있으니 접촉하지 마십시오.· 옷 등의 물건이 적외선 무릎 워머에 접촉된 상태에서는 사용하지 마십시오.· 적외선 무릎 워머 청소 시에는 부드러운 천을 사용하여 이물질을 제거 바라며,젖은 수건이나 물티슈 등 수분이 적외선 무릎 워머 외관에 접촉되지 않도록 주의해 주십시오.· 또한 휘발성 물질 또는 유기 용제 등을 사용할 경우 변색의 우려가 있으므로 사용하지 마십시오.· 부적절한 정비는 상해 및 각종 사고의 원인일 뿐만 아니라 적외선 무릎 워머 내 안전장치의 훼손을 유발할 수 있습니다.  * 이는 제품의 작동 불량 및 차량 화재 등으로 이어질 수 있으므로 반드시 서비스센터를 이용하시기 바랍니다.'),(2,'[차량 정비]차량 출고 시 장착된 타이어 및 휠을 다른 사이즈로 교환해도 되나요?','차량 출고 시 제공된 타이어 및 휠과 다른 사이즈, 다른 타입의 타이어와 휠을 사용하지 마십시오. 차량의 안전주행에 영향을 미칠 뿐만 아니라 조향력의 상실 및 전복에 따른 심각한 사고가 날 수 있습니다.타이어 교환 시, 반드시 모든 타이어와 휠은 동일 사이즈, 동일 타입, 동일 트레드, 동일 제조사, 동일 부하 용량으로 사용하십시오. 불가피하게 다른 종류의 타이어를 장착해서 운전하게 될지라도 절대 고속으로 운전을 하지 마십시오.    * 타이어 펑크 등 긴급상황이 발생하였을 때는 한시적으로 제공된 타이어 리페어 킷(TMK)을 이용하여 수리한 후 자사 직영 서비스센터나  협력사에서 점검을 받으시기 바랍니다.'),(2,'[차량 정비]쏘렌토 하이브리드(4WD) 안전 하차 보조(SEA, 전자식 차일드 락 연동)은 어떤 기능인가요?','차량이 정차한 후에 탑승자가 차에서 내리려고 도어를 여는 순간 후측방의 차량을 인식하여충돌 위험이 판단되면 경고문 표시와 경고음 등으로 운전자에게 알려주는 기능입니다.    추가적으로, 전자식 차일드 락이 작동된 상태에서 후측방의 차량을 인식하여 충돌 위험이 판단되면운전자가 차일드 락 버튼을 눌러도 차일드 락이 해제되지 않아 뒷좌석 탑승자가 도어를 여는 것을 방지합니다.'),(2,'[차량 정비]하이브리드 차종 스마트 모드 선택 후 시동을 껐다 켜면 모드가 변하나요?','하이브리드 차종의 2WD의 경우· 「DRIVE MODE」 또는 「DRIVE / TERRAIN」 노브를 돌려 SMART 모드를 선택하면 계기판에 「SMART」 표시등이 켜집니다. · SMART 모드는 시동을 끄고 다시 걸어도 SMART 모드가 유지됩니다.· SMART 모드에 진입하면 변속 패턴, 엔진 토크, 구동력 배분 등이 운전 성향에 따라 자동으로 제어됩니다. * 단, 하이브리드 차종의 4WD의 경우 SMART 모드를 작동시킨 후, 다시 시동을 걸면 ECO 모드로 돌아가오니,필요할 경우 다시 SMART 모드를 선택하십시오.'),(2,'[차량 정비]헤드업 디스플레이 영상이 잘 보이지 않아요. 왜 그런가요?','다음과 같은 조건에서는 헤드업 디스플레이 영상이 잘 보이지 않을 수 있으므로 주의가 필요합니다. · 운전석 좌석에 앉은 위치가 바르지 않을 때  · 편광 필터로 된 선글라스 착용할 때  · 노면이 젖은 상태일 때  · 차량 내부에 부적절한 조명을 사용하거나 외부에서 빛이 들어오는 경우  · 운전자의 시력(안경 미착용 등)에 맞지 않은 안경 착용할 때   헤드업 디스플레이 영상이 정상적으로 보이지 않을 경우 계기판의 사용자 설정 메뉴에서 영상 위치를 조절하거나 밝기를 조절해 보십시오.  헤드업 디스플레이 시스템의 점검, 정비 시 영상 보정 및 전용 윈드 쉴드를 사용해야 하므로 자사 직영 서비스센터로 문의하십시오.'),(2,'[차량 정비]Kia Pay는 어떻게 사용하나요?','내비게이션 화면을 통해 주유, 주차 제휴 가맹점에서 실물 카드 없이 편리하게 결제할 수 있는 기아의 간편 결제 서비스입니다.    주유 요금 결제 내비게이션 화면 터치로 주유 요금을 결제하고 포인트 사용/적립까지 한 번에 하세요.더 이상 주유하실 때마다 번거롭게 결제 카드와 멤버십 카드를 챙기실 필요 없습니다.간단한 내비게이션 화면 터치만으로 포인트를 사용, 적립해서 간편하게 결제하세요.  주차 요금 결제  주차 요금을 차량 안에서 쉽고 빠르게 정산하고 바로 출차 하세요.더 이상 주차 요금 사전 정산을 위해 긴 줄을 서거나 정산소에 카드를 제출하기 위해 차량을 바짝 대지 않으셔도 됩니다. 주차 후 차량에서 시동만 걸어 주차 요금을 결제하세요.   * 보다 자세한 사용방법은 기아멤버스 홈페이지를 통해 확인하실 수 있습니다.  기아멤버스'),(2,'[차량 정비]전조등 각도 조절장치는 어떤 장치이며, 어떻게 설정/사용하나요?','운전자가 야간 운전 시 시야를 확보하고 피로감을 줄일 수 있도록 탑승자의 무게나 차량 적재 조건에 따라 차량 기울기가 달라질 때 전조등 각도를 조절할 수 있는 장치입니다.    조절장치의 숫자가 높을수록 전조등 각도는 아래를 향하도록 되어 있습니다.운전 시에는 반대편 차량의 운전을 방해하지 않는 선에서 각도를 유지하도록 조절하십시오. 아래의 표를 참고하여 적절한 각도를 유지하십시오.표와 다른 여러 가지 조건 하에서 운전할 경우에는 각도 조절장치를 표와 가장 근접한 조건에 맞추어 조절하십시오.'),(2,'[차량 정비]4세대 쏘렌토 차량의 후진 연동 사이드미러 각도 조절은 어떻게 하나요?','차를 정지한 상태에서 브레이크 페달을 밟고 난 후 변속 다이얼을 ‘R’단으로 조정하신 후에 원하시는 미러 L(왼쪽)/R(오른쪽) 선택 후미러 글라스 위치를 눌러 각도를 조정하시면 됩니다.주의하실 점은 미러 선택 스위치 변경 시 선택 스위치의 중립 위치에서 글라스 자동 복귀 완료 후 원하는 미러 스위치를 변경해 주세요. 그렇지 않으면 글라스가 계속 내려갑니다.그러고 나서 변속 다이얼을 ‘R’단(후진)이 아닌 다른 변속 단으로 변경하면 조절한 미러 각도가 자동으로 저장됩니다.  참고사항· 실외 미러 각도 조절 및 저장 (User Set Mode 기능 지원)· 변속 다이얼이 후진(R)에 위치할 때 기본으로 제공되는 실외 미러 하향 각도에서 운전자의 시야 확보가 어려울 경우 운전자가 원하는 각도로 조절하고 저장할 수 있습니다. · 차량이 출고될 때 후진 시 실외 미러가 하향 되는 각도는 운전자 시야 확보를 위해 좌우가 서로 다를 수 있습니다.  ① 차량이 정지한 상태인지 확인하십시오.② 브레이크 페달을 밟고 변속 다이얼을 「R」 위치로 돌리십시오.③ 조절을 원하는 실외 미러 선택을 위해 L (왼쪽) 또는 R (오른쪽) 버튼을 누르고 스위치 「▶」 부분을 눌러 실외 미러를 원하는 각도로 조절하십시오.* 주의사항 : 미러 선택 스위치 변경 시, 선택 스위치의 중립에서 글라스 자동 복귀 완료 후 스위치를 변경해 주십시오.④ 변속 다이얼을 「R」 (후진) 단이 아닌 다른 변속 단으로 변경하면 조절한 실외 미러 각도가 자동으로 저장됩니다.* 주의사항 : 차량 출고 시 기본적으로 제공하는 하향 위치보다 실외 미러 위치를 상향 조절을 할 경우 비정상 작동 조건으로 판단하여,사용자 위치를 저장하지 않고 추후 후진 시에도 기본 제공 위치로 하향 됩니다.'),(2,'[차량 정비]리모트 360˚ 뷰가 어떤 기능인가요?','리모트 360˚뷰는 4세대 쏘렌토에 적용된 기능으로 운전자가 멀리 떨어진 상황에서도 스마트폰의 UVO 어플리케이션을 통해 원격으로 차량 주변 상황을 확인할 수 있는 기능입니다. 대형 마트나 백화점 주차장에서 주차 위치가 기억나지 않을 때, 이 기능을 활용하면 쉽게 내 차의 위치를 확인 할 수 있습니다.'),(2,'[차량 정비]전자식 변속 다이얼 자동변속기 차량의 중립 주차 방법이 어떻게 되나요?','다른 사람이 차량을 움직일 수 있도록 주차시켜 놓을 때는 다음과 같이 하십시오.    ① 시동 「ON」 또는 엔진 시동 상태에서 주차 브레이크를 해제하십시오.  · 전자식 파킹 브레이크(EPB)가 장착된 차량은 전자식 파킹 브레이크(EPB) 스위치를 눌러 해제하시고, AUTO HOLD 기능이 작동되어 있으면, 「AUTO HOLD」 스위치를 눌러 기능을 해제하십시오.    ② 변속 위치를 「P」 (주차)에 두고, 시동을 끄십시오.· 「P」(주차) 이외 정차 상태에서 시동을 OFF 해도 자동으로 「P」로 변경됩니다. · 하지만, 안전을 위해서 항상 시동을 끄기 전에 「P」 상태에서 시동을 끄십시오.   ③ 브레이크 페달을 밟고 변속 다이얼을 오른쪽 또는 왼쪽으로 한 칸만 돌린 상태로 약 1초 이상을 유지하면 「N」 (중립) 단 주차를 할 수 있습니다.  · 변속 위치를 「P」에 다시 두면 「P」단으로 다시 변속이 가능합니다.  · 시동을 끈 후 약 3분 동안만 「N」 ↔ 「P」단으로 변속이 가능합니다'),(2,'[차량 정비]리콜/무상수리 고객 통지문을 받았는데, 어디서 정비를 받아야 하나요?','우편으로 받으신 \'리콜 고객 통지문\'에는 기아에서 운영하는 직영 서비스센터의 연락처가 기재되어 있으며,고객님 인근 지역의 서비스 협력사(오토큐)에서도 서비스를 받으실 수 있습니다.* 직영 서비스센터/서비스 협력사 입고 전 예약은 필수이며, 대기 차량 및 부품 보유 여부를 전화로 확인하신 후 입고하시기 바랍니다.  MyKia 리콜 고객 통지문 확인 방법 : 전체 메뉴 > 내 차 정보 > 무상 수리 안내 팝업 오토큐 예약 방법 : 구글 플레이스토어 또는 애플 앱스토어에서 \'MyKia\' 검색/설치 및 가입 후 아래의 방법으로 예약① 내 차 관리 > 정비 예약 ② 차량 선택③ 정비 항목 - 무상수리(리콜) 및 서비스 거점(직영 서비스 센터 또는 오토큐 선택)④ 날짜 선택⑤ 예약 정보 확인 '),(2,'[차량 정비]다중 충돌 방지 자동 제동 시스템이 무엇인가요?','다중 충돌 방지 자동 제동 시스템(MCB : Multi-Collision Brake)은차량의 정면 또는 측면 충돌사고로 에어백 전개 시 차량에 적절한 자동 긴급 제동을 통해 2차 사고 및 다중 충돌을 방지하는 기능입니다.'),(2,'[차량 정비]기아 디지털 키에 대해 알기 쉽게 확인하는 방법이 있나요?','유튜브 동영상으로 기아 디지털 키 사용방법을 쉽게 확인하실 수 있습니다.  유튜브에서 \'KIA Digital Key 사용자 가이드\'를 검색하시거나 아래 링크를 통해 확인 가능합니다.    유튜브 KIA Digital Key 사용자 가이드(일반 버전)유튜브 KIA Digtal Key 사용자 가이드(수화 버전)'),(2,'[차량 정비]NFC 카드 키 등록 방법 및 주의사항은 무엇인가요?','등록 방법 ① 카드 키 등록 인증 : 스마트폰 앱(기아 디지털 키) 메뉴에서 “카드 키 등록 인증” 누르고,  인증  방식(블루투스 인증 또는 NFC 인증)을 선택· 스마트폰 앱(기아 디지털 키) 메뉴에서 “카드 키 등록 인증” 누름 >· 블루투스 인증 차량과 블루투스가 연결된 상태에서 등록 인증 버튼을 누름 >· NFC 인증 도어 핸들에 스마트폰 NFC 안테나를 태그 하여 등록 인증을 진행함 >· 인증 이후 5분 이내에 스마트 키를 소지한 상태에서 NFC 카드 키 등록 실시함  ② 카드 키 등록 : 카드 키 등록 인증 성공 후,· 무선 충전 패드 위에 NFC 카드 키 정확하게 밀착해서 올바르게 놓아야 함 (카드 키 거치 불량 시 등록 오류 가능)· 이후, AVN 설정(SETUP)에서  \'차량 > 디지털 키 > 카드 키 > 등록\' 순으로 선택해서 NFC 카드 키 최종 등록 완료 실시  주의사항① 카드 키 등록 전 스마트폰 키 등록이 선행되어야 하며, 별도의 사전 인증 절차를 수행 후 카드 키 등록이 가능함 (차량 1대에 1개만 등록 가능함)② 카드 키 등록은 기아 디지털 키 앱이 설치된, 스마트폰과 스마트 키가 필요함 (차량 실내에 스마트키를 소지한 상태에서만 가능함)· 블루투스 or NFC 인증 후, 무선 충전 패드 위에 먼저 카드 키를 올바르게 놓아야 함· AVN 화면에서 등록 절차 수행해야 함 (순서 비준수 시 정상 등록 안될 수 있음) * 단, AVN 화면에서 등록 절차 (차량 > 디지털 키 > 카드 키 > 등록) 수행 중 “등록이 취소되었습니다” 문구 표출 시 반드시 카드 키 거치 유지한 상태에서 “등록” 버튼 다시 누름 (3~4회 반복 시도 후, 정상 등록 여부 확인 필요)  ③ 무선 충전 패드 위에 금속류의 패드 커버를 씌우거나 금속류의 핸드폰 케이스 또는 금속류 물건을 올려놓을 시, 카드 키 등록 인식 오류가 생길 수 있음④ 무선 충전 패드 위에 NFC 카드 키 거치 불량 時 등록 인식 오류가 생길 수 있음 (무선 충전 패드 중앙 위치에 밀착해서 올바르게 놓아야 함)⑤ NFC 카드 키는 보증수리 항목에 포함되지 않는 일반 소모품으로, 고객 부주의로 인한 파손 및 분실 시 A/S가 불가능함⑥ 아이폰 사용자는 스마트폰 App 설치 및 NFC 카드 키 등록 인증을 진행할 수 없으므로, 가까운 서비스센터 또는 오토큐에 본인 확인을 위한 필요 서류를 지참하여 방문  본인 확인 필요 서류개인 직구매 : 차량등록증, 신분증법인 직구매 : 차량등록증, 신분증, 재직증명서(재직증명서 발급 불가 시 법인인감증명으로 대체 가능)리스/렌트 개인 : 차량등록증, 신분증, 리스/렌트 계약서리스/렌트 법인 : 차량등록증, 신분증, 리스/렌트 계약서, 재직증명서 (재직증명서 발급 불가 시 법인인감증명으로 대체 가능)  '),(2,'[차량 정비]디지털 키 기능이 있는 차량을 중고로 구입했는데, 디지털 키 사용을 어떻게 해야 하나요?','디지털 키 기능이 있는 차량을 중고로 구입하셨다면 먼저, 저희 기아에 차량 소유자 인증을 받아 주셔야 합니다. 번거로우시더라도 계신 지역 인근에 위치한 오토큐에 차량과 함께 방문하시어 소유자 변경에 대한 인증을 받아 주시기 바랍니다. 인증을 받으신 익일(영업일 기준) 기아멤버스 사이트에 회원 가입을 하시면 디지털 키 차량 등록이 가능하며, 이후 스마트폰에 디지털 키 앱을 설치하여 키를 사용하실 수 있습니다.   ① 오토큐 방문 및 차량 소유자 인증 (명의자 본인이 차량 및 차량 등록증 지참) ② 기아멤버스 사이트 회원 가입 > MY 멤버스, 디지털키 차량등록 확인 (사이트 내 차량 소유 인증 필요) ③ 스마트폰에 디지털 키 APP 설치 및 서비스 가입>차량 동기화 (페어링)'),(2,'[차량 정비]법인 명의 차량의 디지털 키 관리는 어떻게 해야 하나요?','기아멤버스 사이트에 법인회원으로 계정 생성한 후 디지털 키 주 사용자를 지정할 수 있습니다.회원가입 시 법인 회원 여부 확인을 위해 차량 구매 시 발급받은 기아멤버십카드 번호가 꼭 필요합니다.  법인 회원가입 > 약관 동의 > 법인 회원 확인 > 계약 정보 입력 > 가입 완료    기아멤버스 사이트 법인회원으로 계정 생성 후 로그인을 하면 Kia 디지털 키 법인 사용자 간편 MY 멤버스에서 디지털 키 정보 확인 및 관리가 가능합니다. 디지털 키 정보는 주 사용자 배정 차량 대수 / 주 사용자 미배정 차량 대수를 보여주고, 사용자 관리 화면으로 바로 이동할 수 있도록 버튼 링크를 제공합니다.  주 사용자 관리 메뉴는 법인 담당자가 디지털 키 차량에 대해 주 사용자를 배정하는 화면입니다. 목록에서 직접 주 사용자 정보를 입력 후 저장하거나 삭제할 수 있고, 주 사용자 목록을 엑셀로 다운로드한 후 해당 엑셀 파일에 주 사용자 정보를 입력하여 업로드하는 방법으로도 관리가 가능합니다.   * 주 사용자 정보가 저장 삭제된 경우 디지털 키 소유키가 발급되거나 회수되는 것이므로 정보 관리에 유의해 주세요.기아멤버스 법인 회원'),(2,'[차량 정비]K5에 적용된 음성 인식 차량 제어가 어떤 기능인가요?','대화 형태의 음성 명령으로 운전 중 창문 개폐, 앞 좌석 시트 열선 및 통풍, 뒷좌석 시트 열선, 스티어링 휠 열선, 공조 등을 제어할 수 있는 기능입니다.3세대 K5 차량에 10.25인치 UVO 내비게이션 적용 시 해당 기능을 이용할 수 있습니다.   적용 조건① 반시동 상태 ② UVO 개통 및 서버 음성 인식 사용  사용 방법① 스티어링 휠에 버튼 누르기② 음성 명령③ 명령어 인식 화면 표시④ 차량 제어'),(2,'[차량 정비]K5에 적용된 원격 스마트 주차 보조가 어떤 기능인가요?','원격 스마트 주차 보조(RSPA)는 주차하기 어려운 좁은 공간 등의 상황에서 원격 전/후진 기능으로 차량을 원격 주차해 주는 기능입니다.  이를 통해 운전자와 동승객이 손쉽게 승하차를 할 수 있도록 도와줍니다.   * RSPA: Remote Smart Parking Assist'),(2,'[차량 정비]폭설 시 어떻게 행동하는 것이 좋은가요?','폭설 시 행동요령· 라디오를 항상 청취하고 고속도로 안내전화(1588-2504)를 이용하십시오.· 눈길에서는 감속운전을 하십시오. · 차량 방치 및 갓길 주차는 제설작업에 지장을 초래하니 삼가십시오. · 부득이 벗어날 때는 연락처를 반드시 남겨 두십시오. · 차간 안전거리를 확보하고 브레이크 사용을 자제하십시오. · 수시로 차량 주변의 눈을 치워 배기관(머플러)이 막히지 않도록 하십시오.  고속도로 안내전화 및 권역별 라디오 주파수· 고속도로 안내전화 : 1588-2504, 031-710-7240~5, 031-710-7251~6· 재난 시 라디오 주파수'),(2,'[차량 정비]공기 청정 에어 솔루션이 무엇인가요?','공기 청정 에어 솔루션은 기아에서 제공하는 오토큐 브랜드 상품 중 하나입니다. 에바코팅과 헥사필터를 통해 공기의 주 오염 원인이 되는 입사(미세먼지), 가스(냄새), 바이러스(에바오염)로부터 차량 내 승객을 보호해 드립니다. 오토큐 브랜드 상품은 기아멤버스 사이트의 이벤트 페이지에서 구입하실 수 있으며 자세한 내용은 상품 유통사인 오토앤(1644-7160)에서 안내받으실 수 있습니다.'),(2,'[차량 정비]친환경 전기차 충전카드는 어떻게 발급받나요?','공공충전기에서 사용하실 수 있는 충전카드를 발급받으실 수 있습니다. 환경부 충전카드는 기본으로 발급받으시고, 기아 충전 파트너사 카드를 추가로 발급 받으실 수 있습니다.  환경부 충전카드 발급① 환경부 전기차 충전소 홈페이지를 통한 회원가입 및 회원카드 신청 가능② 회원가입 고객 대상 차종 및 출고/등록 여부 확인 즉시 충전카드 발송③ 충전카드 수령(3~4일 소요) 후 홈페이지 카드 사용 등록 시 공용 충전기 이용 가능* (2019년 기준) 환경부 중심으로 전체 민간 충전사업자 통합  기아차 충전 파트너사 가입 및 멤버십 카드 발급① 기아차 충전 파트너사 홈페이지(한국전기차 충전 서비스, 에스트래픽)를 통한 회원가입 및 멤버십 카드 신청② 파트너사 멤버십 카드 수령(3~5일 소요) 후 파트너사 멤버십 카드로도 공용 충전기 이용 가능* 유의 사항 : 충전 파트너사 멤버십 미가입 시 레드 포인트 사용 불가  환경부 전기차 충전소'),(2,'[차량 정비]K7 프리미어 전자식 변속레버 자동변속기 차량의 중립 주차 방법이 어떻게 되나요?','다른 사람이 차량을 움직일 수 있도록 주차시켜 놓을 때는 다음과 같이 하십시오.   ① 시동 「ON」 또는 엔진 시동 상태에서 주차 브레이크를 해제하십시오.· 만약 AUTO HOLD 기능이 작동되어 있으면, 「AUTO HOLD」 스위치를 눌러 기능을 해제하십시오.② 브레이크 페달을 밟고 변속레버의 「P」버튼을 누른 후 시동 「OFF」상태로 하십시오.③ 브레이크 페달을 밟고 UNLOCK 버튼을 누르고 전방 1칸 1초 이상 조작 시 「N」(중립) 상태로 변경됩니다.  * 「N」(중립) 단 주차를 할 경우 주차 장소가 평지인 곳인지 확인 후 주차하십시오.경사로에서는 차가 움직여서 안전사고가 발생할 수 있습니다.* 바퀴 구동이 필요한 자동세차기 이용 시 변속레버를 「N」(중립) 단으로 변속하십시오. '),(2,'[차량 정비]신차는 자동세차를 이용하면 안 좋다는데, 사실인가요?','맞습니다.자동세차기의 사용은 차체의 잔 긁힘으로 도장 면이 손상될 수 있습니다. 신차일수록 더욱 손상될 수 있으므로 자동세차보다는 손 세차를 하시는 것이 좋습니다. 또한, 세차 후에는 물기가 마를 때까지 직사광선을 피하시고, 가급적 물기를 빨리 말리는 것이 물 얼룩 예방에 좋습니다.'),(2,'[차량 정비]시트 관리 방법을 알려주세요.','천 시트 사용 시 주의사항천 시트는 재질 특성상 진공청소기를 사용하여 정기적으로 청소하는 것을 권장합니다.음료 얼룩 등으로 오염이 많이 발생한 경우 적합한 인테리어용 세정제를 이용하시기 바랍니다.이때 표면이 손상되지 않도록 적절한 세기로 부드러운 스펀지나 극세사 천을 이용하여 봉제선까지 넓은 범위로 닦아 내십시오.표면에 올 풀림, 긁힘 등이 발생할 수 있으니 의류의 벨크로(찍찍이)와 날카로운 물체와 마찰에 주의하시기 바랍니다.  가죽 시트 관리 방법· 진공청소기를 사용하여 주기적으로 시트 표면에 있는 먼지와 모래를 제거하여 주십시오.· 가죽의 마모나 표면의 파손을 예방하여 품질을 유지할 수 있습니다.· 천연가죽 시트 커버링은 마른 천이나 부드러운 헝겊을 이용하여 자주 닦아주는 것이 좋습니다.· 적합한 가죽 보호제를 사용할 경우 커버링의 마모를 예방할 수 있고 컬러를 유지하는데 도움이 됩니다. 가죽 코팅제나 보호제는 반드시 사용설명서를 참고하여 주시고 전문가와 상담 후 사용하십시오.· 밝은 색 가죽(베이지, 크림 베이지)은 오염에 취약하고 선명하게 보이므로 자주 청소해 주는 것이 좋습니다.· 젖은 수건으로 자주 청소하는 것은 표면의 균열을 발생시키므로 삼가 주십시오.  가죽 시트 청소 방법가죽제품(스티어링 휠, 시트 등) 청소 시에는 중성 세제 또는 알코올이 소량 함유된 세척제를 사용하십시오.강한 산성/알칼리성 및 알코올이 다량 함유된 세척제를 사용할 경우, 변색 및 표면 벗겨짐 등의 손상이 발생할 수 있습니다.모든 오염물질이 묻었을 경우 즉시 제거해 주시고 오염 물질별 제거 방법은 아래 사항을 참고하십시오.· 화장품(선크림, 파운데이션 등)에 의한 오염헝겊에 클렌징크림 일정량을 묻혀 오염 부위를 문질러 주십시오. 젖은 천으로 클렌징크림을 닦아 내고 마른 천으로 물기를 제거합니다.· 음료(커피, 탄산음료 외) 마른 천에 중성세제를 소량 묻혀 가볍게 닦아 내고 오염물이 묻어 나오지 않을 때까지 닦아 주십시오.· 기름(오일)오염 즉시 흡수성 천으로 기름을 제거하고 천연가죽 전용 얼룩 제거제를 사용하여 닦아냅니다.· 껌껌이 묻었을 경우 얼음을 이용하여 딱딱하게 굳힌 후 조금씩 떼어내십시오.'),(2,'[차량 정비]차량 내장 손질 방법을 알려주세요.','내장 손질의 일반적인 주의사항· 내장품 표면에 화학 물질(손 세정제, 종이 방향제, 선 크림 등)이 묻지 않게 하십시오.· 화학 물질이 묻었을 경우, 실내 부품이 손상될 수 있으므로 즉시 제거하십시오. · 내장품을 세척할 때는 아세톤, 락카용제, 에나멜 및 표백제, 휘발유 또는 시너 등의 유류 물질 등을 절대로 사용하지 마십시오. 변색되거나 손상이 올 수 있습니다. · 액상 방향제를 실내에 사용할 때 계기판 부위, 크래쉬패드 및 플라스틱 부분에는 절대 부착하지 마십시오.· 만약, 액상 방향제가 유출되어 계기판 부위, 크래쉬패드 및 공기 통풍구 등에 묻으면 액상 방향제 고유의 성분에 의해 손상될 수가 있습니다. 이때에는 신속하게 깨끗한 물로 세척하십시오.· 인스트루먼트 패널에 전장품, 방향제, 스티커 등을 부착하지 마십시오.· 특히 양면테이프를 사용한 부착물의 경우 테이프에 함유된 화학성분에 의해 인스트루먼트 패널의 표면부가 손상될 수 있습니다.· 엠블럼, 도어 인너 핸들, 가니쉬, 풀 핸들, 스위치 베젤 등과 같은 도장 처리된 부품은 화학용액이나 강한 세제로 닦지 마십시오.· 선팅제거제 등과 같은 화학 용액이 묻었을 경우에는 표면이 벗겨지거나 변색이 될 수 있으니 주의하며 묻었을 경우 즉시 닦아 내십시오.  실내 장식품과 내장 트림의 청소 방법· 먼지떨이 빗자루나 진공청소기를 사용하면, 비닐의 먼지나 오물이 제거됩니다. · 내장재 혹은 카펫용으로 추천된 부드러운 비누액을 사용하여 청소하십시오.· 묻은 지 얼마 안 된 얼룩은 섬유 얼룩 제거제로 빨리 청소하십시오. 그렇지 않으면, 섬유가 더러워지고 변색될 수 있습니다. 또한, 재질에 맞게 적절히 다루어지지 않으면, 보온 성능도 저하될 수 있습니다.· 기름이 묻은 곳은 알코올을 이용하여 닦아내십시오. '),(2,'[차량 정비]2열 도어 하단에 부착된 스티커는 무엇인가요?','2열 도어의 뒤쪽 하단에 부착된 투명 스티커는 \'안티 치핑\' 필름입니다. 차량 주행 시 노면으로부터 튀는 모래와 자갈 등으로 인한 하단 부의의 손상을 방지하기 위한 필름으로 일부러 떼어내지 않는 것이 좋습니다.'),(2,'[차량 정비]MyKia 모바일 앱에서 회원 가입이 안 되는데, 왜 그런가요?','MyKia 앱에서 회원가입이 안 되는 경우는 크게 두 가지로, 통합회원으로 가입하면 정상적으로 서비스 이용이 가능합니다.   MyKia 회원 가입이 안 되는 경우① Kia Connect 또는 홈투카에 먼저 가입이 되어 있는 경우② 기아멤버스 홈페이지에 회원 가입이 되어 있는 경우   위 두 가지 경우는 먼저 가입되어 있는 아이디와 비밀번호로 로그인하시면 통합회원 가입에 대한 안내로 자동 연결됩니다.\'회원가입하기\'를 통해 추가 정보를 입력하면 회원가입 절차가 완료됩니다.'),(2,'[차량 정비]셀토스 차량의 사운드 무드 램프에는 어떤 컬러가 있나요?','사운드 무드 램프사운드에 따라 밝기가 변하는 무드 조명을 도어 스피커와 크래쉬 패드 가나쉬에 적용하였습니다.셀토스 차량의 사운드 무드 램프에 지원되는 컬러입니다.     은은한 조명 (단색 / 8가지 컬러) · 블루 플라이트  · 피스풀 포레스트· 드림 퍼플  · 오로라 바이올렛  · 오렌지 딜라이트  · 골든 인사이트  · 리프레싱 오션  · 슈퍼 레드     색상 테마 (테마 모드)  · 파티 타임  · 헤이! 요!  · 여행 로맨스  · 미드나잇 시티  · 카페'),(2,'[차량 정비]니로 EV에 적용된 충전 전류 메뉴의 차이점이 무엇인가요?','기아 니로 EV의 내비게이션에서 충전 관리 > 충전 전류 메뉴를 선택하면 완속(고정용) 충전 전류와 완속(휴대용) 충전 전류의 두 가지 메뉴가 있고,메뉴를 선택하시면 최소/감소/최대가 있는데, 각 메뉴의 차이는 충전 속도입니다.    최대로 선택하면 충전 속도가 올라가지만, 각 충전 환경 상 \'최대\' 전류를 사용하지 못하는 경우가 있습니다. 각 가정마다 사용할 수 있는 최대 전류량이 일정 수준 이상이 못 넘도록 만들어져 있을 것이고, 그 이상을 넘으면 누전으로 판단하여 누전 차단기(일명 두꺼비집)가 내려갑니다.    간혹, 노후된 집에서 에어컨 등 전기를 과다하게 사용 시 갑자기 전기가 차단되는 현상과 동일합니다. 이 현상이 전기차 충전 중에도 발생하므로 특수한 상황을 고려하여 전류량을 조절할 수 있도록 메뉴가 만들어져 있습니다.'),(2,'[차량 정비]빌트인 캠이 무엇인가요?','빌트인 캠은 차량에 장착된 전방에 있는 빌트인 캠 카메라와 후방 카메라를 이용하여 작동 설정 및 스위치 입력 등의 조건에 따라 영상을 기록하는 장치입니다. 차량 전·후방 영상을 녹화하고 내비게이션 화면이나 스마트폰을 통해 찍은 영상을 실시간으로 확인할 수 있습니다.'),(2,'[차량 정비]야간 운전 요령이 어떻게 되나요?','① 전조등 미리 켜기전조등은 어두워질 무렵부터는 켜는 것이 안전합니다.② 낮보다 20% 주행속도 감속밤에는 낮보다 체감속도가 더 빠르므로 주행속도를 20% 정도 감속하는 것이 좋습니다.③ 실내는 어둡게실내 등은 전방 시야를 방해하므로 실내 등을 끄고 운행하는 것이 좋습니다.④ 마주 오는 차 배려한적한 길에서는 상향등, 마주 오는 차가 있으면 하향 등을 점등하여 상대편 운전자가 시야를 확보할 수 있도록 배려하는 것이 좋습니다.'),(2,'[차량 정비]운전 시 안전한 자세는 어떻게 되나요?','안전운전 자세는 운전하기에 부담스럽지 않은 편한 자세를 취하면서 핸들의 조작, 페달 조작, 기어레버 조작이 쉬워야 합니다. 아래 내용을 참고해 자세를 조정해 보세요.    · 운전석 슬라이드를 조정하여 페달과의 거리를 맞춰 주세요. 브레이크 페달을 완전히 밟은  상태에서 무릎을 조금 더 펼 수 있는 자세가 좋아요. · 브레이크페달을 밟은 힘이 엉덩이 꼬리뼈에 가해지도록 등과 허리를 시트에 밀착시키고 부드러운 자세로 앉으세요. · 등받이는 시트 레버를 조절하여 운전자의 어깨 부분에 밀착되도록 하고, 핸들을 10시 10분  위치로 잡았을 때 각도는 30도 정도 팔꿈치가 구부러지는 것이 좋아요.· 핸들은 보통 9시 15분 위치로 잡고, 에어백이 장착되었을 경우에는 10시 10분 위치로 잡으세요. · 눈은 상면 15도 각도로 정면을 바라보세요. 어깨와 팔의 힘을 빼고, 양 무릎은 약간 굽혀 주세요. · 안전벨트는 꼬이지 않도록 주의하고, 사용 시에는 골반에 위치하도록 단단히 착용하며 주먹  하나가 들어갈 정도로 띠의 길이를 조절하세요.· 룸미러와 사이드 미러를 원하는 각도로 맞춰 주세요. 이때 후방 및 측면의 상태가 최대한 보일 수 있게 조정하세요. · 가속페달은 발뒤꿈치를 바닥에 붙이고 발목으로 부드럽게 조작하며, 변속은 부드럽게 하는 것이 좋습니다.'),(2,'[차량 정비]여름철 차량 내부에 두고 내리면 안 되는 것은 무엇인가요?','푹푹 찌는 여름철에 안전을 위해 절대로 두고 내리면 안 되는 것들입니다.    ① 라이터와 가스 제품  가스라이터와 휴대용 부탄가스, 스프레이 등 인화성 물질이 든 제품은 온도가 올라가면  내부 압력이 급격히 높아져 폭발할 수 있습니다.  ② 전자기기와 배터리  휴대폰, 태블릿 PC 등 리튬이온배터리가 들어있는 전자제품은 과열로 고장 혹은 폭발할 수 있습니다.내비게이션은 전원을 분리하거나 수건으로 덮어서 직사광선을 피는 게 좋습니다.  ③ 캔 음료와 물병  탄산음료, 주스 등 밀폐된 용기 안에 있는 캔 음료, 물병도 주의해야 합니다.높은 온도에서 내부의 이산화탄소가 급격히 팽창해 폭발할 수 있습니다.'),(2,'[차량 정비]계기판에 눈 결정체 모양의 경고등은 무엇인가요?','THE K9, 스팅어, 쏘렌토 더 마스터 등 일부 차량에는 계기판 엔진 온도 표시 부근에 도로 결빙 알림 장치가 적용되었습니다.   외기 온도가 4℃ 이하로 내려갔을 때 도로가 결빙되었을 수 있으니  안전 운전 및 주의 운전을 위한 표시로 눈 결정체 모양의 표시등이 점등됩니다.    해당 기능은 알림 장치로 차량에 따로 작동되는 기능이 있는 점은 아님을 참고하여 안전 운행 바랍니다. '),(2,'[차량 정비]전기차의 고전압 배터리는 화재 및 폭발에 안전한가요?','전기차 배터리팩은 복합적인 안전장치 구축을 통해 배터리 열화, 발화 및 폭발을 예방합니다.  리튬이온배터리를 사용하는 전기차는 복합적인 안전장치를 구축하고 있습니다. 현재 판매되고 있는 전기차 배터리팩 구성부품은 배터리 관리 시스템이 잘 갖춰져 있어서 차량 내 배터리 온도 상승으로 인한 발화 가능성을 차단하고 있습니다. 미국 및 유럽의 안전 기준이 엄격해지면서, 자동차 제조사들은 배터리의 열을 제어하기 위한 안전 기술을 더욱 정교하게 개량하고 있습니다.    현재 전 세계적으로 전기차의 보급이 성장기에 있으며, 배터리의 열화 정도와 급격한 기후 변화 등의 환경을 가정하면서 품질 테스트를 강화하고, 사고 시 충격을 덜 받는 위치에 배터리를 배치함과 동시에 추가적인 안전장치를 개발하고 있습니다.   고전압 배터리의 안전성 검증 : 4단계1단계 : 차량 협조제어· 고전압 부품 고장 시 Fail-Safe 기능 적용2단계 : 능동 보호(BMS 제어)· 충전 상태 제어, 셀 밸런싱 등을 통한 오사용 방지· 배터리 이상 감지 시 릴레이 ON/OFF 제어3단계 : 수동 보호· 단락 시 안전 확보 위해 전압 센싱 라인 퓨즈 적용· 외부 단락 시 고전류 차단 퓨즈 및 서비스 플러그 적용4단계 : 배터리 셀 강건설계· 강도 향상 위한 세라믹 코팅 분리막· 방열 특성이 우수한 파우치 타입 리튬 전지  안전성 검증시험① 충돌 시험 : 80kph 후방 추돌· 발화/폭발 없을 것② 수밀 시험 : 배터리 수분 유입 검증· 기능/성능 이상 없을 것③ 침수 시험 : 소금물에 배터리 침수· 발화/폭발 없을 것④ 연소 시험 : 화염에 배터리 직접 노출· 폭발 없을 것'),(2,'[차량 정비]전기차에서 발생하는 전자파가 인체에 유해하지 않나요?','전기차에서 발생하는 전자파는 인체에 영향을 미치지 않는 경미한 수준입니다.   당사 연구소에서는 2018년 출시된 전기차를 대상으로 현재 유력한 평가 방법으로 고려되는 JASO 평가 법 및 국제 이온화 방사 보호 위원회(ICNIRP) 권고치를 기준으로 자체적으로 평가 및 판정을 추진하였습니다. 정차 중, 주행 중, 충전 중에 각각의 좌석에서 발생하는 실내 자기장의 수준을 평가한 것으로, 당사 전기차의 실내 자기장 분포는 국제기구 권고치 대비 매우 낮은 수준으로 평가되었으며  최근 조사된 전자담배의 전자파(1~3μ T)와 유사한 수준입니다.   ① JASO : Japanese Automotive Standards Organization (일본 자동차 표준 협회) ② ICNIRP : International Commission on Non-Ionizing Radiation Protection (국제 이온화 방사보호 위원회) ③ μ T(마이크로 테슬라) : 전자파의 세기를 측정하는 단위로, 100만분의 1 테슬라를 뜻함 '),(2,'[차량 정비]타이어 마모 점검은 어떻게 하나요?','타이어의 홈에 100원짜리 동전을 넣어서 이순신 장군의 감투가 보이지 않아야 합니다.감투가 가려지지 않고 반 이상 보인다면 타이어를 교체해야 합니다.    타이어를 교체할 때에는 한 번에 4개의 타이어를 모두 교체하지 않아도 됩니다. 거의 대부분의 차량이 전륜 구동이기 때문에 앞 타이어가 뒤 타이어보다 빨리 닳게 됩니다.따라서 많이 닳은 앞 타이어는 제거하고 사용하던 뒤 타이어를 앞 바퀴에, 새 타이어는 뒷바퀴에 장착하는 것이 보편적입니다. 앞 타이어에 비해 뒤 타이어의 마모 정도가 심한 경우 눈이나 비가 왔을 때 뒤 타이어가 미끄러져 큰 사고가 날 수 있으니 유의하세요! '),(2,'[차량 정비]시동이 안 걸리는 원인과 조치 방법은 어떻게 되나요?','① 시동을 걸었는데 엔진이 돌지 않을 때 먼저 배터리 이상을 의심해 봅니다. 경음기를 울려 보고 전조등을 켜 봅니다. 이들 장치가 작동하지 않으면 배터리가 완전히 방전된 것입니다. 점프 케이블로 다른 차의 배터리를 연결해 시동을 걸어주시거나 정비업체 또는 보험사를 통해 조치를 받아주셔야 합니다.    ② 전조등과 경음기는 정상인데 엔진이 돌지 않을 때 스마트키의 위치가 부적절한 곳에 있거나 스마트키 배터리 불량일 경우 스타트 모터가 구동되지 않아 엔진이 돌지 않을 수 있습니다. 이런 경우에는 스마트키를 센터 콘솔 위에 두고, 스마트키 배터리 방전 여부를 먼저 확인 해 보는 방법도 필요합니다. 또한 스마트키를 도어 포켓에 두면 인식이 잘되지 않아 스타트 모터 구동이 안 되는 경우도 있습니다.    ③ 엔진이 돌아가는 소리는 들리는데 시동이 켜지지 않을 때 점화플러그에서 불꽃이 발생하지 않거나 연료가 제때 공급되지 않을 때 일어나는 현상입니다. 요 즘 나오는 차량은 전자제어 방식이기 때문에 운전자가 엔진을 점검하기 어렵습니다. 정비업체의 도움을 받아 주시기 바랍니다.    ④ 여름철 엔진 과열로 시동이 안 걸릴 때 폭염 속에 차를 장시간 방치하거나 엔진이 과열되면 시동이 안 걸릴 때가 있습니다. 이때는 에어컨 및 엔진 OFF 한 채로 보닛을 열어 통풍 시킴으로서 자연스럽게 냉각되도록 해야 합니다. 냉각수 누수 또는 냉각팬 미작동 시에는 가까운 서비스센터 및 AUTO Q를 방문하셔야 합니다.    ⑤ 겨울철 이유 없이 시동이 안 걸릴 때 동절기 추운 날씨 때문에 시동이 안 걸릴 경우가 있습니다. 이 경우 시동 스위치를 ON 상태로 두고 2~3분 정도 기다린 후에 시동을 걸어주면 됩니다. AUTO Q 검색/예약'),(2,'[차량 정비]스마트 디스플레이 오디오에서 내비게이션 사용은 어떻게 하나요?','스마트 디스플레이 오디오에서 내비게이션 기능 사용방법  ① 휴대폰에 내비게이션 앱을 다운로드해 주세요.· 아이폰 내비게이션 앱 : 티맵, 카카오 내비· 안드로이드폰 내비게이션 앱 : 카카오 내비 (기타 앱 : Android Auto), 기아 T map  ② 환경설정 - 폰 프로젝션 클릭, 사용할 기능에 체크* 참고 : Android Auto / MirrorLink 동시 체크 불가  ③ 휴대폰 - 차량 USB 단자를 USB 케이블로 연결, 아이콘 클릭  ④ 카플레이/안드로이드 오토/미러링크를 실행합니다.차량 화면에 뜨는 앱 아이콘 클릭 후 내비게이션을 사용할 수 있습니다.  * 내비게이션 기능이 지원되는 스마트폰 운영체제(OS) 버전· 애플 카플레이 : ios 12 버전으로 스마트폰 업데이트 필요합니다.· 안드로이드 오토 : Android 5.30(Lollipop) 이상 가능하나, 원활한 구동을 위해 Android 6.0(Marshmallow) 이상 버전의 스마트폰을 권장합니다.· 미러링크 : 삼성폰은 Android 6.0(Marshmallow), LG 폰은 7.0 이상 버전의 스마트폰을 권장합니다.* 상세 내용은 기아멤버스 홈페이지 내 호환 폰 리스트 참조* 내비게이션 앱(T-map, 기아 T-map, 카카오 내비) 역시 최신 버전으로 업데이트 필요합니다.기아멤버스'),(2,'[차량 정비]주차 중 핸들 작동이 갑자기 무거워졌는데 왜 그런가요?','전동 파워스티어링(MDPS)을 장착한 차는 차를 정지한 상태에서 핸들(스티어링 휠)을 좌우로 끝까지 계속 작동하면 과부하 방지 장치가 작동하여 핸들을 조작하는 힘이 끝부분부터 점점 무겁게 증가합니다.그러나 이것은 안전을 위한 조치로서 고장이 아니며 시간이 지남에 따라 초기 상태로 돌아가므로 운전에는 지장이 없습니다.    차량 정지 상태(시동 ON/OFF 관계없음)에서 약 10~20분 정도 기다리시면 초기 상태로 돌아갑니다.   * 주행 중 또는 시동 후 바로 현상이 발생한 경우에는 직영 서비스센터 및 서비스 협력사에 방문하시어 신속한 점검을 받아주시기 바랍니다.'),(2,'[차량 정비]겨울철 스노우 체인 장착 시 주의해야 할 사항이 있나요?','VRS(회전반경 제어장치) 기능이 적용된 차량은 스노우 체인을 장착하는 경우 반드시 VRS 버튼을 눌러 체인장착 주행모드로 설정하셔야 합니다.VRS(회전반경 제어장치)는 겨울철 스노우 체인 장착 공간을 활용하여 차량의 회전반경을 저감 시킴으로써 유턴 및 주차를 손쉽게 할 수 있도록 도와주는 장치입니다.차량에 체인 장착 후 모드 전환을 하지 않고 주행을 했을 경우 차량이 손상될 수 있습니다.    · 일반 주행 모드(버튼 내 표시등 소등) - 조향 스트로크 증대스노우 체인을 장착하지 않은 평상시의 운행 모드로써 조향 핸들의 좌/우 최대 회전각을 더 크게 하여 차량의 회전반경이 작아지므로 U-턴 및 주차 시에 선회 반경 저감 효과.    · 체인 장착 주행 모드(버튼 내 표시등 점등) - 조향 스트로크 감소스노우 체인을 장착한 상태의 운행 모드로써 조향 핸들의 좌/우 최대 회전각을 작게 하여 체인 장착 공간을 확보함.평상시 보다 차량의 회전 반경이 커지므로 U-턴이나 주차를 할 경우에 다소 불편할 수도 있음.따라서, 스노우 체인을 제거했을 경우에는 반드시 모드 전환 버튼(VRS)을 다시 눌러 일반 주행 모드로 운행해야만 U-턴이나 주차를 보다 쉽게 할 수 있음.'),(2,'[차량 정비]니로 EV 완충 시 전기가 자동으로 차단 되나요?','니로 EV 차량은 완속으로 100% 충전 시 전기가 자동으로 차단되는 기능이 적용되어 있습니다. 충전이 완료되면 ‘탁’ 소리가 나면서 차단됩니다. 배터리의 최적 상태 유지를 위해 완속 충전을 권장합니다.   배터리 충전 량이 20% 이하일 때 100%까지 충전을 하면 배터리 성능을 최적의 상태로 유지할 수 있습니다. (월 1회 이상 권장) '),(2,'[차량 정비]겨울철 히터 작동 시 RPM이 올라가는데 정상인가요?','차량 내 히터는 엔진에서 발생되는 열을 이용하여 차량 실내로 따뜻한 바람을 제공하는데, 추운 날씨에는 엔진이 빠르게 뜨거워지지 않아 따뜻한 바람이 나오기까지 시간이 소요됩니다.    이에 엔진이 금방 뜨거워지지 않는 디젤 차량의 경우 PTC 히터(엔진의 열이 충분하지 않아도  별도의 히팅 장치를 통해 공기를 신속하게 데워 차내로 공급해 주는 장치)를 작동하여 빠르게 데워진 공기를  차내로 제공하는데 이 PTC 히터가 작동하면서 RPM이 상승될 수 있으므로 차량 문제는 아닙니다.'),(2,'[차량 정비]트렁크가 열리지 않는데, 왜 그런가요?','K9, THE K9, K7, 오피러스 차량에 해당하는 내용입니다.  정상적으로 조작했지만 트렁크가 열리지 않는 경우 트렁크 자동 개폐 제어 버튼의 설정 여부를 확인해 주셔야 합니다.트렁크 자동 개폐 제어 버튼은 대리주차 또는 대리운전 등으로 키를 타인에게 양도해야 할 때  트렁크 內 귀중품 보호를 위한 잠금 기능입니다. 동승석 앞에 글로브 박스를 열어보시면, 트렁크 자동 개폐 제어 버튼이 있습니다. 버튼 OFF(튀어나온 상태)가 잠금입니다.다시 버튼을 눌러 ON 상태로 하시면, 실내 및 스마트 키에 있는 트렁크 열림 버튼을 이용하여 트렁크를 열고 닫을 수 있습니다. '),(2,'[차량 정비]요소수 보충 방법과 보관 방법은 어떻게 되나요?','먼저, 엔진 시동을 반드시 끄시고, 주차 브레이크 체결 후 연료 주입구 커버를 여십시오. 파란색의 요소수 탱크 주입구 캡을 시계 반대 방향으로 여신 후 요소수를 주입하여 주십시오. 연료 주입구에 요소수를 잘못 주입하지 않도록 주의해 주시기 바랍니다. 요소수는 반드시 ISO 22241 국제표준규격에 맞는 정품 요소수를 주입하셔야 하며, 보충 시 요소수가 주입구 바깥으로 넘치지 않도록 주의하셔야 합니다.    * 밀폐된 공간에서 요소수를 다룰 때, 환기가 잘 되는지 확인하셔야 합니다. 요소수 탱크가 열리면, 톡 쏘는 듯한 냄새의 가스가 나올 수 있습니다.    요소수는 직사광선을 피해 상온에서 보관되는 것이 좋으며 겨울철에는 영하 11℃부터 요소수가 동결하므로 한파 시기에는 실외 보관보다는 실내에 보관하는 것이 좋습니다. 요소수가 얼었을 때는 약간의 부피 증가는 있지만 기능상의 이상 없이 해동 후 사용 가능하며 제조일로부터 2년 경과 및 고온에 노출된 경우 요소수의 농도가 묽어질 수 있으므로 되도록 기한 내 사용하는 것이 좋습니다. '),(2,'[차량 정비]비상등/방향지시등 작동 시 점멸 주기가 불량한데 왜 그런가요?','비상등/방향지시등은 작동의 결함을 운전석에서 확인할 수 있어야 하고 점멸 주기는 외부에서 확인이 적합한 주기로 점멸되어야 합니다.비상등/방향지시등 작동 시 유독 점멸 속도가 빠르거나 느리다면 플레셔 유닛(릴레이) 문제입니다. 비상등/방향지시등 작동 시 좌우 점멸 횟수가 다르다면 한쪽 전구가 단선되었거나 전구 용량이 다른 경우입니다. 가능한 신속히 기아 직영 서비스센터 또는 서비스 협력사에 점검을 의뢰해 주셔야 합니다.   AUTO Q 검색/예약'),(2,'[차량 정비]자동차의 배터리는 한 번 방전되면 못 쓰나요?','자동차의 배터리는 한번 방전되면 사용하지 못한다고 알고 있는 사람들이 많지만 그렇지 않습니다. 배터리가 완전히 방전된 경우라도 즉시 충전을 하면 어느 정도는 기능을 회복할 수 있습니다. 하지만 방전된 상태로 일주일 이상 방치하면 회복 불가능한 상태로 될 수 있습니다. 따라서, 방전이 되면 즉시 충전해야 하고 무엇보다 배터리의 완전 방전은 배터리의 수명을 크게  떨어뜨리므로 평소 배터리가 방전되지 않도록 세심한 관리가 필요합니다.'),(2,'[차량 정비]엔진은 반드시 워밍업 후 운행해야 하나요?','엔진 워밍업이란 엔진이 정상작동 온도까지 뜨거워지는 과정을 말합니다. 과거 기계식 엔진은 원활한 윤활과 연소 등을 위해 약 10분 이상의 공회전이 권장되었지만, 전자제어엔진이 적용된 요즘엔 별도의 공회전은 반드시 필요하지는 않습니다.   필요 이상의 공회전은 법으로도 규제하고 있으며, 불필요한 연료 소모는 물론, 배기가스로 인한 대기오염의 원인이 되기 때문에 겨울철엔 약 2분, 여름엔 약 1분 정도면 충분합니다. 그리고 공회전 중 가속페달을 밟아 엔진 회전수를 높이는 것은 엔진에 무리를 주어 수명을 단축 시킬 수 있으며 특히 윤활이 제대로 되지 않는 냉간 시동 직후 급 가속은 엔진에 치명적인 손상을  초래할 수 있으므로 삼가는 것이 좋습니다.'),(2,'[차량 정비]유선상 서비스센터/오토큐 예약이 가능한가요?','정비 고객님들의 시간 절약과 편의를 위해 전화 한 통으로 전문 상담원이 맞춤형 서비스를 제공하는 정비 예약 전담 콜센터인 \"토탈 예약센터\"를 운영하고 있습니다. 정비 예약이 필요하시면 토탈 예약센터로 연락 주시면 예약이 가능합니다.   토탈 예약센터 (1899-0200)   · 토탈 예약센터 운영시간 : 평일 08:30~17:30  · 정비 서비스 예약 신청 절차 (사전 예약제)· 예약 단계① 전화연결② 상담원 접수③ 예약 배정 (센터 및 협력사)  · 수리 단계 ① 고객 사전 통화 및 안내 (위치 안내 및 부품 청구)② 차량 정비    컨시어지 상담 센터  (080-500-2000)· 컨시어지 상담 센터 운영시간 : 평일 08:30 ~ 19:00, 주말/공휴일 09:00 ~ 17:00 (주말/공휴일 중식시간 12:00~13:00)  * THE K9과 스팅어 차량은 THE MEMBERSHIP 컨시어지 상담 센터에서  정비예약이 가능합니다. '),(2,'[차량 정비]자동차에서 엔진오일이 소모되는 원인은 무엇인가요?','엔진오일은 정상적인 차량에서도 일정량 소모가 발생합니다. 이는 엔진의 구조상 조금씩 연소실로 유입되어 연료와 함께 오일이 연소되기 때문입니다.  과도하게 오일이 소모된다면, 이는 외부 누설이나 엔진 내부의 마모 등의 손상에 의한 고장이라 볼 수 있습니다.엔진 내부의 고장인 경우에는 오일이 과도하게 연소실로 유입되어 엔진출력이 저하되는 것은 물론, 머플러를 통해 하얀색의 배출가스가 나오기도 합니다. 심한 경우에는 모기 등의 해충을 제거하기 위한 연막 차량과 비슷한 정도의 현상이 나타나기도 합니다. 이런 현상이 나타난다면 정비업체를 방문하여 엔지니어를 통한 점검이 필요합니다.    AUTO Q 검색/예약'),(2,'[차량 정비]헤드램프에 습기가 발생하는데, 왜 그런 건가요?','헤드램프, 안개등의 램프는 우천 시 주행과 세차 등의 사용 조건하에 렌즈 내면이 일시적으로 흐려질 수 있습니다. 이것은 램프 내부와 외기의 온도 차에 따른 것으로, 비 오는 날 창유리가 흐려지는 것과 동일한 현상으로 기능상의 문제는 없습니다. 상향등을 점등하여 약 10분 후 헤드램프의 빛이 통과하는 렌즈 면의 습기가 없어지고, 1시간 이내에 모든 습기가 없어지면 정상적인 습기 현상입니다.    헤드램프 모서리 부분에 물이 고여 있거나 1시간 후에도 습기가 없어지지 않는다면, 물 유입의 가능성이 있으므로 엔지니어를 통한 점검이 필요합니다. 외부 요인에 대한 확인은 엔지니어의 점검이 필요하므로 번거로우시더라도, 가까운 직영 서비스센터나 오토큐로 입고하시어 점검을 받아 주시기 바랍니다.    사용설명서 참고사항· 반드시 규정된 용량의 전구를 사용하십시오.· 전구 교체 시 규격에 맞지 않는 용량의 전구를 사용할 경우, 퓨즈 단선 또는 이상 작동 및 기타 배선 관련 장치의 손상 및 화재의 위험을 초래할 수 있습니다.· 전구가 단선되거나 손상되면서 즉시 규격에 맞는(용량 및 색깔) 새것으로 교체하고, 못쓰게 된 전구는 안전하게 처리하십시오.· 전구를 점검·교체하기 이전에 차량이 갑자기 움직이거나 전기 충격으로 인한 감전 사고의 위험을 방지하기 위해 주차 브레이크를 확실히 작동시키고 시동을 OFF상 태로 하십시오.· 전구 표면이 뜨거우면 화상의 위험이 있으므로 반드시 장갑 등을 착용하십시오.· 일반 전구 사양을 HID 타입으로 개조하면 이상 동작 및 기타 배선 관련 장치의 손상을 초래할 수 있습니다.· 전조등, 제동등 등의 램프는 우천 시 주행과 세차 등의 사용 조건하에서 렌즈 내면이 일시적으로 흐려질 수 있습니다. 이것은 램프와 외기의 온도차에 따른 것으로 우천 시 등의 창 유리가 흐려지는 것과 동일한 현상으로 기능상의 문제는 없습니다. · 다만 렌즈 내면에 큰 물방울이 있는 경우나 램프 내부에 물이 들어간 경우는 자사 직영 서비스센터 또는 서비스 협력사에 문의하십시오.'),(2,'[차량 정비]기아렌터카 이용 중인데, 자차 수리 시 무상 대여차 제공이 되나요?','기아렌터카를 이용하시는 고객님들의 만족도 향상을 위해, 기아렌터카 이용 고객을 대상으로 자차 사고 수리 발생 시 무상 대여차 서비스를 제공해 드립니다.(’18년 8.7일부터 서비스 제공)  자차 사고 시 보험사 사고 접수(1588-5656)를 하신 후 고객님이 원하시는 지역에서 보험사 협력공장에 입고하여 수리하시는 경우 수리 기간 동안 무상 대여차 서비스가 제공됩니다.(고객 과실의 자차 수리 경우에도 무상 대여차 서비스 제공, 보험사 지정업체에  限 함)  '),(2,'[차량 정비]봉고 특장차 중 파워게이트 차량은 어떤 차량인가요?','파워 게이트란 적재함 뒷부분에 리프트 게이트를 장착하여 무거운 물건을 쉽게 적재 및 하역할 수 있는 차량입니다.주 수요처는 중량물을 취급하고 적재/하역이 잦은 운송 업체나 부피 짐(수송 효율 중시)을 많이 싣고 적재/하역 편의성이 필요한 배송업체에서 유용하게 이용하실 수 있습니다.  ( 예 - LP가스 대리점, 악기점, 가구점, 전자 제품점 등)   파워게이트일반 카고 적재함에 수직 승강형 게이트를 장착한 차량으로,  리어 게이트가 좌우 기둥을 기준으로 상하(리프팅) 작동합니다.  · 활용 용도에 맞게 선택 가능 (게이트 단수/재질별)  · 견고하고 단단한 스틸 게이트, 방청 및 내부식성이 강한 알루미늄 리어 게이트 · 평평한 지면에서 게이트 사용    와이드 파워게이트사이드 게이트를 와이드하게 높이고 바닥을 알루미늄 사용하여  방청성이 우수한 적재함에 턴인 타입 시스템 게이트를 장착하였습니다. 리어 게이트가 여닫힘(틸팅) 및 상하(리프팅) 작동합니다.  · 적재물의 양에 따라 사이드 게이트를 확장 가능  · 리어 게이트의 작동 실린더를 4개 적용하여 작동 시 안정적 구동  · 평평한 지면 및 경사로에서도 게이트 사용 가능 '),(2,'[차량 정비]스마트키와 관련된 경고등은 어떤 것들이 있나요?','KEY OUT 경고등 시동 「ACC」 이상의 상태에서 차내에 스마트 키가 없을 경우, 도어를 열면 경고등이 점멸하며, 이후 모든 도어가 닫히면 경보음 또한 약 5초간 울립니다.  단, 주행 중에는 경고등이 소등됩니다. 항시 스마트 키를 휴대하십시오.    KEY 배터리 전압경고등 시동 버튼 「OFF」 일 때 차 안에 있는 스마트 키의 배터리가 방전되었을 경우 표시창에 경고등이 10초 동안 깜박입니다. 스마트 키의 배터리를 교체하십시오.    키 확인 표시등  키 확인 표시등은 상황에 따라 다음과 같이 점등 또는 점멸됩니다.  · 스마트키가 차내에 있을 경우에 시동 버튼 「ACC」 또는 「ON」 상태에서는 표시등이 수초간  점등되어 시동이 가능함을 알려줍니다.그러나, 스마트키가 차내에 없을 경우에는  시동 버튼을 누르면 표시등이 수초간 점멸되어 시동이 불가함을 알려주며  시동이 걸리지 않습니다.  · 시동 버튼 「ACC」 또는 「ON」인 상태에서 도어를 열었다 닫으면, 실내에 스마트키가 있는지  확인하여 없을 경우 경보음이 약 5초간 작동합니다.  · 시동 버튼 「ACC」에서 「ON」 상태로 전환할 때 스마트키가 차내에 없으면 표시등이 수초간  점멸되어 시동이 불가함을 알려줍니다.    * 실제 차량에 적용된 사양/계기판 종류에 따라 경고등이 다를 수 있습니다.  자세한 내용은 실 차량에 적용된 계기판과 사용설명서를 참조해 주시기 바랍니다.  사용설명서'),(2,'[차량 정비]자동차 키를 분실한 경우 어떻게 해야 하나요?','분실하신 키의 종류에 맞게 새로 구입하시어 사용하실 수 있습니다.    일반 열쇠인근 오토큐에 문의 후 키 세공을 해주시면 됩니다.    이모빌라이져이모빌라이져 키는 먼저 열쇠 전문점에서 이모빌라이져 키 세공 후 오토큐에  차량과 함께 방문하시어 핀코드 입력 후 사용 가능합니다. 차량 이동이 어려우신 경우 긴급출동을 통해 코드 입력이 가능합니다.    리모컨/스마트 키 리모컨/스마트 키는 기아 오토큐에 차량과 함께 방문하시면 키 구입 및  주파수 세팅 후 사용하실 수 있습니다.차종에 맞는 부품의 재고 여부를  유선으로 확인 후 내방해 주시기 바랍니다.  (스마트 키에 내장된 보조 키는 열쇠 전문점에서 세공하실 수 있습니다.)    * 분실하신 키로 인해 차량이나 차량 내 물품의 도난 염려가 있다면 키 세트 전체를 교환하시는  것이 좋습니다. 자세한 방법은 오토큐를 통해 안내 받으신 후 진행해 주시기 바랍니다.  * 기아에서는 차량 열쇠 전문업체와 제휴하여, 키 분실 시 긴급출동 서비스를 진행해  드립니다. 키 분실, 실내 문잠김, 트렁크 잠김, 핀코드 입력 등의 서비스 이용이 가능합니다. (긴급출동 서비스 접수 : 080-200-2000)'),(2,'[차량 정비]니로EV 차량의 ‘스마트 회생제동 시스템’은 무엇인가요?','회생제동 시스템이란 제동 시 바퀴의 구동력으로 모터를 통해 배터리를 충전하는 시스템으로, 내리막길을 탄력주행 하거나 제동하여 감속하는 경우 회생제동 기능을 통해 배터리를 충전합니다.EV차량의 연비향상 및 주행가능거리(DTE) 확보에 가장 필수적인 기능이라고 할 수 있습니다.탄력 주행 시 도로 경사 및 전방차량 주행 상황에 따라 자동으로 회생제동 단계를 제어해 줍니다.실도로 주행 중 운전자 브레이크 조작량을 감소시키고, 이로 인해 실도로 연비 개선효과를 체감 하실 수 있습니다. '),(2,'[차량 정비]안드로이드 오토 기능은 무엇인가요?','스마트폰에서 사용되는 안드로이드 기반 서비스 일부를 자동차에서도 이용할 수 있도록 만든 서비스입니다.차량 USB단자에 안드로이드 스마트폰을 연결한 후 차량용 디스플레이에 프로젝션하여 사용할 수 있으며, 음성 명령을 통해 운전자들이 내비게이션 및 미디어, 전화, 문자 메시지 등의 기능을 차 안에서 보다 안전하고 편리하게 사용할 수 있습니다.기존에 제공중인 미러링크는 T맵을, 애플 카플레이는 애플 전용 내비를 제공하고 있으며, 새롭게 제공하는 안드로이드 오토는 카카오 내비를 사용할 수 있습니다.   구글 어시스턴스 기능 (음성인식)· 화면의 마이크 버튼을 선택시 실행 가능· 차량의 음성인식 버튼을 길게 누르는 경우 실행· 서버 기반의 음성인식으로 네트웍에 연결되어야 함· 음성인식으로 지도 실행, 전화 걸기, 음악 실행 가능· 문자 메시지 기능은 제공하나, 음성인식 기반으로만 기능 제공 (운전자 주의 분산 방지 목적)  지도 기능· 카카오 내비 적용· 구글 음성인식 or 직접 입력을 통해 위치 검색 가능  전화 기능· 전화 수/발신 기능을 제공· 음성인식으로 전화번호부 목록에서 전화걸기 제공 (운전자 주의 분산 방지 목적)· 안드로이드 오토의 경우 블루투스를 통해 전화연결· USB로 연결된 안드로이드폰과 블루투스 연결됨  음악 기능· 기본 Google Play 뮤직 앱을 통해 음악 서비스 지원· 멜론, 벅스, 지니 등 음악 앱을 통해 음악 서비스 지원· 음성인식으로 음악 실행 가능 (곡명, 아티스트 명으로 찾기 가능)· 여러 음악 앱 중 기본 앱 설정 가능  종료 기능· 안드로이드 오토 기능을 종료 후 내비게이션 홈화면으로 전환하는 기능· 음악 앱 이외에 앱이 추가될 경우 목록이 생김'),(2,'[차량 정비]후석 승객 알림 시스템은 무엇인가요?','운전자가 차량에서 내릴 때 뒷좌석에 영·유아 등 탑승자를 두고 내리는 것을 방지하기 위한  기능으로, 차량 실내에 탑승자가 남아 있는 것으로 차량이 감지하면 알림을 제공하는 기능입니다.   ① 뒷좌석 도어를 열고 닫은 후에 시동을 끄고 운전석 도어를 열면,  운전석 클러스터(계기판)에 경고 및 경고음 발생으로 1차 알림을 해줍니다. (“뒷좌석을 확인하십시오” 경고문 표시)  ② 1차 알림 후에도 도어를 닫고 전체 도어를 잠금 한 후, 차 안에서 움직임이 감지되면  약 25초 동안 경적음(혼)과 비상 경고등이 작동하며, UVO 3.0 가입자에게는 문자를 발송하는 2차 알림을 해줍니다. (움직임이 계속 감지되면, 최대 8회까지 알림이 작동 합니다.)    * 계기판 내 사용자 설정 모드에서 「편의 → 후석 승객 알림」기능을 설정 또는 해제할 수 있습니다. * 후석 승객 알림 (ROA : Rear Occupant Alert)'),(2,'[차량 정비]여름철(장마철) 차량 관리 요령을 알려주세요','장마철 차량 관리법  ① 주차할 때 물이 고이는 곳은 피하고 바람이 잘 통하는 곳에 차량을 두어야 함  ② 배터리 주변과 배터리 단자의 정기적 점검 및 청소  ③ 장기간 주차 때는 주기적으로 시동을 걸어주고, 후드 및 트렁크/도어를 열어  습기를 제거하는 것이 차량관리에 도움을 줌   ④ 비상시를 대비해 삼각대와 손전등, 장갑 등을 차에 비치해 두어야 함  ⑤ 터치 페인트를 준비하여 손상된 부위에 살짝 칠해 두면 녹을 방지하고 손상 부위가 부식되어 커지는 것을 방지  ⑥ 패드의 마모나 경화 상태 점검   ⑦ 운행 시 충분한 제동거리 확보    장마철(여름철) 와이퍼 관리 요령   장마철에는 와이퍼 사용 빈도가 높습니다.와이퍼 작동 시 줄무늬 발생 및 닦임 성능이 불량할  경우 젖은 타월 또는 융보루로 블레이드 고무날의 오염물질을 제거하시거나 블레이드 점검하여  교환하는 것이 좋습니다.또한, 와이퍼 암 고정너트가 풀릴 경우 닦임 불량, 떨림, 소음 등이 유발될 수 있어 예방점검이 필요합니다. '),(2,'[차량 정비]어드밴스드 에어백이란 무엇인가요?','어드밴스드 에어백 (Advanced Air bag) 시스템은 미국 어드밴스드 에어백 법규에 만족하는 조건으로 개발된 에어백입니다.  에어백이 장착된 좌석에 승객이 타고 있는지를 판단하고, 전방 충돌 속도 및 안전벨트의 착용여부, 동승석(조수석) 승객의 몸무게, 체격 등을 종합적으로 감지해 탑승자에게 적절한 강도로 전개되는 에어백 입니다.  어드밴스드 에어백은 충돌의 심각성에 따라 두 단계로 에어백 전개를 제어합니다. 충돌의심각성이 높아질수록 단계가 높아집니다.안전벨트를 올바르게 착용하지 않으면 에어백이 전개되더라도 사고 시 심각한 부상을 입을 수 있습니다. 또한, 승객 구분 시스템이 장착되어 있어, 동승석에 탑승자가 있는지 판단하고 특정 조건에서는 동승석 에어백을 작동하지 않습니다.'),(2,'[차량 정비]승객 구분 센서란 무엇인가요?','승객 구분 센서(ODS : Occupant Detection Sensor)동승석 승객을 어린이 보조좌석과 성인으로 구분하여 에어백 제어 장치(ACU)에 승객 정보를 보내며, 에어백 제어 장치(ACU)는 승객 정보와 충돌 신호를 이용하여 동승석 에어백 전개 여부를 결정합니다.    * 승객 구분 센서는 어린이 보조좌석이 동승석에 설치된 경우 이를 감지하며, 에어백 제어 장치(ACU)는 동승석 에어백을 전개시키지 않습니다. * 체구가 작은 성인이 올바르지 않은 자세로 앉아있는 경우 동승석 에어백이 작동하지 않을 수 있습니다. * 시동 ON 후 PASSENGER AIR BAG “OFF” 표시등은 약 4초 동안 켜집니다.  동승석에 탑승자가 앉으면, 수초 후에 승객 구분 센서가 동승석 탑승자를 감지합니다.'),(2,'[차량 정비]운전자 주의 경고(DAW) 시스템은 어떤 기능인가요?','주행 중 운전자의 피로 및 부주의 상태를 판단하여 알려주는 시스템 입니다. 계기판을 통해 주의운전 상태를 5단계의 레벨로 나타내주고, 주의운전 상태가 1레벨 미만으로 떨어질 경우 계기판의 휴식 권유 문구가 표시되며 경고음이 울립니다. 이 경우, 안전을 위해 잠시 휴식 후 운행하시길 권장하고 있습니다.   운전자 주의 경보 시스템은 운전자의 안전편의를 위한 보조장치로, 경고 문구와 경보음이 발생하여도 계속 운행은 가능합니다.다만, 장시간 운행하시는 경우 운전자의 피로 누적으로 부주의 상태가 지속될 수 있으므로  휴식 후 운행을 권장합니다.휴식을 위해서는 안전한 장소에 주·정차 하시고 휴식을 취해주시기 바랍니다.    * 운전자 주의 경고 시스템 (Daw : Driver Attention Warning)'),(2,'[차량 정비]차에서 이상한 냄새가 나는 경우 어떤 고장징후가 있나요?','자동차에서 발생하는 각종 비정상적인 불쾌하고 좋지 않은 냄새는, 냄새 그 자체가 문제가  되기도 하지만, 인체에 유해한 성분이 포함되어 있는 경우가 많으므로, 만약 냄새가 실내에서  난다면 반드시 정기적으로 창문을 열어 환기를 해야 합니다.  그리고 무엇보다 냄새의 원인을 찾아 수리하는 것이 중요합니다.  냄새 발생시 문제/원인은 엔지니어의 점검이 반드시 필요하여 원인에 따라 작업 방법이 다를 수 있습니다.     ① 고무 타는 냄새가 나는 경우 · 원인 : 엔진의 구동벨트가 미끄러져 마찰에 의해 발생하는 냄새 (벨트가 미끄러지는 소음을 동반하게 됨)  타이어에서 발생하는 냄새 (공기압이 부족한 상태로 주행하여 타이어에 과도한 마찰열이 발생)  · 조치 : 엔진의 구동벨트와 타이어의 상태 점검     ② 코를 찌르는 식초 냄새가 나는 경우  · 원인 : 배터리가 파손 되어 전해액이 누출되거나, 과충전에 의해 가스가 과도하게 발생하는 경우  · 조치 : 배터리 상태 및 전해액의 누출여부 점검     ③ 달짝지근한 냄새가 나는 경우  ·  원인 : 냉각수인 부동액의 누수를 예상할 수 있음  · 조치 : 냉각수 탱크 주위를 확인하여 신속하게 누수 부위를 점검하고 수리해야 함.     ④ 옷이 눌어붙는 냄새가 나는 경우  ·  원인 : 브레이크 패드나 라이닝이 과도하게 열을 받아 비정상적으로 마모되는 경우  · 조치 : 차량을 안전한 곳에 신속하게 세우고 식히는 일이 필요함, 브레이크 패드/라이닝 상태 점검     ⑤ 나무가 타는 듯한 냄새가 나는 경우  · 원인 : 클러치 디스크의 과도한 슬립으로 발생하는 냄새  (과도한 반 클러치 사용이나, 무거운 짐을 싣고 운행하는 경우)  · 조치 : 클러치 디스크를 잠시 식힌 후 운행해야 하고, 클러치 디스크를 점검해 보아야 함.    AUTO Q 검색/예약'),(2,'[차량 정비]정비업체의 구분은 어떻게 하나요?','직영 서비스센터는 기아에서 직영으로 운영하는 정비거점 입니다. (전국 18개 운영)    오토큐(AUTO Q)는 기아 공식 서비스 협력사로서 기아와 보증수리 관련 협정을 체결 후 규정에 의거 당사 고객에게 정비서비스를 제공하는 거점이며, 다시 종합 서비스와 전문 서비스로 나눠집니다.    · 종합서비스는 국가에서 자동차 종합 정비업 및 소형 정비업으로 등록된 정비거점이며, 보증 수리가 가능하고, 일반 점검/정비 및 판금/도장 정비 가능합니다.  · 전문서비스는 국가에서 자동차 부분 정비업으로 인가된 정비거점으로, 보증 수리가 가능하고, 일반 점검/정비 가능합니다.  * 기아멤버스 사이트에서 AUTO Q 검색 및 온라인 정비 예약까지, 고객님이 원하시는 장소와 시간에 차량 관리를 받으실 수 있습니다.  AUTO Q 검색/예약'),(2,'[차량 정비]차에서 이상한 진동이 느껴지는 경우 어떤 고장징후가 있나요?','자동차에서 발생하는 각종 진동은 고장을 나타내는 징후일 수 있으므로 원인을 찾아 수리하는 것이 중요합니다.  진동발생 시 문제/원인은 엔지니어의 점검이 반드시 필요하여 원인에 따라 작업 방법이 다를 수 있습니다.     ① 공회전시 불규칙한 진동  · 원인 : 엔진 부조가 원인일 수 있음. 엔진부조는 연소가 불안정하여 나타나는 현상으로, 엔진의 점화나 연료장치를  포함한 다양한 요인에 의해 발생하기 때문에 그 원인을 규명하는 일은 쉽지 않음.  · 조치 : 엔진 부조는 출력과 연비저하 그리고 유해 배출가스의 원인이 되기 때문에, 엔진을 점검한 후 수리     ② 공회전시 규칙적인 진동  · 원인 : 엔진과 차체 사이에 장착된 마운팅류의 손상이나 노화가 된 경우  · 조치 : 엔진 마운팅 브라켓 점검     ③ 주행 중에 나타나는 진동 (약 30~70 km/h에서 차체와 조향 휠이 흔들리면)  · 원인 : 바퀴의 밸런스 불량을 의심할 수 있음. 타이어가 장착된 휠에는 밸런스를 조정하기 위해 휠 웨이트라고 하는  납으로 된 부착물이 있는데, 이 부착물이 외부의 충격에 의해 떨어지게 되면 바퀴의 밸런스가 맞지 않아 진동발생.  · 조치 : 휠 밸런스 점검 장비를 이용해 바퀴의 밸런스 점검과 조정.     ④ 주행 중에 나타나는 진동 (차속과 비례하여 조향 휠과 차체가 떨린다면)  · 원인 : 엔진의 동력을 전달하는 등속조인트나 프로펠러 샤프트의 변형 또는 회전밸런스 불량을 예상  · 조치 : 프로펠러 샤프트의 밸런스 불량의 경우는 휠 밸런스와 같이 밸런스 조정을 통해 해결이 가능     ⑤ 주행 중에 나타나는 진동 (제동 시 조향 휠과 차체가 떨린다면)  · 원인 : 브레이크 디스크나 드럼의 이상 마모와 변형을 예상. 전륜 브레이크 디스크가 불량하면, 조향 휠이 좌우로 떨리고,  뒤 브레이크의 디스크가 불량하면 차체가 상하로 떨리는 특징이 있음.  · 조치 : 전문가의 도움을 받아 브레이크 디스크나 드럼의 이상유무를 점검해 보아야 함.    AUTO Q 검색/예약'),(2,'[차량 정비]히터 및 에어컨 작동 표시창에 나타나는 온도 단위는 어떻게 바꾸나요?','히터 및 에어컨 작동 표시창에 나타나는 온도 표시를 섭씨( °C) ↔ 화씨( °F)로 전환하여 표시할 수 있습니다.    자동 조절식 에어컨온도 표시를 변환하고자 할 때는 다음과 같이하십시오.  ① 「OFF」버튼을 누른 상태에서 「AUTO」버튼을 3초 이상 누르십시오. ② 표시창의 온도 단위가 °C → °F 또는 °F → °C로 전환되어 표시됩니다.    수동 조절식 에어컨 ① 계기판 트립 컴퓨터 모드에서 「주행 가능 거리」 화면으로 전환하십시오. ② 핸들의 「리셋」 스위치를 5초간 길게 누르면 단위가 전환되어 표시됩니다.     * 참고사항 : 온도 표시를 변환하는 방법은 차종/연식에 따라 다를 수 있으므로,  자세한 방법은 차량의 설명서를 확인해 주시기 바랍니다.'),(2,'[차량 정비]계절이 바뀔 때마다 엔진오일의 종류를 달리 사용해야 하나요?','과거에는 기온에 따라서 오일의 점도는 변하기 때문에 자동차 엔진오일을 계절별로 각기 다르게 선택하도록 권장했었지만, 기술력이 발전됨에 따라 엔진오일의 성능이 향상되고 엔진성능도 좋아져 사용설명서에서 추천하는 다 등급 오일을 사용하면 계절 변화에 따른 차량성능에는 별 문제가 되지 않습니다. 따라서, 엔진오일은 계절에 관계없이 사용하고 관리하되 제작사에서 권장하는 교환주기를 준수하면 됩니다.   엔진오일에 관련한 일반상식 입니다.① 계속 같은 브랜드의 엔진오일을 넣는 것이 좋은가요?  자동차 엔진오일은 정유사별로 오일 제작 시 첨가하는 성분이 조금씩 다르기 때문에 엔진오일은 가급적  동일회사 제품을 꾸준히 사용하는 것이 엔진과 엔진오일과의 친화력을 늘리는데 도움이 됩니다. 하지만 이를 너무 의식할 필요는 없으며 제작사에서 지정하거나, 정유사별로 권장하는 오일종류를 선택해서  자유롭게 이용하면 되겠습니다.    ② 교환한 엔진오일이 검게 변하면 문제가 있나요?  엔진오일에 첨가되어 있는 청정분산제가 희석되어 엔진 내부의 이물질을 녹여 새로 주입한 엔진오일 속에 스며들어 발생하는 현상이기 때문으로 성능 발휘에는 문제가 없습니다.    ③ 신차도 바로 엔진오일을 교환해야 하나요?  엔진은 제작 과정 중 충분한 세척과정을 거칩니다.초기 운행 시 미세한 이물질 발생이 많은 것은 사실이나, 높은 등급의 엔진오일과 고성능의 오일필터가 충분히 이물질을 걸러줍니다.따라서, 사용설명서에 기재된 권장 교환주기에 따라 교환해주시면 됩니다.'),(2,'[차량 정비]DPF(CPF)가 장착되어 있는데, 운행 중 백연(흰 연기)가 발생하는 것은 정상인가요?','백연은 차량의 배기가스가 외부 공기 중으로 방출되면서 백색의 연기 형태로 배출되는 현상입니다.DPF(CPF) 장치 재생 시 높은 온도의 배기가스 내 포화 수증기가 대기로 배출되어 대기 온도와 가깝게 냉각됩니다.온도가 낮아진 배기가스의 수증기는 포화한계가 작아져 기체 상태로 있지 못하고 물로 응축이 되는데, 이렇게 응축된 물이 작은 방울형태로 육안으로 볼 수 있게 가시화 되며 이것이 백연처럼 보여집니다.따라서, DPF(CPF) 작동 시 포화 수증기 발생에 의한 백연 발생은 정상적인 현상입니다.     DPF(CPF) 비작동 시 흰색의 배기가스가 방출되는 경우머플러에서 흰색의 배기가스가 다량 배출되며 엔진힘이 떨어지는 경우, 엔진오일의 이상연소 증상일 수 있으므로 점검이 필요합니다.가까운 정비업체로 방문하시어 엔진오일의 소모량과 관련 부품의 손상여부를 점검 받아보시기 바랍니다.  예상원인· 피스톤 링 또는 실린더 벽이 마모되어 엔진오일이 연소실로 유입됨· 밸브스템씰이 손상되어 엔진오일이 연소실로 유입됨  · 실린더헤드 불량으로 엔진오일이 연소실로 유입됨     조치방법· 엔진오일 소모량의 주기적인 점검, 피스톤 링 교환, 밸브스템씰 교환, 실린더헤드 점검 및 교환'),(2,'[차량 정비]냉각수 점검·보충 시 부동액의 농도(비율)는 어느 정도가 적절한가요?','· 부동액은 농도가 높을수록 어는 점이 내려가지만, 농도가 약 70 %에 이르면 오히려 어는 점이 다시 상승하여 효과가 떨어지게 됩니다.부동액의 농도가 너무 높으면 냉각수의 점도가 증가하여 순환이 잘 되지 않아 냉각효율이 떨어지게 되고 엔진과열이 쉽게 일어나므로, 부동액의 농도는 일반적으로 약 30~60 % 사이에서  사용하는 것이 적절합니다.    · 냉각수를 교환하거나 보충할 때는 반드시 부동액과 물을 적절한 비율로 혼합하여 사용해야 합니다.우리나라 겨울철 혹한기 기온이 약 -25℃임을 감안하면, 부동액은 40 %, 물은 60 % 정도의 비율로 사용하는 것이 가장 적절합니다.'),(2,'[차량 정비]주차 시 바닥에 액체가 떨어져 있습니다. 왜 그런 거죠?','차량을 장시간 주차해 두었을 때, 엔진룸에서 각종 액체가 바닥에 누설된 경우 액체의 색깔과 위치로 누설부위를 예상할 수 있습니다.주기적으로 주차된 차량 아래 액체 유무 및 색깔을 확인해 주시기 바랍니다.    ① 떨어진 액체가 갈색 or 검은색인 경우· 엔진오일이 누설되었을 가능성이 큽니다.일반적으로 엔진오일은 노란색을 띄고 있으나, 엔진에서 윤활작용을 하며 검게 변합니다. (엔진오일 성분 중 청정분산제가 엔진 내부 이물질을 녹이기 때문)  · 엔진오일 누유 시 윤활불량에 의한 엔진 고장의 원인이 되므로, 즉시 엔지니어를 통한 점검/정비가 필요합니다.    ② 떨어진 액체가 붉은색인 경우· 자동변속기 오일이나 파워스티어링 오일의 누설을 짐작할 수 있습니다. 자동변속기 오일 누유 시 변속 시 충격 발생, 내부 슬립으로 변속기에 치명적인 고장 발생할 수 있으며, 파워스티어링 오일 누유 시 조향휠의 조작력이 커지며,소음유발의 원인이 될 수 있으므로 점검이 필요합니다.    ③ 떨어진 액체가 녹색인 경우· 냉각수 누수의 징후로 볼 수 있습니다.냉각수가 부족한 경우 오버히트 발생 가능성이 있으므로 즉시 점검이 필요합니다.(냉각수에 함유된 부동액이 대부분 녹색임. 단, 다른 색의 부동액도 있을 수 있으므로 유의 필요)    ④ 떨어진 액체가 옅은 노랑 or 투명한 경우· 브레이크액 또는 클러치액의 누유를 의심할 수 있습니다. (일반적으로 브레이크액/클러치액은 함께 사용, 끈적거리지 않음)  · 브레이크 시스템의 성능 저하나 작동불능, 액 자체의 부식성이 강해 차체 도장이나 부품 부식의 원인이 될 수 있습니다.    ⑤ 떨어진 액체가 옅은 파란색인 경우  · 윈도우 워셔액 누수를 의심할 수 있습니다. (녹색인 냉각수와 혼돈하지 않도록 유의)  · 겨울철 리저버 탱크의 동파에 의한 파손이 많으므로, 겨울에는 얼지 않는 겨울철 윈도우 워셔액 사용이 필요합니다.'),(2,'[차량 정비]자동차 배기계통에서 이상 소음(이음)이 발생하는데 왜 그런가요?','자동차 소음 중 가장 큰 비중을 차지하는 배기계통에 이음이 발생할 경우 비교적 간단하게 원인 예측이 가능하며,  평소와 다른 비정상적 이음은 엔진의 고장징후로 볼 수 있습니다.   다음과 같이 배기계통에서 비정상적인 소음/이음이 발생하는 경우, 문제 및 원인은 엔지니어의 점검 및 진단이  필요하므로 가까운 오토큐 또는 지정 정비공장에 방문하셔서 차량 점검을 받아보시기 바랍니다.     ① 주행 시 차량 아래에서 \"달그락\"거리는 소리가 들리고 차량의 출력이 떨어지는 경우  · 원인 : 촉매변환기 내부의 파손 가능성, 촉매제 파손 시 배기가스 배출을 방해하여 이음발생/출력저하  · 조치 : 촉매변환기 정상여부 점검 및 조치     ② 머플러의 이음 발생 (엔진 공회전 혹은 가속 중 비정상적 배기소음)  · 원인 : 머플러의 부식으로 배출가스 누설, 엔진의 부조로 배기가스가 불규칙하게 배출  · 조치 : 머플러의 부식상태 확인, 엔진의 부조여부 점검 및 조치     ③ 주차한 차량에서 \"딱 딱\" 소리가 나는 경우  · 원인 : 주행 중 뜨거운 열에 의해 뜨거워진 배기라인, 머플러 금속이 팽창하였다가 시동을 끈 후 식는 과정에서 수축하게 되고 금속간의 수축 정도의 차이로 발생함  * 금속 부품의 온도 차이로 인한 팽창/수축과정에서 생기는 정상음 입니다.  AUTO Q 검색/예약'),(2,'[차량 정비]자동차 엔진계통에서 이상 소음(이음)이 발생하는데 왜 그런가요?','일반적으로 엔진에서 발생하는 소음은 부품 마찰에 의한 금속음, 벨트/고무류의 미끌림에 의한 마찰음, 연소 시 폭발음 등이 있으며, 평소와 다른 비정상적 이음은 엔진의 고장징후로 볼 수 있습니다.     다음과 같이 엔진에서 비정상적인 소음/이음이 발생하는 경우, 문제 및 원인은 엔지니어의 점검 및 진단이  필요하므로 가까운 오토큐 또는 지정 정비공장에 방문하셔서 차량 점검을 받아보시기 바랍니다.    ① 시동모터가 힘 없이 \"틱 틱\"하면서 뭔가 걸리는 듯한 소리를 내며 회전하는 경우  · 원인 : 충전장치 불량, 배터리 노후에 따른 성능저하, 배터리 방전 등  · 조치 : 충전장치 및 배터리 상태 점검/교환     ② 시동 혹은 가속 시 \"삐~익\"하는 날카로운 소리가 들리는 경우  · 원인 : 구동벨트의 장력 불량/손상으로 벨트가 미끄러지는 현상 (부하가 큰 에어컨 가동 시 더욱 크게 들림)  · 조치 : 구동벨트 장력 조정, 구동벨트 손상 시 신품으로 교체     ③ 주행 가속 시 \"까르륵\"하는 날카로운 금속성 소리가 들리는 경우 · 원인 : 노킹(knocking) 발생, 엔진에 치명적인 고장 초래  · 조치 : 노킹발생 원인에 따른 적절한 조치 필요  AUTO Q 검색/예약'),(2,'[차량 정비]스마트 내비게이션의 미러링크 기능과 가능한 휴대폰은 무엇입니까?','미러링크는 스마트폰의 음악, 내비게이션 등과 같은 다양한 기능이 유무선 통신망을 거쳐 차량의 큰 화면과 고음질의 사운드 시스템에서 제공되는 서비스 입니다.    국제 표준 단체인 C.C.C (Car Connectivity Consortium)에서 정의하는 통신 표준 규격으로 스마트폰과 차량용 인포테인먼트 시스템을 간단하고 편리하게 연결 시켜주는 기술입니다.    단, 미러링크 기능은 ‘스마트 내비게이션’에서만 사용 가능합니다.  · 차량과 스마트폰을 USB 케이블로 연결 후 사용 가능함    미러링크 호환 앱 · 기아 T map 및 RockScout with Vanilla Music  * 기아 T-Map기능은 휴대폰 기종에 따라 이용이 어려울 수도 있으며, 사용 가능 기간은  향후 기아와 SKT社(SK 플래닛)의 계약조건에 따라 달라질 수 있음    지원 차종 및 스마트폰  · 지원 차종은 차량 가격표 ‘공통 참조사항’에 표시되어 있으며, 기아 T map을 사용할 수 있는 스마트폰 정보는 기아멤버스 홈페이지에서 확인하실 수 있습니다. MirrorLink 호환안내'),(2,'[차량 정비]차로 안전을 위한 주행보조 시스템은 무엇이 있나요?','차로 이탈 경고 (LDW, Lane Departure Warning) · 기존 명칭 : 차선이탈 경보 시스템 (LDWS)· 차량 속도 60km/h 이상, 차선 인식 가능시 작동 · 차량 윈드실드 상단에 장착된 전방 카메라를 통해 방향지시등을 켜지 않고 주행차로 이탈 시  클러스터 혹은 HUD 內 표시 및 경고음 송출을 통하여 운전자의 주의를 환기시키는 시스템 입니다.  · 작동 방법 : ON/OFF (ON : 차량 내부 버튼 조작시 클러스터 내 점등, OFF : 차량 내부 버튼 조작시 클러스터 내 소등)* 작동 제한 조건 등 주의 사항은 오너스 메뉴얼 참조  차로 이탈방지 보조 (LKA, Lane Keeping Assist) · 기존 명칭 : 주행 조향보조 시스템 (LKAS)  · 차량 속도 60km/h 이상, 차선 인식 가능시 작동· 차로 이탈 경고 기능에 이탈방지 보조 기능을 더하여 방향지시등 켜지 않고 옆차로 근접 및 주행차로 이탈시  MDPS 조향 보조를 통한 기존 주행차로 이탈을 방지하여 사고 위험 최소화하는 시스템 입니다.  · 작동 방법 : ON/OFF (ON : 차량 내부 버튼 조작시 클러스터 내 점등, OFF : 차량 내부 버튼 조작시 클러스터 내 소등)* 작동 제한 조건 등 주의 사항은 오너스 메뉴얼 참조* 스티어링 휠에서 손을 뗄 경우 경고 후 상황 변화 없을 시 기능 해제  차종별 적용 현황· 이탈 경고 : K3(세단 가솔린限), K5, K7, 스팅어, K9, 스토닉, 니로, 소포티지, 쏘렌토, 모하비, 카니발· 이탈방지 보조 : K7(하이브리드 미적용). 스팅어, 니로, 쏘렌토* (2017.09월 기준) 드라이브 와이즈 미적용 차종 : 레이, 쏘울, 봉고'),(2,'[차량 정비]후측방 안전을 위한 주행보조 시스템은 무엇이 있나요?','후측방 충돌 경고 (BCW, Blind-Spot Collision Warning) · 기존명칭 : 후측방 경보 시스템 (BSD)  · 차량 주변 30~70m 이내 고속으로 접근하는 차량 감지시 작동(차량별 상이)· 차량 후측면 부에 장착된 후측방 레이더를 통해 운전자 시야 사각지대 內 주행차량과 후측방에서 고속으로  접근하는 차량을 감지하여 아웃사이드 미러 경고등 및 경고음으로 운전자에게 경고하는 시스템 입니다.  · 작동 방법 : ON/OFF (ON : 차량 내부 버튼 점등, OFF : 차량 내부 버튼 소등)* 작동 제한 조건 등 주의 사항은 오너스 메뉴얼 참조  후측방 충돌방지 보조 (Blind-Spot Collision Avoidance-Assist) · 기존명칭 : 후측방 충돌회피 지원 시스템 (SBSD)  · 차량 속도 60~180km/h 이내, 차로 변경 위해 옆차선 근접시 작동· 후측방 충돌 경고 기능에 충돌방지 보조 기능을 더하여 차량 감지상태에서 무리한 차로 변경으로 충돌 예상 시 편제동(변경방향 반대쪽 바퀴에 제동)을 가함으로써 기존차로 이탈을 방지, 사고 위험 최소화하는 시스템 입니다.· 작동 방법 : ON/OFF (ON : 차량 내부 버튼 점등, OFF : 차량 내부 버튼 소등)* 작동 제한 조건 등 주의 사항은 오너스 메뉴얼 참조  차종별 적용 현황· 충돌 경고 : K3(쿱 미적용), K5, K7, 스팅어, K9, 니로, 스포티지, 쏘렌토, 모하비, 카렌스, 카니발· 충돌방지 보조 : K7(하이브리드 미적용)* (2017.05.23 기준) 드라이브 와이즈 미적용 차종 : 레이, 프라이드, 쏘울, 봉고'),(2,'[차량 정비]주행모드 통합제어 시스템이 무엇인가요?','주행특성에 따른 3개의 주행모드를 선택하여 주행환경이나 운전자 취향에 맞는 드라이빙을 즐길 수 있습니다.    드라이브 모드(DRIVE MODE) 운전자의 취향이나 도로 여건에 따라 드라이브 모드를 선택할 수 있습니다. 「DRIVE MODE」(드라이브 모드) 버튼을 누를 때 마다 아래와 같이 전환됩니다.    NORMAL(표준) 모드 : 일반 주행  NORMAL(표준 모드) 선택 시에는 계기판에 표시가 되지 않습니다.    ECO(액티브 에코) 모드 : 친환경 경제 운전에 최적화된 주행  차량의 엔진 및 변속기 제어를 통해 연비를 향상시키는 장치액티브 에코 시스템이 작동하면 계기판에 ECO 표시등( ECO )이 켜집니다.   SPORT(스포츠) 모드 : 스포티한 주행  핸들링, 엔진 및 변속기가 스포티한 주행에 적절한 제어를 제공하는 모드SPORT(스포츠) 모드를 선택하면 계기판에 SPORT 표시등( SPORT )이 켜집니다.    * 자세한 내용은 출고 당시 지급해드린 사용설명서를 참고하여 주시기 바랍니다.'),(2,'[차량 정비]하이브리드 구동 원리는 무엇인가요?','하이브리드 차량은 두 가지 이상의 동력원(가솔린엔진과 모터)를 설치하고, 주행상태에 따라 가솔린 엔진 또는 모터의 동력을 이용하여 운영되는 자동차입니다. '),(2,'[차량 정비]요소수 보충주기와 어떤 제품으로 구매해야 하나요?','요소수 만충 시(탱크 용량 약 14ℓ) 약 8,400km 주행이 가능하며,부족 경고가 표시되는 주행거리 2,400km 잔여 시점부터 요소수 부족 경고가 시작 되며, 이 시점 부터 요소수 충전이 필요합니다.또한, 3단계 (800km 잔여 시점)에서는 최종 경고로 반드시 요소수 보충이 필요합니다. * 4단계(0km) 시 재시동이 불가함    또한, 요소수는 반드시 ISO 22241 국제표준규격에 맞는 정품 요소수를 주입하셔야 합니다.불량 요소수 또는 기타 액체류 등을 주입할 경우, 배출가스 저감장치 등 차량부품들의 손상이 발생할 수 있습니다.* 요소수는 당사 서비스센터/Auto Q, 주유소 및 온라인을 통해 구매 가능 '),(2,'[차량 정비]요소수 시스템(SCR)이 무엇인가요?','요소수 시스템(SCR : Selective Catalytic Reduction)은 요소수를 사용하여 배출가스에 남아있는 질소산화물을 질소와 물로 바꿔주는 배출가스 저감장치입니다.'),(2,'[차량 정비]냉각수를 임시적으로 보충하려면 무엇을 사용해야 하나요?','냉각수를 임시적으로 보충하시는 경우에는 수돗물 또는 증류수를 사용하시고, 짠물이나 지하수, 생수 등의 경수는 사용하시면 안됩니다.* 경수는 부동액과 반응하여 부식 또는 침전물을 발생시킬 수 있으므로 사용하지 마십시오.    또한, 임시로 냉각수 보충 하셨을 경우, 겨울철 빙결방지를 위해오토큐에 방문하시어 부동액 비율을 맞춰 주시기 바랍니다. '),(2,'[차량 정비]전방 안전을 위한 주행보조 시스템은 무엇이 있나요?','전방 충돌 경고(FCW, Forward Collision Warning) · 기존 명칭 : 전방 추돌 경보 시스템 (FCWS)  · (1단계) 충돌 예상시 경고 : 경고 문구 & 경고음· 전방 레이더와 전방 카메라가 인식 및 판별한 정보를 종합적으로 분석하여 차량 혹은 보행자와 충돌 예상 시 클러스터 혹은 HUD 내 표시 및 경고음 송출을 통하여 운전자에게 경고하는 시스템 입니다.  · 작동 방법 : ON/OFF (ON : 차량 시동시 상시 활성화, OFF : 클러스터 메뉴 내 기능 체크 해제)* 작동 제한 조건 등 주의 사항은 오너스 메뉴얼 참조  전방 충돌방지 보조 (FCA, Forward Collision Avoidance-Assist) · 기존 명칭 : 긴급 제동 보조시스템 (AEB)  · (2단계) 1단계+부분 제동· (3단계) 2단계+풀 제동 : FCA 시스템이 낼 수 있는 최대 제동력· 전방 충돌 경고 기능에 충돌방지 보조 기능을 더하여 차량 혹은 보행자와 충돌 예상 시 차량을 스스로 제동함으로써 사고 위험 최소화하는 시스템 입니다.  · 작동 방법 : ON/OFF (ON : 차량 시동시 상시 활성화, OFF : 클러스터 메뉴 내 기능 체크 해제)* 작동 제한 조건 등 주의 사항은 오너스 메뉴얼 참조* 차종 별 적용 센서 (레이더, 카메라) 는 별도 확인 필요합니다.   차종별 적용 현황· 충돌 경고 : 모닝(보행자X), K3(보행자X, 세단 가솔린限), K5, 스팅어, K9(보행자X), 니로, 스포티지, 쏘렌토, 모하비(보행자X), 카니발· 충돌방지 보조 : 모닝(보행자X), K5, 스팅어, K9(보행자X), 니로, 스포티지, 쏘렌토, 카니발'),(2,'[차량 정비]에어컨 작동 시 냄새가 납니다. 냄새를 예방하는 방법이 있나요?','운행을 마치기 3~5분 전에 미리 에어컨을 끄시고 바람만 나오도록 작동시켜  증발기 내부의 수분을 말려주면 세균의 번식을 방지하여 냄새를 억제할 수 있습니다. 그 외 에어컨 필터를 주기적으로 점검/교환하여 이물질이 쌓이지 않도록  관리하시면 최대한 냄새를 방지할 수 있습니다.'),(2,'[차량 정비]차량 정비 전 블랙박스 전원을 꺼야 하나요?','정비과정에 대한 영업비밀 보호와 엔지니어 개인의 초상권 보호를 위해 차량 정비 전 블랙박스 전원 OFF 상태에서 정비작업이 진행 될 수 있습니다.'),(2,'[차량 정비]주간 주행등(DRL) 기능은 무엇인가요?','주간 주행등(DRL : Daytime Running Light)낮 시간에도 자동으로 켜져 다른 사람들이 차량을 쉽게 볼수 있도록 합니다.특히, 해질 무렵이나 해뜨기 직전에 차량의 접근 시 쉽게 인식 하도록 합니다.주간 주행등은 엔진시동 후에 자동으로 켜지며 아래와 같은 경우에는 기능이 해제 됩니다.   · 엔진시동 상태가 아닐 때 · 주차 브레이크를 작동시켰을 때 · 전조등이 켜졌을 때  (단, 전조등 점등 조건은 조명 수위치 AUTO 위치에서 야간 시 자동 점등되는 경우도 포함됨)'),(2,'[차량 정비]LPG와 LPI 차량은 어떻게 다른가요?','LPG (Liqufied Petroleum Gas) · 연료탱크의 고압 LPG 액상 연료를 베이퍼 라이져라는 장치를 통해 감압시켜 기체화로 만든 후 믹서에서 공기와 혼합하여 엔진 실린더로 공급하는 방식입니다.    LPI (Liqufied Petroleum Injection) · 연료탱크 내에 설치된 연료펌프를 통해 고압으로 송출되는 액상연료를 직접 인젝터로  분사하여 엔진을 구동하는 방식입니다.  액상연료의 분사로 연료 밀도가 증가하여 엔진출력이 믹서방식보다 상승하였습니다.'),(2,'[차량 정비]연료 잔량 경고등이 점등되면 몇 km 정도 운행을 할 수 있나요?','연료 잔량 경고 등 점등 후에는 통상적으로 약 20~30km정도 주행이 가능합니다.그러나 차종에 따라 편차가 있습니다.또한, 여러 운행조건에 따라 운행거리 및 시간은 짧아질 수 있으며, 연료 잔량 경고등이 점등되면 가급적 빠른 시간내 연료를 보충하여 주시기 바랍니다.  연료잔량 경고등이 점등되는 다른 이유· 연료센서 점검 필요· 연료감시센서 오작동 발생 우려'),(2,'[차량 정비]엔진 체크 경고등이 점등됩니다. 왜 그런가요?','엔진 경고등은 엔진의 정상적인 작동을 제어하는 엔진전자제어장치나 배기가스 제어에 관계되는 각종 센서에 이상이 있을 때,또는 연료공급장치(연료탱크, 연료필터 연결부, 연료라인 등)의 누유, 증발가스 제어장치(캐니스터, 연결호스류)부분의 누수 발생 시 등 점등됩니다.  엔진 경고등이 점등되거나 점멸되는 상태에서 계속 운행할 경우 운전성능과 연료 소비에 영향을 주는 배기제어개통에 손상을 가져올 수 있으니주행 중에 엔진 경고등이 점등된다면 가능한 빨리 직영서비스센터 또는 서비스 협력사를 통해 점검 및 정비를 의뢰하시기 바랍니다.  차량에 발생할 수 있는 현상· 엔진부하로 인한 출력저하 및 엔진 중요부 수명 단축· 차량의 시동 꺼짐 및 시동지연 증상 발생· 연비저하 및 매연과다로 인한 촉매장치 고장 발생 우려'),(2,'[차량 정비]에어컨 작동 시 냉방성능이 떨어집니다. 왜 그런가요?','에어컨 냉매량이 부족하면 에어컨의 성능이 저하될 수 있으며, 냉매의 양이 지나치게 많을 경우도 에어컨에 좋지 않은 영향을 줄 수 있습니다.또한, 에어필터를 주기적으로 교체하지 않으면 먼지 등 이물질이 쌓여 풍량이줄어들어 냉/난방 성능이 저하될 수 있습니다.자세한 사항은오토큐에 방문하시어 점검 받아보시기 바랍니다.* 에어컨 냉매점검 주기 및 에어필터 점검 주기는 출고 당시 지급 된 사용설명서를 참고하여 주시기 바랍니다.'),(2,'[차량 정비]에어백 작동 조건을 알고 싶습니다.','에어백 작동 조건은 정면(운전석 및 동승석 에어백), 측면(사이드 및 커튼에어백)의 충돌센서에 충격이 전해지면 충돌세기, 차량속도, 충돌각도에 따라 에어백 제어모듈에서 판단하여 작동합니다. 그러나 정면, 측면 충돌이 아니라도 충격이 정면이나 측면 충돌센서에 전해지면 에어백이 작동할 수 있습니다. 즉, 사면충돌이나 추돌 시, 버스나 트럭의 범퍼 밑으로 차량 앞부분이 들어가게 되는 충돌이나, 추돌시, 전봇대와 충돌 시 또는 전복사고 시에도 에어백이 작동할 수 있습니다.  또한, 비포장도로나 보도블럭 같은 돌출된 도로나 평지도로에서도 돌출부에 의해 하체 충격이 전해지면 에어백이 작동할 수 있습니다. 돌출부가 있는 도로에서는 반드시 서행하시기바랍니다. '),(2,'[차량 정비]수리비용이 오토큐에 따라 상이할 수 있나요?','오토큐의 수리비용은 각 지역의 특성, 규모, 부품운송 등에 따라 수리비용이 상이할 수 있으며, 공임비용은 지역이나 기술력에 따라 차이가 발생 될 수 있습니다.또한, 기아는 수리비 과다, 불필요 항목 수리 등의 과잉정비 시 내용 조사 후 보상하는 ‘과잉정비 보상 프로그램’을 운영하고 있습니다.혹여, 공임 및 부품가격 기준을 위반하여 청구하는 등으로 확인이 필요한 경우에는 고객센터(080-200-2000)로 문의하여 주시기 바랍니다. '),(2,'[차량 정비]엔진오일이 부족할 경우 어떠한 증상이 있나요?','엔진오일은 엔진 내부의 윤활 및 냉각, 밀봉, 방청, 청정작용 등을 통한엔진 성능의 향상과 수명을 연장시키는 기능을 합니다.엔진오일이 부족 한 경우 출력저하 및 소음/진동 발생 될 수 있습니다.   또한, 엔진오일압력경고등이 점등된다면 엔진오일이 부족하거나 없는 상태이므로 신속한 점검이 필요합니다.엔진오일이 부족시 차량을 계속 주행하면 엔진 내부의운동부분이 고착되어 엔진 고장의 원인이 될 수 있습니다.  그러므로 주행거리나 사용기간을 고려하여 점검 및 교환주기에 따라 교환을 하여야 합니다.점검 및 교환주기는 출고 당시 지급해드린 사용설명서를 참고하여 주시기 바랍니다.'),(2,'[차량 정비]실제 주행속도와 계기판에 표시되는 속도는 왜 차이가 있나요?','자동차의 내부 속도계는 운전자의 안전을 위해 과속으로 인한 사고를 방지하고자 실제주행속도보다 약 3%~10%정도 높게 표시 되고 있습니다. 또한, 내비게이션 속도와는 표시되는 기술적 방법이 다르기 때문에 계기판에 표시되는 속도와 상이 할 수 있습니다.'),(2,'[차량 정비]타이어 공기압이 낮거나 높을때 어떤 현상이 있나요?','공기압이 낮을 때는 타이어의 사이드휠 부분의 구부러짐이 커 과열로 인한 타이어 파손의 원인이 됩니다.노면과의 접지 면적이 넓어지고 미끌림 양이 늘어나 과열 및 연료 소모과다 등을유발하며, 타이어 트레드 부의 양 가장자리 마모가 빨라집니다.반면 공기압이 높을 때는 외부 충격에 의한 불규칙한 마모가 발생되며,타이어의 중앙부 마모가 빠르게 됩니다.또한, 승차감이 불량하며 운전자가 쉽게 피로감을 느낄 수도 있습니다.'),(2,'[차량 정비]차 안에서 뒷 도어가 열리지 않습니다.','뒷 좌석 도어의 경우 어린이 보호용 잠금 장치를 잠금 위치에 놓았을 경우 차 안에서는도어를 열 수 없습니다.어린이 보호용 장치는 차량 운행 중 어린이가 차 안에서 뒷 좌석 도어를 여는 것을방지하기 위한 장치입니다.뒷 좌석 도어에 어린이 보호용 장치 상태가 잠금으로 되어 있는지 확인하시고열림 상태에서도 안에서 도어가 열리지 않을 경우에는 가까운 오토큐에 방문하시어 점검을받아주시기 바랍니다.'),(2,'[차량 정비]겨울철 머플러에서 물이 떨어지는데 왜 그런가요?','삼원촉매장치는 엔진에서 배출된 배기가스를 정화하는 장치로 촉매를 이용하여배기가스 중의 성분과 화학반응에 의해 무해 물질로 전환하는 역할을 합니다.이 과정에서 생기는 화학반응에 의해 수분이 생기며 이것이 엔진 연소 온도와 대기의 차가운 온도와 만나면서 수증기가 머플러 내부에서 응축되어 바깥으로 배출되게 됩니다.따라서 겨울철 머플러에서 하얀 김이나 물이 나오는 현상은 정상적인 반응이라 할 수 있으며, 이 현상은 여름에도 발생합니다.  차량 관리를 위해 가까운 오토큐에 방문하시어 차량상태를 확인해 보시기 바랍니다.'),(2,'[차량 정비]차량 하체부분에서 물이 떨어집니다. 왜 그런가요?','조수석 쪽 하부에서 물이 떨어지는 것은 여름철 에어컨 작동 시 온도차이로 인하여 수분이 생성되어 떨어지는 정상적인 현상입니다.만약 과도하게 발생될 경우 가까운 오토큐에 방문하시어 차량 점검 받아보시기 바랍니다.'),(2,'[차량 정비]직영 서비스센터 운영 시간은 어떻게 됩니까?','직영 서비스센터의 업무시간은 평일(월~금) 08:30~17:30까지 이며, 중식시간은 12:30~13:30 입니다.직영서비스센터는 예약제로 운영되므로 방문 전 사전 예약 바랍니다.   토탈 예약 센터 안내 (1899-0200) 전화 한통으로 고객님과 가장 가까운 서비스 네트워크에서 정비서비스를 받을 수 있도록 사전 예약을 접수하고 있습니다.  AUTO Q 검색/예약'),(2,'[차량 정비]온라인을 통해 오토큐에 정비예약을 할 수 있나요?','기아멤버스 홈페이지를 통해 온라인 정비예약이 가능하며, 로그인 후 이용하실 수 있습니다.  AUTO Q 검색/예약'),(2,'[차량 정비]사용설명 분실했는데 어떻게 재발급 받을 수 있나요?','사용설명서 분실 및 중고차 구입을 하신 경우에는 기아멤버스 홈페이지를 통해 보실 수 있습니다.  사용 설명서'),(2,'[차량 정비]6년간 24시간 무상긴급출동 서비스에 대해 알려주세요','원활한 긴급출동을 위해 24시간 운영되는 실시간 긴급출동 상황실과 긴급차량 및 AUTO Q의 모니터링 시스템으로 신속하게 출동, 조치하는 서비스입니다.    기아멤버스 회원에 한해 보증기간 내 무상 긴급출동 서비스를 차량 출고 후 6년까지 연장하여 서비스 제공 * 법인회원의 경우 차량의 실운행자로 등록된 기아멤버스 회원에 한함 (단, 고객과실인 경우는 유상 제공)    자세한 내용은 기아멤버스 홈페이지를 참조해주세요. 긴급출동/무상견인'),(2,'[차량 정비]사고차 무상 견인 서비스에 대해 알려주세요','기아차 보유고객 (승용, RV, 1.4톤 이하 소상, 15인승 이하 승합) 운행 중 사고로 인해 주행이 불가능한 경우 긴급봉사반(080-200-2000)으로 견인을 요청하시면 사고차 무상 견인서비스를 제공합니다.  · 대상 고객 : 기아멤버스 정회원으로서, 보험사 견인특약 가입한 고객· 무상 견인서비스 제공 :당사 무상 견인 10km· 서비스 요청 후 오토큐(전문서비스 제외)로 견인하여 보험수리를 진행하였을 경우에만 해당됩니다.'),(2,'[차량 정비]프리케어 서비스 대상 차종과 서비스 내용은 무엇이 있나요?','· 본 프리케어 서비스는 고객님의 편의를 위하여 차량 연령 및 주행거리와 무관하게 사용하실 수 있습니다. (단, 신형 K5 / 신형 K7 / 신형 모하비 / 니로는 출고 후 5년 내 한정)· 엔진오일 교환 시 오일필터 및 에어크리너를 함께 교체해 드립니다. · 각 서비스 항목은 당사 전산으로 차량 별 관리되고 있어 정해진 횟수를 초과하여 받으실 수 없습니다. · 해당 서비스는 기아 AUTO Q 직영 서비스센터 또는 서비스협력사에서만 제공됩니다.  '),(2,'[차량 정비]정기점검서비스에 대해 자세히 알려주세요','기아자동차를 구매하신 고객님이 보다 오랫동안 새 차처럼 타실 수 있도록 8년간 8회(연간 1회)정기점검 서비스를 제공하여 드리고 있습니다.  공통 항목· 고객상담 : 전반적인 차량상태 및 고객 불편사항 청취· 기본점검 : 기본점검 체크시트에 의한 육안 및 진단기기를 이용한 점검  기본점검 항목 · 엔진룸 : 엔진오일, 자동변속기 오일, 파워/브레이크 오일, 엔진 냉각수· 새시 : 스캐너 자가진단, 각종 동화장치, 브레이크 패드/라이닝 마모도, 타이어공기압/마모도· 실내/외 : 계기판 작동, 에어컨/히터작동  중점점검 항목① 1년차 : 차량 점검주기 1년차 위주 중점점검② 2년차 : 차량 점검주기 2년차 위주 중점점검③ 3년차 : 엔진 및 동력전달 계통에 대해 중점점검④ 4~6년차 : 새시/동력전달/전장 계통 중 고객 선택하여 중점⑤ 7~8년차 : 체크시트에 의한 차량상태 기본점검'),(2,'[차량 정비]정기점검 대상기간에 대해 알려주세요','정기점검 서비스는 출고월을 기준으로 8년간 매년 출고월+3개월 후 ~ 다음해 출고월까지 가능합니다. 출고월+3개월까지는 전산등록 및 준비하는 휴면 월로서 정기점검은 이후 월부터 가능합니다. 다만, 직전년에 정기점검을 받지 않으셨다면 휴면 월은 해제됩니다.   예) 출고월이 2020년 1월인 경우, 매년 05월~ 다음해 1월까지 가능합니다.(휴면 월 : 매년 02월~04월, 정기점검 불가)    1년차 정기점검 : 2020. 05 ~ 2021. 01 (휴면 월 : 2020. 02월~04월, 정기점검 불가)  2년차 정기점검 : 2021. 05 ~ 2022. 01 (휴면 월 : 2021. 02월~04월, 정기점검 불가)    8년차 정기점검 : 2027. 05 ~ 2028. 01 (휴면 월 : 2025. 02월~04월, 정기점검 불가)  ※ 2021.01월까지 1년차 정기점검을 못 받을 경우 2021.02월~04월에 2년차 정기점검 가능       * 기 보유고객 신규회원 가입 시 당일에 한해서 해당 회차 서비스 제공 가능합니다. 보다 자세한 내용은 기아 고객센터(080-200-2000)로 문의하여 주시기 바랍니다.'),(2,'[차량 정비]자동차 정기검사는 언제, 어디서 받는건가요?','자동차 소유자는 관련법규에 따라 일정기간 마다 실시하는 정기검사를 받아야 합니다. 정기검사를 받아야 할 기간은 자동차 등록증에 기재된 검사유효기간 만료일 전/후 각각 30일 이내이며, 기간이 경과되면 경과일 수에 따라 과태료가 부과 됩니다.  검사 유효기간 전 교통안전공단으로부터 안내문이 발송되오니 참고하시기 바라며, 자세한 사항은 교통안전공단으로 문의하여 주시기 바랍니다.'),(2,'[차량 정비]본인 차량의 정비내역을 확인하고 싶습니다','정비이력은 차량 명의자가오토큐에 직접 입고 또는 기아멤버스 홈페이지 차계부에서확인이 가능합니다.오토큐 방문시에는 신분증 및 자동차등록증을 반드시 지참하시기 바랍니다.중고로 구매한 경우는 오토큐 방문하시어 차량 본인인증 절차 이후의 정비이력만 확인 가능합니다.  기아멤버스 홈페이지에서 확인 방법나의 차계부  홈페이지에서 확인 가능한 항목 오토큐에서 유상수리 받은 내역, 프리케어 쿠폰 사용내역, 정기점검 서비스내역  * 설정관리에서 제휴사 정보받기를 설정하시면 해당 데이터가 자동으로 입력되어 별도로 입력하는 불편을 줄이실 수 있습니다.   '),(2,'[차량 정비]일반 리모컨 적용 차량인 경우 보조키로 도어잠금 해제 시 경보음이 발생합니다','스마트 키 또는 이모빌라이져 적용 차량이 아닌 일반 리모컨 적용 차량인 경우 시동 키를 ON상태로 위치하고 30초이상 유지 시 경보음이 해제가 되며 경보상태가 해제됩니다. 해제가 된 후 1분정도 후에 시동을 걸 수 있습니다. * 바로 시동이 걸리는 차가 있고, 바로 시동이 걸리지 않는 차가 있으므로 1분 뒤  재 시동을 걸어보십시오'),(2,'[차량 정비]일반 리모컨 또는 스마트 키 차량의 핸들 락(잠김) 해제 방법을 알려주세요','일반 리모컨 적용 차량 또는 이모빌라이져 적용 차량의 핸들락(잠김) 해제방법 ① 왼손으로 핸들을 잡고 오른손으로 키셋트에 키를 꽂는다 ② 핸들을 좌우로 힘껏 움직이면서 동시에 ACC 방향으로 키를 돌린다.    스마트키 차량의 경우 시동과 동시에 핸들락(잠김)이 해제됩니다.'),(2,'[차량 정비]배터리 방전 시 점프 스타트 방법은 무엇인가요?','반드시 주의사항을 먼저 확인하신 후 진행하시기 바랍니다.* 아래 점프 스타트 방법은 일반적인 승용차에 적용하는 방법으로 하이브리드 차량 및 K9 차량의 경우 반드시 사용설명서를 참조하시기 바랍니다.  점프 스타트 진행 전 주의사항· 반드시 순서를 철저히 지키며 조심스럽게 케이블의 설치와 분리를 하셔야 합니다.· 주위에 불꽃 등의 화기가 있다면 화기를 제거한 후 작업을 해야 합니다.· 배터리가 얼었거나 배터리 액이 적으면, 점프 케이블을 사용하지 말아야 합니다.(배터리의 파열 혹은 폭발의 위험이 있습니다.)· 정확한 충전단자 극이나 정확한 접지를 제외하고는 점프케이블을 어떠한 곳에도 닿지 않도록 주의하십시오.  점프 스타트 방법① 방전된 배터리의 (+)단자에 케이블 연결 후 정상 배터리의 (+)단자에  케이블의 다른 한 쪽을 연결합니다.② 정상 배터리의 (-)단자에 케이블 연결 후 방전 배터리의 (-)단자에  케이블을 연결합니다.③ 연결 완료 후 방전 차량의 시동을 겁니다.④ 시동 후 2~3분이 지나면 연결 시 역순으로 케이블 분리합니다.  * 계속해서 시동이 걸리지 않을 때는 긴급 봉사반을 불러 응급조치를 받으십시오.* 배터리에는 부식력이 강한 묽은 황산액이 있으므로 배터리 액이 신체나 옷, 차체에  묻지 않도록 주의 하시고, 신체나 눈에 묻었으면 즉시 그 부위를 깨끗한 물로 약 15분 정도 씻어낸 후 전문의사의 진단을 받으십시오.'),(2,'[차량 정비]차체 자세 제어장치(VDC) 기능이 무엇인가요?','차체 자세 제어장치(VDC : Vehicle Dynamic Control)는 차량의 미끄러짐을 안전하게 보호하는 차량 안전 시스템으로써 운전자의 스티어링 휠 조작과 차량의 주행 상태를 감지하여스핀이나 언더스티어 (일정한 반지름의 원운동을 하고 있는 자동차가 속도를 빠르게 할 때 원의 반지름이 저절로 커지는 현상)가 발생하면,VDC는 이를 감지해 안쪽 또는 바깥쪽 바퀴에 제동을 가해 차량의 자세를 제어함으로써 안정된 상태를 유지시켜 주며,이로 인해 일어날 수 있는 사고를 미연에 방지합니다. TCS, ABS, EBD, 자동감속제어, 요모멘트제어(yaw-moment control:한쪽으로 쏠리는 것을 막는 자세제어)가 모두 포함되며,VDC 표시등은 작동 조건에 해당하지 않으면 점등하지 않습니다.'),(2,'[차량 정비]자동요금징수 시스템(ETCS) 기능이 무엇인가요?','자동요금징수 시스템(ETCS : Electronic Toll Collection System)이란유료 도로를 편리하게 통행 할 수 있도록 하이패스 기능을 전자식 룸 미러에 통합하여 유료 도로 사용자의 편의성을 제공합니다.13년 4월 10일부터 자동요금징수시스템(ETCS) 단말기는 차량 제작증 발급 시 자동 등록되므로 선불/후불카드를 룸미러 단말기에 장착하시면 바로 사용 가능합니다. (단, 일부 단말기는 수동등록 방식이 병행될 수 있으며, 자동등록 또한 고객이 사전동의가 있어야만 가능합니다.) 또한, 자동등록 단말기가 아닌 경우에는 단말기, 신분증, 자동차등록증을 지참하고 가까운 오토큐로 방문하시어 등록 후 선불/후불카드를 룸미러 단말기에 장착하면 사용가능 합니다.   * 명의변경 또는 중고차 구입이나 신품 단말기를 구매하신 경우 현재 고객님 정보를 등록해야 하므로 단말기, 신분증, 자동차등록증을 지참하시어 가까운 오토큐로 방문하시어 등록을 의뢰해 주셔야 합니다.  방문 전에는 등록가능여부 및 추가서류 확인을 위해 반드시 유선 상담 후 방문해주시기 바랍니다.   ETCS 수동등록 시 필요서류 및 등록절차  · 개인자동요금징수 시스템(ETCS) 장착차량, 신분증, 차량등록증 사본(리스/렌탈의 경우 해당 계약서 사본 추가) 지참 >서비스거점(오토큐/서비스센터) 방문 >신청서 작성 후 등록  · 법인자동등록 단말기 미 장착차량, 신분증, 차량등록증 사본(리스, 렌탈의 경우 해당 계약서 사본 추가)  >사업자 등록증 사본 지참 >서비스거점(오토큐/서비스센터) 방문 >신청서 작성 후 등록 '),(2,'[차량 정비]액티브 에코 시스템과 에코 드라이브 시스템의 차이점은 무엇인가요?','액티브 에코는 차량의 엔진, 변속기, 에어컨 제어를 통해 연비를 향상시키도록 도움을 주는 장치이며,운전자가 액티브 에코 버튼을 누르면 계기판에 녹색 표시등(ECO)이 켜지며 경제운전 모드로 전환됩니다.또한, 액티브 에코 작동 중 다음과 같은 상황이 발생될 경우 표시등은 변화가 없으나 작동이 제한될 수 있습니다.   미 작동 조건  ① 냉각수 온도가 낮을 때  ② 오르막 길을 주행할 때 ③ 스포츠 모드를 사용할 때    에코 드라이브 시스템은 주행 시 효율적인 연비로 운전할 수 있는 영역을 계기판에 표시하여 운전자에게 알려 줌으로써주행 시 연비 향상에 도움이 될 수 있도록 표시합니다.또한, 운전자의 주행조건에 따라 ECO 표시등의 색상이 변경됩니다.ECO 표시등의 색상① 녹색 : 연비 우수 ② 흰색 : 연비 다소 불리 또는 경제 운전 비작동 조건 ③ 적색 : 연비 불리'),(2,'[차량 정비]배기가스 후처리 장치(DPF) 기능이 무엇인가요?','배기가스 후처리 장치(DPF: Diesel Particulate Filter)는대기 환경 보전을 위해 배출가스 규제를 강화함에 따른 디젤엔진의 배출가스에서 미세한 입자상물질(PM)을 정화하는 장치 입니다. DPF 장착 차량은 DPF 전용 오일로 교환 바랍니다.  차종 별 DPF 장착 여부는 직영 서비스센터로 문의하여 주시기 바랍니다. '),(2,'[차량 정비]혼유사고 시 어떻게 대처해야 합니까?','연료를 잘못 주입한 경우 불량연료를 사용하는 것과 마찬가지로 차량 부품에 손상을 줄 수 있습니다.    시동을 끈 상태에서 잘못 주유 / 주행을 하지 않은 경우차량시동을 걸지 않았다면 엔진에 손상이 가지 않습니다. 잘못 주유된 연료를 빼고, 연료탱크를 깨끗하게 세척하며, 세척이 용이하지 않은 경우 연료탱크 전체 교체를 권장합니다.    시동을 건 상태에서 잘못 주유 / 주행을 한 경우 차량시동을 걸었을 경우 잘못된 연료가 연료라인 및 엔진내부로 유입되어 엔진손상이 될 수 있습니다.잘못 주유된 연료를 빼고, 연료탱크 및 연료시스템, 엔진의 전반적인 점검이 필요합니다.'),(2,'[차량 정비]타이어 임시 수리 장치는 무엇인가요?','타이어 임시 수리 장치는 못이나 날카로운 물체로 인한 트레드 부 펑크로 타이어 공기압이 충분하지 않은 경우 응급조치가 가능한 장치입니다.  그러나, 타이어 임시 수리 장치는 트레드 부에만 봉합이 가능하며, 심한 펑크 또는 측면부분의 펑크는 완전히 봉합되기 어려움에 따라사용 시 심각한 사고를 유발할 수 있으니 이때는 가까운 오토큐를 이용하시기 바라며, 타이어 임시 수리 장치를 이용하여 수리한 경우에도 오토큐에서 점검 받으시기 바랍니다.'),(2,'[차량 정비]타이어 위치 교환주기 및 방법을 알려주세요','타이어 위치 교환은 주행조건 및 타이어의 상태에 따라 점검 후 위치교환이 필요합니다.통상적인 시내주행인 경우 매10,000km 마다 점검 후 진행해 주시기 바랍니다.* 차량 운행이 가혹조건이면 교환주기가 빨라질 수 있습니다.자세한 사항은 차량 사용설명서의 정기 점검을 참조하여 주시기 바랍니다.'),(2,'[차량 정비]타이어 공기압 감지 시스템(TPMS) 기능은 무엇인가요?','타이어 공기압 감지 시스템(TPMS : Tire Pressure Monitoring System)은각 휠에 장착되어 있는 센서를 통해 일정기준 이하로 타이어의 공기압이 떨어지면 운전자에게 알려주는 장치입니다.공기압이 현저하게 낮아진 타이어를 감지하였을 때 계기판에 저압 타이어 경고등이 점등됩니다.적정 공기압으로 맞춰 놓아도 날씨가 추워지면 저압 타이어 경고등이 점등 될 수 있습니다.이는 온도에 비례하여 공기압이 낮아지는 것이므로 TPMS 기능에 이상이 있는 것은 아닙니다.    경고등이 점등되면 즉시 속도를 낮추고, 급커브는 자체하시기 바라며, 오토큐 방문하시어 타이어의 상태를 점검한 후 추천 공기압에 맞도록 공기압을 조정하시기 바랍니다.'),(2,'[차량 정비]공회전 제한 시스템(ISG) 기능이 무엇인가요?','공회전 제한 시스템 (ISG : Idle Stop & Go)은신호 대기 상황이거나 정차 중일 때 차의 엔진을 일시 정지하여 연비를 향상시키고, 배출가스 발생을 억제하는 시스템입니다.    공회전 제한 시스템 작동 조건· 운전석 안전벨트가 채워진 상태 · 운전석 도어(엔진후드 포함)가 닫힌 상태 · 브레이크 부압이 적절할 때 · 배터리 충전상태 및 배터리 액의 온도가 적절할 때 · 바깥 온도가 -10℃~35℃일 때 · ECU 내 ISG 조건이 만족할 때 · 차량 속도가 8km/h를 넘었을 때 · 공조 조건이 만족되었을 때 등 · 키로 시동을 건 후 냉각수 온도가 30도 이상일 때 · 도로 경사로가 상향 12%, 하향 5% 이하로 완만할 때 · DPF(배출가스 후처리 장치) 비 재생구간일 때    공회전 제한 시스템 작동 조건이 충족되지 않을 경우 계기판 표시창에 ‘ISG’ 표시등(노란색)이 뜨고 공회전 제한 시스템 기능이 작동하지 않습니다.    ISG 표시등에 따른 상태 표시  ① ISG 표시등 녹색 : 브레이크 페달을 밟은 상태에서 차속이 \"0km/h“ 이 되면 엔진이 자동으로 정지되고, ISG 표시등(녹색)이 켜집니다. (엔진 자동정지)  ② ISG 표시등 노란색 : 시스템 작동 조건이 충족되지 않을 경우, 클러스터 ISG 표시등(노란색) 이 뜨고, ISG기능이 작동하지 않습니다. (ISG 작동불가)  ③ ISG 표시등 소등 : 엔진이 정지된 상태에서 브레이크 페달에서 발을 떼면 엔진이 재시동되며 ISG 표시등(녹색)이 꺼집니다. (엔진 재시동)'),(2,'[차량 정비]전자식 파킹 브레이크(EPB) 기능이 무엇인가요?','전자 파킹 브레이크(EPB : Electronic Parking Brake)는페달 또는 레버로 케이블을 당겨 파킹 브레이크를 작동시키는 대신 스위치 조작으로 모터 구동을 통해 파킹 브레이크를 작동함으로써 운전자 편의성 향상을 도모하는 시스템입니다.   전자식 파킹 브레이크 작동 방법· 차량 정지 상태에서 전자식 파킹 브레이크 스위치를 당기면 전자 파킹 브레이크가 체결 · 전자식 파킹 브레이크가 정상적으로 체결되면 계기판에 브레이크 경고등 점등    전자식 파킹 브레이크 해제 방법① 수동해제· 전자 파킹 브레이크(EPB)가 체결된 상태에서, 스위치를 당겨 해제할 수 있습니다.  · 단, 아래의 모든 조건이 만족되는 경우에 해제가 가능합니다.  (시동 버튼 「ON」 위치일 때, 브레이크 페달을 밟은 상태)    ② 자동해제 · 변속기가 「P」(주차)단에 위치하고 주차 브레이크가 체결되어 있는 경우,엔진이 켜진 상태에서 브레이크 페달을 밟고 자동변속기 레버를 「P」(주차)단에서  「R」/「N」/「D」단으로 변속하면 전자 파킹 브레이크(EPB)가 자동으로 해제됩니다.  · 또한, 아래의 모든 조건을 만족된 경우 가속 페달을 천천히 밟아 해제할 수 있습니다.  (엔진이 켜져 있고 운전자 안전벨트를 착용한 상태, 운전석 도어/엔진 후드 및 트렁크가 닫힌 상태, 자동변속기 레버가 「R」/「D」 또는 수동모드에 있는 경우)'),(2,'[차량 정비]크루즈 컨트롤 기능은 어떻게 사용하나요?','크루즈 컨트롤은 주행 중 악셀레이터 페달을 밟지 않아도 차량의 속도를 일정하게 유지 시켜주는 기능이며, 장거리 여행 시 운전자의 피로를 줄여주기 위한 편의장치입니다.    주행속도 설정 ① 크루즈 ‘CRUISE’ 버튼을 누르고 계기판에 크루즈 표시등(CRUISE)이 켜졌는지 확인한다. ② 원하는 속도까지 가속페달을 밟고(차량속도 30km/h이상, 180km/h이하), 원하는 속도에 도달 했을때  ‘SET-’ 스위치를 짧게 당겨 내린다.③ 계기판에 크루즈 설정 표시등(SET)이 켜지면서 설정한 속도를 유지하게 되며, 가속페달에서 발을 뗀다  설정이 완료되면 가속페달을 밟지 않아도 설정한 속도를 유지한다.    크루즈 컨트롤 작동을 일시적으로 해제할 경우에는 브레이크 페달을 밟거나 또는 ‘CANCEL’ 버튼을 누르면 크루즈 설정 표시등(SET)이 꺼지면서 일시적으로 설정된 속도가 해제됩니다. 또한, 아래와 같은 상황에서는 자동으로 일시 해제 됩니다. · 수동모드에서 2단 이하로 변속할 경우 · 변속레버를 ‘N(중립)’ 으로 할 경우 · 주행 중 주차 브레이크를 사용할 경우 · 속도가 설정속도보다 20km/h 낮아진 경우 · 속도가 25km/h 이하로 낮아진 경우 · 200km/h이상으로 가속된 경우 · ESC가 작동할 경우    안전을 위해 반드시 사용설명서를 숙지한 후 사용하여 주시기 바랍니다.'),(2,'[차량 정비]자동변속기의 레버 쪽에 표시된 + 및 - 는 무엇인가요?','자동 변속기는 D 모드 옆에 스포츠모드인 +(up) 및 - (down) 가 있어 평상 시엔 자동변속기로 운행하다가 변속기 레버를 + 방향으로 한번 밀어줄때 마다 1속씩 상승되며, - 방향으로 한번 밀어줄 때 마다 1속씩 내려갑니다.  스포츠모드는 전진변속만 가능하며 후진 및 주차시에는 R(후진), P(주차)를 선택하십시오.주행성능을 확보하기 위하여 차속에 따라 + 로 조작하여도 변속이 되지 않는 경우가 있으며, 또한 엔진의 과도한 회전을 방지하기 위하여 차속에 따라 - 측으로 조작하여도 변속이 되지 않는 경우가 있습니다.'),(2,'[차량 정비]차종별 보증기간은 어떻게 적용되나요?','보증기간은 차량 및 출고일에 따라 적용기간이 상이하므로 출고 당시 지급 받으신 사용설명서 보증서를 확인하시면 정확하게 확인하실 수 있습니다.  차종별 자세한 보증기간은 기아멤버스 홈페이지에서 확인 하실 수 있습니다.  사용설명서'),(2,'[차량 정비]현재 판매되는 신형 차량의 옵션을 구형 차에 장착할 수 있나요?','차를 생산할 때는 환경, 안전, 법규를 고려하여 최적의 상태로 생산하고 있습니다.출고 이후 추가 장착하는 옵션은 해당 차량에 적합 여부가 검증되지 않아 차후 차량의  성능이나 기능을 저하시킬 수 있으며, 옵션의 최적 성능과 기능을 구현이 어렵습니다.또한, 당사에서는 추가장착 및 개조작업이 불가능하오니 출고된 상태로 사용하시기를  권장합니다.'),(2,'[차량 정비]버튼시동 스마트 키 차량의 경우 중립 주차는 어떻게 합니까?','버튼시동 스마트 키 차량의 경우 D/R/N 단 위치에서 시동을 끌 경우 ACC 상태가 되어  전원이 꺼지지 않고 스마트키로 도어를 잠글 수 없습니다. 다른 사람이 차량을 움직일 수 있도록 주차시켜 놓을 때는(중립 주차) 차량 사양에 따라 다음과 같이 사용해주시기 바랍니다.  변속레버 앞쪽에 「SHIFT LOCK RELEASE」버튼이 있는 차종① 주차 브레이크를 걸고, 브레이크 페달을 밟은 상태에서 「P」(주차) 위치에 두고 엔진을 끄십시오.스마트키 장착 차량은 「P」(주차) 위치에서만 시동버튼을 「OFF」상태로 전환할 수 있습니다.② 주차 브레이크를 푸십시오.③ 브레이크 페달을 밟고 변속레버 앞쪽에 위치한 「SHIFT LOCK RELEASE」버튼을 누른 상태에서 변속 레버를 「N」(중립) 위치로 이동하십시오. 차량을 밀어서 움질일 수 있는 상태가 됩니다.  변속레버 앞쪽에 「SHIFT LOCK RELEASE」버튼이 없는 차종(일부 차량의 경우 쉬프트락 해제 버튼 없음)① 주차 브레이크를 걸고, 브레이크 페달을 밟은 상태에서 「P」(주차) 위치에 두고 엔진을 끄십시오.스마트키 장착 차량은 「P」(주차) 위치에서만 시동버튼을 「OFF」상태로 전환할 수 있습니다.② 주차 브레이크를 푸십시오.③ 브레이크를 밟고 자동변속기를 「N」(중립)위치로 두십시오.「P」(주차)는 변속기가 잠기는 위치로, 차를 쉽게 움직일 수 없는 위치입니다.  * 자세한 내용은 취급설명서를 참조하시기 바랍니다.'),(2,'[차량 정비]신차 길들이기 어떻게 해야합니까?','최초 1,000km 전까지의 주행은 차량의 수명과 성능을 좌우하므로 이 기간 동안은 과속, 급가속, 급제동 등을 가급적 자제해주십시오.  · 엔진 회전수를 4,000rpm 이내로 주행하십시오. · 속도에 알맞게 변속하십시오. · 장시간 엔진 공회전시키지 마십시오.    연비, 엔진 성능 및 엔진 오일 소모량은 길들이기 상태에 따라 달라질 수 있고 약 6,000km 주행 후 안정됩니다.'),(2,'[차량 정비]리모컨 키가 작동하지 않습니다','리모컨 키는 약 10m 이내의 거리에서 도어를 잠금 및 잠금해제 할 수 있습니다.단, 리모컨은 다음과 같은 경우에는 작동하지 않습니다.· 시동키가 꽂혀 있을경우- 작동 가능거리 (약 10m)이상의 거리에서 작동할 경우· 리모컨의 배터리가 약한 경우· 다른 차나 물건에 가려 전파 방해를 받은 경우· 날씨가 매우 추운 경우  * 리모컨에 문제가 있을 때는 키를 사용하여 도어를 개폐하고오토큐에 점검 의뢰하여 주십시오'),(2,'[차량 정비]스마트 키 작동불량 시 비상 시동방법에 대해 알려주세요','스마트 키 작동이 잘 안 되는 원인· 내장된 배터리가 약한 경우· 다른 차나 물건에 가려 전파 방해를 받은 경우· 날씨가 매우 추운 경우· 키 자체에 문제가 있거나, 차량내 수신기에 문제가 있는 경우   스마트키 배터리 방전 시 시동 방법  · 스마트 키 홀이 있는 차량 : 스마트 키 홀에 스마트 키를 꽂으면 시동 가능  · 스마트 키 홀이 없는 차량 : 스마트 키로 시동버튼을 직접 누르면 시동 가능     만약 버튼시동 타입으로 브레이크 페달이 뻑뻑해져서 눌려지지 않으며 시동도 걸리지 않는다면 차량 시동 OFF 상태에서 브레이크를 밟지 않고시동버튼을 한 번 터치한 후 (ACC 상태) 다시 시동 버튼을 길게 10초 이상 누르면 비상 시동이 걸립니다. '),(2,'[차량 정비]스마트 키 배터리 교환방법에 대해 알려주세요','스마트 키의 사용횟수와 기간에 따라 배터리 성능이 저하되었을 경우 배터리 교환이 필요합니다. 배터리 교환 시 차종별 스마트 키 배터리 용량을 확인 후 배터리를 구입하여 교환하시면 됩니다.    ① 리모컨 키(스마트 키)의 옆면 또는 아랫면에 일자 모양의 홈이 있습니다.  이 홈에 동전이나 일자 드라이버(-)와 같은 도구를 끼우신 후 살짝 비틀어 주시면 스마트키 뒷면의 건전지 커버가 분리되며, 내부에 동그란 수은 배터리가 확인 됩니다.  ② 스마트키 규격에 맞는 새 배터리를 구입하셔서 교환하시면 됩니다.수은 배터리는 대형 마트, 문구점에서 구입하실 수 있습니다.  ③ 조립은 분해의 역순으로 하시면 됩니다.  배터리를 장착하신 후, 스마트키 뒷면의 건전지 커버를 장착해 주시기 바랍니다.  단, 스마트 키 내부의 회로는 정전기 등에 약하며, 직접 교체가 어려운 경우 오토큐에서 점검 및 교환을 의뢰하시기 바랍니다. '),(2,'[차량 정비]내비게이션 업데이트는 어디서, 어떻게 하나요?','내비게이션 업데이트는 기아멤버스 홈페이지에 접속하시어 이용하실 수 있습니다.    업데이트 시 유의사항① 시동 스위치 ON 하여 내비게이션이 켜진 경우에도 업데이트 가능합니다.  (주의 : 차량 전원을 사용하는 경우 배터리 충전량이 충분한 상태에서 업데이트를 진행하는 것을 권장합니다.) ② 업데이트 중 내비게이션 전원이 차단되거나, 미디어를 제거할 경우 정상 동작하지 않을 수 있습니다.  (주의 : 시동 버튼 ON 상태에서 업데이트 중 시동을 걸 경우에도 내비게이션 전원이 차단될 수 있습니다.)    * 도로/카메라/명칭/주소/전화번호 등의 신규 지도 등록 또는 오류가 있다면 아래 URL을 클릭하시어 제보해 주십시오. 내비게이션/빌트인 캠 업데이트지도개선요청'),(2,'[차량 정비]점화플러그 교환주기에 대해 알려주세요','점화플러그 교환 주기는 통상 매 20,000km, 백금플러그는 매 60,000~70,000km에 교환해 주는데차량 운행이 가혹 조건이면 교환 주기가 빨라질 수 있습니다.반드시 차량 인도시 함께 받으셨던 사용설명서 정기점검 주기표를 참조하여 주시기 바랍니다.(차종 별로 점검과 교환주기가 다를 수 있음)   * 점화플러그가 불량할 경우 유해 배출가스량이 증가하고 엔진 부조현상이 발생될 수 있으므로교환주기 또는 차량상태 등에 따라 점검하여 주시기 바랍니다.'),(2,'[차량 정비]공조 장치용 에어필터(에어컨 필터) 점검 및 교체는 어떻게 하나요?','공조 장치용 에어필터(에어컨 필터)는 매 15,000km마다 정기적으로 교체하고대기오염이 심한 도시지역이나 먼지가 많은 비포장도로 등을 장기간 운행하는 경우 수시로 점검하여 조기에 교체하시는 것이 좋습니다.    필터 교체 방법 ① 글로브 박스를 열고 오른쪽 옆면의 지지대를 분리한다.② 글로브 박스의 좌/우에 있는 스토퍼를 분리한다. ③ 공조 장치용 에어필터 받침대 커버의 오른쪽 끝을 잡아당겨 빼낸다. ④ 공조 장치용 에어필터를 교체하고 조립은 분해의 역순으로 한다.'),(2,'[차량 정비]차종별 엔진오일 교환주기는 어떻게 확인 할 수 있나요?','엔진오일은 일일 점검 항목으로 통상적으로 권장해 드리고 있는 엔진오일 교체 시기는 차종, 엔진 등에 따라 상이할 수 있습니다.차량 구입 시 지급해 드리는 사용설명서 內 정기점검 교환주기에 맞추어 교환해 주시길 권장해 드립니다.   자동차 소모품의 점검교환주기는 주행거리에 따른 주기를 기본으로 표기하고 있으나, 엔진오일 교환시기는 차량의 주행거리와 경과시간 중 먼저 도래하는 시점에 점검이나 교체를 해야 합니다.  통상조건 일반적으로 통상 조건의 점검 주기를 따르십시오.  가혹조건 만약 다음과 같은 조건에서 사용했다면 가혹 조건의 점검 주기를 따르십시오.  · 짧은 거리를 반복해서 주행했을 때· 엔진 내에 모래 및 먼지가 많이 유입되는 경우· 공회전을 과다하게 계속 시켰을 때· 교통 체증이 심한 곳을 주행하는 경우· 험한 길(모래자갈길, 눈길, 비포장길)등의 주행빈도가 높은 경우· 산길, 오르내리막길 등의 주행빈도가 높은 경우· 고속주행(170ㅏkm/h이상)의 빈도가 높은 경우· 잦은 정지와 출발을 반복으로 주행 할 경우· 소금, 부식물질 또는 한랭지역을 운행하는 경우* 위와 같은 조건에서 차량을 운행했다면, 정기 점검 주기를 좀 더 앞당겨 자주 점검, 교환 해주셔야 합니다.  사용설명서'),(2,'[차량 정비]브레이크 라이닝(패드) 교환주기에 대해 알려주세요','브레이크 패드는 통상 매 10,000km 마다 점검 후 이상 시 교환해 주는데 차량 운행이 가혹조건이면 상태에 따라 수시 점검하며, 교환주기가 빨라질 수 있습니다.반드시 차량 인도 시 함께 받으셨던 사용설명서 정기점검 주기표를 참조하여 주시기 바랍니다.(차종 별로 점검과 교환주기 다를 수 있음)'),(2,'[차량 정비]냉각수 교환주기에 대해 알려주세요','냉각수량 점검 및 교환은 일일 점검 항목으로 최초교환 20만km 또는 10년이며, 최초 교환 후 매 4만KM 또는 매2년 마다 교환입니다.* 차량 운행이 가혹조건이면 교환주기가 빨라질 수 있습니다.* 자세한 사항은 차량 사용설명서의 정기 점검을 참조하여 주시기 바랍니다.'),(2,'[차량 정비]계절 별 차량관리 및 점검요령에 대해 알려주세요','① 봄철 차량관리· 겨울에 제설작업 위해 도로에 뿌린 염화칼슘이 자동차 바닥에 남아 있을 경우,  자동차 강판 부식을 촉진시키는 작용을하므로 바닥 구석구석 세차를 하는 것이 좋습니다.· 차량 실내환풍과 바닥매트, 트렁크매트를 건조하여 자동차 내부 공기를 쾌적한 상태로 하는 것이 좋습니다.  ② 여름철 차량관리· 장마철에는 와이퍼 사용 빈도가 높습니다.· 와이퍼 작동 시 줄무늬 발생 및 닦임 성능이 불량 할 경우 젖은 타올 또는 융보루로 블레이드 고무날의 오염물질 제거 또는 블레이드 점검하여 교환하는 것이 좋습니다.· 와이퍼 암 고정너트 풀림 시 닦임불량, 떨림, 소음 등이 유발될 수 있으므로 예방점검이 필요합니다.  ③ 가을철 차량관리· 차량에 낙엽들이 있을 경우 운전시야를 방해할 수 있으며, 낙엽을 제거하지 않으면 자칫 공기실내외 통로로 유입되어 히터와 에어컨의 증발기(에바포레이터)에서 이상한 소리가 나거나, 매케한 냄새가 날수도 있으니 주의해야 합니다.  ④ 겨울철 차량관리· 겨울철은 배터리의 자연 방전 및 배터리 성능 저하가 발생될 수 있으니 배터리 단자가 깨끗한지 확인해주시고, 배터리의 연결 부분에 조임 상태가 양호한지 확인하여 점검하는 것이 좋습니다.· 눈이 내리는 날 외부 주차 시 앞 유리창 와이퍼는 어는 것과 와이퍼 휘어짐을 방지하기 위해 세워두는 것이 도움이 됩니다.'),(2,'[기아멤버스]기아멤버스 모바일카드 발급과 사용방법이 어떻게 되나요?','기아멤버스 모바일 카드는 기아멤버스 사이트 또는 Mykia 어플리케이션에 회원가입(카드회원까지 가입 필수)을 하시면 발급 받으실 수 있습니다. · 개인(법인 실운행자 포함) · 개인 사업자 회원 대상 * 법인제외  모바일 카드도 실물 카드와 동일하게 카드번호 확인 및 바코드 리딩으로 포인트 적립/ 사용이 가능합니다. (제휴처에서 바코드 리딩이 어려울 경우 단말기에 카드번호 입력 후 사용)'),(2,'[기아멤버스]기아멤버스 카드를 모바일카드 or 실물 카드로 선택하여 받을 수 있나요?','2018년 4월 2일부터 기아자동차 구입 시 멤버십 가입 신청서에 \"모바일카드\"를 선택하신 경우, 별도의 실물 카드 발급 없이 모바일카드 발급 안내 문자가 발송되고 있습니다. 수신하신 문자에 포함된 URL로 접속하신 후 모바일카드 발급 및 사용이 가능하십니다. (단, 문자수신 동의 여부에 ‘거부’ 를 선택하시면 모바일카드 관련 안내 문자 수신이 불가할 수 있습니다.)  K9 또는 스팅어 차량 구매 후 전용 멤버십에 가입하신 경우, 해당 차량은 실물 카드를 포함한  전용 패키지가 제공되고 있어 가입 시 모바일카드로 선택은 어렵고, 실물 카드로 발급될 예정이니 참고해 주시기 바랍니다. (가입 후 기아멤버스 애플리케이션에서 모바일카드도 이용 가능)  최초 가입 시 모바일카드를 선택하셨더라도, 추후 실물 카드 재발급이 가능합니다.기아멤버스 사이트 > MY 멤버스 > 나의 카드 조회 > 카드 재발급 신청을 통해 발급이 가능합니다.    * 참고: 기아 멤버십은 차량 별이 아닌 고객번호를 기준으로 관리되고 있습니다. 기존에 멤버십 카드를 발급한 이력이 있다면, 가입 신청서를 작성하셔도 별도의 카드가 추가  발급되지는 않습니다.현재, 멤버십 카드를 분실하셨다면 고객센터(080-200-2000) 또는 기아멤버스 사이트를 통해 재발급 신청해 주시기 바랍니다.기아멤버스'),(2,'[기아멤버스]기아멤버스 포인트 소멸 시점은 언제 인가요?','기아멤버스 포인트 유효기간은 적립시점으로부터 5년입니다.기아멤버스 포인트 소멸은 포인트 활용기간을 좀 더 확보할 수 있도록 초기 적립시점의 익월 1일에일괄적으로 소멸 됩니다.기아멤버스 포인트는 오토큐 및 제휴업체에서 사용 가능하니 자세한 내용은 기아멤버스 홈페이지를참고하여 주시기 바랍니다.'),(2,'[기아멤버스]기아멤버스 카드를 분실했는데, 재발급 받기 전에 오토큐에서 포인트를 사용할 수 있습니까?','적립된 멤버스포인트는 카드 없이도 오토큐에서 사용이 가능합니다.오토큐에서 실물 카드 없이 멤버스포인트 사용 시 아래와 같은 방법으로 이용하시면 됩니다. - 차량명의자와 휴대폰명의자가 동일한 경우 휴대폰 인증하여 사용 가능'),(2,'[홈페이지]기아 홈페이지 회원가입을 했으나 로그인이 되지 않습니다. 왜 그런가요?','정보통신망법 개정 및 회원 고객님의 개인정보보호를 위하여 홈페이지에 1년 이상 로그인하지 않는 경우, 회원정보의 보호 및 운영의 효율성을 위해 휴면계정으로 전환됩니다. 휴면계정으로 로그인이 되지 않을 경우, 본인인증을 통해 해제 후 이용이 가능합니다. 또한, 홈페이지에 1년 이상 비로그인 시 분리보관 후 4년 후 탈퇴/파기 합니다.    * 휴면계정 해제(본인 인증)가 불가하거나 정상 로그인이 되지 않는 경우는 기아 고객센터(080-200-2000)로 문의하여 주시기 바랍니다. '),(2,'[기타]기아 커넥트 스토어는 무엇이며, 어떻게 이용하나요?','차량 구매 순간의 선택이 카 라이프의 전부를 결정한 것은 아닙니다.이제 차량 구매 후에도 기아 커넥트 스토어(connectstore.kia.com)가 제공하는새로운 기능들을 언제 어디서든지 추가로 구매해 평생, 또는 원하는 기간 동안 이용하실 수 있습니다.기아 커넥트 스토어 이용관련 자세한 내용은기아 커넥트 스토어 이용안내 페이지(https://connectstore.kia.com/kr/info/buying-Installation-guide)에서 확인 가능하며,이용절차는 아래와 같습니다.  기아 커넥트 스토어 또는 QR접속 '),(2,'[기타]완속 충전 케이블은 언제 사용하나요?','일부 완속 충전기는 관리의 어려움 등의 이유로 충전 케이블 미 설치이런 경우 개인용 완속 충전 케이블 사용'),(2,'[기타]완속과 급속 충전기는 어떻게 구분하나요?','국가표준으로 지정된 충전구의 핀 갯수로 구분됨핀이 5개인 AC단상은 완속 충전기핀이 7개인 DC콤보는 급속 충전기핀이 10개인 DC차데모는 급속 충전기'),(2,'[기타]충전카드는 어떻게 발급받아야 하나요?','저공해차 통합 누리집 사이트(WWW.EV.OR.KR)에서 공공 충전 멤버십 카드 발급가능기타 충전사업자별 민간 충전 멤버십 카드는 사업자별 창구를 통해 발급가능'),(2,'[기타]결제방식은 어떻게 되나요?','충전카드가 없어도 교통카드나 신용카드로 비회원 충전이 가능함충전 멤버십 카드 보유시 신청 창구를 통해 결제카드 등록이 가능함'),(2,'[기타]급속충전기는 어떠한 사용제약이 있나요?','환경부 급속충전기는 1회 충전당 40분 컷을 적용하고 있음 (사용자 재인증 후 추가 충전 가능)한전 및 다른 충전사업자 충전기도 다른 차량이 대기할 경우 적당량을 충전하고 양보하는 것이 에티켓'),(3,'[차량 구매] 제네시스 구입 후 세금계산서 발급받으려고 하는데 어떻게 해야 하나요?','[개인사업자 및 법인사업자 구입고객]2010년 7월 1일부터 세금계산서가 서면이 아닌 전자 세금계산서로 발행이 됩니다. 사이트( http://e-vat.hyundai.com ) 에서 발급받으시면 됩니다.[개인 구입고객]2011년 4월11일부터 차량 구입하신 지점(대리점)에서 영수증이 발행됩니다.※재발행은 차량 구입하신 지점(대리점)으로 문의해 주시기 바랍니다.'),(3,'[차량 구매] 제네시스 차량 구입 시 의무보험료란 금액을 납부하였습니다. 이것은 어떤 종류의 보험인가요?','의무보험은 차량이 출고센터를 동해 출고되어 임시운행 기간 동안에만 유효한 보험입니다. 이는 임시운행 기간 중 발생되는 교통사고 피해자의 피해배상 보장을 위한 자동차 손해배상보장법 개정으로 임시운행허가 차량의 의무보험 가입이 법제화 되었습니다. 보상책임기간은 출고일부터 임시운행허가 기간인 10일(기간 만료일 24시까지)동안이고 보험료는 차종별 정액보험료가 적용됩니다. (대부분의 경우 1만원 이내) 따라서 차량을 구입하신 고객께서는 임시운행허가기간 종료 이전에 1년만기 책임보험, 혹은 종합보험에 반드시 가입하셔야 합니다. 의무보험은 1회 소멸성 보험으로 임시운행증을 반납하거나 다른 책임보험에 가입하시는 경우 자동으로 해지가 됩니다.'),(3,'[차량 구매] 일정기간 이상 지난 차량은 자동차세가 경감된다고 하는데 그 내용을 알고 싶습니다.','자가용 승용차의 차령 3년이상 차량에 대한 자동차세 경감은 현재에도 시행되고 있는 사항으로 대입공식은 다음과 같습니다.○자동차세/2-(자동차세/2*5%)*(차령-2)※ 단, 차령 12년 이상은 12년으로 간주'),(3,'[차량 구매] 부가세 환급을 받을 수 있는 차종 및 조건은 무엇인가요?','개인 또는 법인 사업자 명의로 등록하는 경우 9인승 이상의 차량이나 경차, 화물차 구입시 부가세를 환급 받으실 수 있습니다. (단, 면세사업자 제외)'),(3,'[차량 구매] 차량에 부과되는 세금은 어떤 종류가 있나요?','현행 자동차관련 세금항목은 다음과 같습니다.① 구입단계 : 개별소비세(8인승 이하 승용차한), 교육세(개소세의 30%), 부가가치세② 등록단계 : 등록세, 취득세③ 소유단계 : 자동차세(연단위 부여)④ 유류관련 : 교통세, 주행세, 교육세, 부가가치세⑤ 기타 : 공채매입, 환경개선비용부담금(해당자동차한)'),(3,'[차량 구매] 제네시스 차량을 구입하려면 어떻게 해야하나요?','제네시스에서는 전국 정식 지점/대리점을 통해서만 차량을 판매하고 있습니다. 자세한 지점/대리점 위치는 홈페이지 전시장 / 센터 찾기에서 확인하실 수 있습니다. 그 이외의 유통경로(인터넷 등)로는 차량 공급이 되지 않사오니 차량 구입시 주의해주시기 바라며 전국 어느 곳에서나 같은 제품,같은 가격으로 바른거래를 실천하고 있습니다. 참고로, 제네시스 홈페이지 구매상담 신청을 이용시 고객님께서 원하시는 지점, 대리점을 선택하여 상담신청을 하시면 전문영업사원이 신속하고 친절하게 차량구매에 관한 모든 궁금증을 해결해 드리겠습니다.'),(3,'[차량 구매] 차량구입에 관련된 금액은 어떠한 결제방식이 있나요?','차량구입에 관련된 금액의 결제는 현금, 신용카드 및 할부이용 등의 방법이 있습니다. 그 이외 현재 보유차량 매각대금 대체 및 직불카드 등의 이용은 불가합니다.'),(3,'[차량 구매] 차량 계약금 및 차량 대금을 입금하려고 하는데 입금 계좌가 정해져 있나요?','차량계약금 및 차량대금은 자동차 매매계약서에 명시된 지정계좌 및 계약자 본인의 가상계좌로 송금하여 주시고, 무통장 입금증을 잘 보관하여 주시기 바랍니다.※가상계좌의 경우 해당 지점, 대리점에 문의하시면 확인 가능합니다.'),(3,'[차량 구매] 차량 계약 후 해지 시 계약금은 환불 받을 수 있나요?','차량 출고 전 해지 요청 시에는 계약금 환불이 가능하며, 자세한 사항은 계약하신 지점(대리점)에 문의 바랍니다.'),(3,'[차량 구매] 제네시스에서 중고차를 구입할 수 있나요?','현재 저희 현대자동차는 현대·제네시스 인증 중고차(Hyundai Certified·GENESIS CERTIFIED) 매입 및 판매를 시행하고 있습니다.※ 고객분들의 편리하고 안전한 중고차 거래를 위해 제네시스 인증 중고차 사이트(https://certified.hyundai.com)를 운영 중이니 참고하시기 바랍니다.'),(3,'[차량 구매] 차량 계약 후 예상 납기일에 대해 알 수 있나요?','계약하신 지점(대리점)에서 확인 가능합니다.'),(3,'[차량 구매] 신차 구입시 기존에 타던 차량을 팔고 인도금으로 대체할 수 있나요?','저희 현대자동차는 현대·제네시스 인증 중고차 매입 및 판매를 시행하고 있습니다.현재 운영 중인 제네시스 인증 중고차 사이트(https://certified.hyundai.com)를 통해 보상 매입 서비스 공지사항 확인 부탁드립니다.'),(3,'[차량 구매] 자동차 리스에 대해 알고 싶어요.','자동차 리스란, 캐피탈사가 고객이 원하는 자동차를 대신 구매하여 고객에게 차량을 임대하여 제공하여 주고 고객은 캐피탈사에 매월 이용료를 납부하는 방식의 자동차 금융 상품입니다. 고객의 다양한 Needs에 맞는 맞춤형 상품 구성이 가능하며, 자동차 리스도 할부나 현금 구매와 동일하게 영업사원에게 문의하시면 됩니다.'),(3,'[차량 구매] 포인트는 유효기간이 있나요?','현대카드 M포인트 및 현대자동차 제휴카드 포인트의 유효기간은 최초적립일로부터 만 5년 입니다. 따라서 이 기간이 지난 포인트는 최초적립일로부터 월단위로 소멸됩니다.'),(3,'[차량 구매] 본인 이외의 가족이 보유한 포인트를 사용할 수 있나요?','\'14.8월 개인정보 보호법 개정으로 가족카드/가족회원의 포인트 사용이 불가합니다. 블루멤버스 포인트 및 현대카드 M포인트 모두 본인 및 공동명의자의 포인트로만 차량 구입시 사용하실 수 있습니다.'),(3,'[차량 구매] 장애인 차량 구입 조건에 대해 알고 싶습니다.','장애인 조건의 차량구입은 장애인 단독명의, 장애인과 주민등록표상 세대를 함께하는 배우자, 직계존비속, 형제자매 또는 직계비속의 배우자 공동명의로 구입이 가능합니다. 단, 몇 가지 조건이 붙는데 장애인 공동명의 조건으로 구입하신 차량은 차량 출고 후 5년간 동일조건(주민등록법상 동일세대)를 유지해야 하고 이 조건이 충족되지 않을 때 면세 받은 금액을 납부하셔야 합니다. 또한 재구입연한이 만 5년으로 되어있어 기간 내에 동일차량을 계속 보유하셔야 되며, 이 또한 조건 불충족시 면세 받으신 세금을 납부하시게 됩니다.'),(3,'[차량 구매] 장애인 조건으로 제네시스 차량 구입 시 혜택을 알고 싶습니다.','장애인 조건으로 차량 구입시 혜택은 크게 3가지 입니다.① 차량 개소세 면세② 지방세(취득세, 등록세, 자동차세)면세(서울시 기준)③ 공채매입 면세 이중 일반장애 1~3급 및 국가유공상이 1~7급은 1,2,3번의 혜택을 모두 받으실 수 있으며 그 이외의 장애등급 고객께서는 공채매입 면제만 가능합니다.(서울시 기준)※지방세 면세내용은 각 지방자치단체 조례에 따라 상이하므로 반드시 해당 지방자치단체로 문의 및 구입 전 확인을 요합니다.'),(3,'[차량 구매] 세이브오토 및 M포인트 차감을 통해 차량 가격을 할인받았습니다. 그런데 세금계산서상 금액과 차이가 있는데 왜 그런가요?','세이브오토 및 M포인트는 현대카드사와 공동으로 시행중인 이벤트행사입니다. 세이브오토 및 M포인트 사용을 통해 할인 받으신 금액은 전액 세금계산서에서 제외되지 않고 60%는 당사가, 나머지 40%는 현대카드사에서 지원하고 있습니다. 따라서 현대카드사 부담분(40%)은 당사 차량판매에 대한 세금계산서상 할인매출로 인식되지 않습니다.'),(3,'[차량 구매] 세이브오토 이용에 관해 알고 싶습니다.','제네시스 신차 구입시 현대카드M을 이용하여 선수금을 10만원 이상 결제하시는 경우 차량구매 대금중 일부를 해당포인트(20만/30만/50만)만큼 선할인해 드립니다. 선할인 받으신 금액은 이후 36개월 동안 고객님의 현대카드M 사용실적에 따라 적립되는 포인트로 상환하시게 되며, 미상환 하신 경우 익월 카드대금 청구시 전액 청구됩니다. 세이브오토 프로그램은 적용을 원하시는 고객께서 신청하시는 경우에만 적용되고 이용기간 중 미상환하신 포인트에 대한 대금청구시 이자는 부과되지 않습니다.'),(3,'[차량 구매] 제네시스 차량 구입 시 신용카드는 얼마까지 이용할 수 있나요?','자동차 구입시 신용카드를 이용한 결제는 고객님 신용카드 한도 내에서 희망하시는 금액까지 자유로이 결제가 가능합니다.'),(3,'[차량 구매] 제네시스 차량 구입시 신용카드는 복수의 카드로 결제가 가능한가요?','예, 가능합니다. 신용카드 개수에 제한없이 결제가 가능합니다.'),(3,'[차량 구매] 제네시스 구입 시 차량대금을 신용카드로 결제할 경우 소득공제가 가능한가요?','불가능합니다. 조세특례제한법 제126조 3항 3호에 의거하여 신규로 출고되는 자동차 구입시 사용한 신용카드 금액은 소득공제 대상에서 제외됩니다.(2002년 12월1일 승인분부터 적용)'),(3,'[차량 구매] 제네시스 차량 대금을 신용카드로 결제하려고 합니다. 계약자 이외의 다른 사람 카드로 결제가 가능한가요?','자동차 구입대금 결제 시 본인 이외의 제3자 신용카드를 이용한 결제는 불가능 합니다. 2001년 6월 재정경제부와 관련부처의 법률해석 결과, 당사자간의 동의여부를 불문하고 구매자 이외의 신용카드를 이용한 거래는 여신전문금융법 제19조에서 <위장매출전표 작성행위>에 해당됩니다. 따라서 계약자 본인 이외의 제3자 신용카드는 사용하실 수 없습니다.'),(3,'[차량 구매] 제네시스 구입 시 할부금을 카드로 결제할 수 있나요?','불가능합니다. 할부금은 금전채무로 분리되어 있으며, 여신전문금융업법상 금전채권은 카드로 결제할 수 없게 되어있습니다.'),(3,'[차량 구매] 할부를 이용하여 차량을 구입하고자 합니다. 구비해야 할 서류는 어떤 것이 있나요?','가까운 지점(대리점)이나 계약하신 담당 영업사원에게 문의하시기 바랍니다.※ 할부 관련 서류는 할부 이용사의 대출 조건에 따라 구비 서류가 달라질 수 있으며, 개인신용도에 따라 추가 서류가 필요할 수 있습니다. (예시. 인감증명서, 재산세 과세증명서 등)'),(3,'[차량 구매] 근저당 설정이 되어 있습니다. 어떻게 해야 하나요?','상세 내용은 근저당권 설정 당시의 담당자에게 문의하시기 바랍니다. 다만 일반적으로 차량에 근저당권 설정이 되어 있는 경우 할부금 완납을 하셨어도 자동 말소가 되지 않으므로, 할부금 완납을 하셨다면 별도로 해당 관청에 근저당권 말소 신청을 하셔야 합니다'),(3,'[정비예약] 인터넷으로 정비 예약은 어떻게 하는 건가요?','제네시스 홈페이지에 메뉴 중 [멤버스 > 차량관리 서비스 > 서비스 네트워크 찾기]를 접속하셔서 정비예약을 클릭하시면 됩니다. 고객님의 이력을 관리하기 위하여 회원 로그인을 한 후 신청을 할 수 있도록 하였습니다. 정비예약 안내 멘트에 따라 해당항목을 클릭하셔서 당일 기준으로 이틀 뒤부터 2주 후까지 신청하실 수 있습니다.'),(3,'[정비예약] 정비 예약 시에 예약 대기란 무엇인가요?','고객님이 원하는 시간에 인터넷 예약이 불가한 경우, 희망시간에 예약요청을 해 주시면 저희 센터담당자가 전화를 드리고 예약 안내를 해 드리는 기능입니다. 예약대기는 예약 확정이 아닙니다. 인터넷 예약은 차량의 기능고장과 관련된 정비 시에만 해당됩니다. 차량사고 등의 이유로 판금/도장 정비를 원하시는 고객님께서는 정비예약 없이 방문하여 주시기 바랍니다.'),(3,'[홈페이지] 홈페이지의 아이디가 기억나지 않을 때는 어떻게 하나요?','로그인 화면의 [아이디 찾기]에서 본인인증을 통해 등록된 이메일 아이디를 찾으실 수 있습니다.'),(3,'[홈페이지] 홈페이지의 비밀번호를 분실하였습니다. 어떻게 해야 되나요?','로그인 화면의 [비밀번호 초기화]를 통해 비밀번호 초기화가 필요합니다. [비밀번호 초기화] 메뉴에서 이메일 인증 또는 모바일 인증을 통해 전달받은 인증코드를 화면에 입력하시어 새로운 비밀번호로 설정하실 수 있습니다. (법인 회원의 경우, 개인 로그인 페이지의 [비밀번호 초기화] 메뉴를 이용해주시기 바랍니다.)'),(3,'[홈페이지] 비밀번호 및 개인정보를 변경하고 싶을 때는 어떻게 해야 하나요?','비밀번호 및 개인정보 변경은 로그인을 하신 후, 상단의 [MY INFO] 메뉴에 있는 [개인정보 수정]을 이용해주시기 바랍니다. 제네시스에서 제공해드리는 서비스의 정상적인 이용을 위해서 개인정보는 항상 최신 정보로 유지해주시기 바랍니다. (법인 회원의 경우, 개인 페이지에 있는 [개인정보 수정] 메뉴를 이용해주시기 바랍니다.)'),(3,'[홈페이지] 제네시스 홈페이지에 있는 저작물 사용 시 어떤 제한을 받습니까?','제네시스의 홈페이지 (이하 \'홈페이지\'라 함)에는 당사에서 저작권을 갖고 있는 텍스트, 이미지, 사진, 영상물, VR, 플래시, 사운드 등의 저작물 (이하 \'저작물\'라고 함)이 포함되어 있습니다. 이러한 저작물은 대한민국 저작권법의 보호를 받습니다. 따라서 이를 이용하고자 할 경우에는 회사의 사전 허가를 받아야 하며, 허가를 받은 경우에도 아래의 요건을 준수하여야 합니다.- 법인 및 단체나 제품 등이 제네시스의 후원ㆍ협력ㆍ보증을 받는 것처럼 오인되도록 사용해서는 안됩니다.- 회사 및 그 제품을 비방하거나 부정적인 이미지를 줄 수 있는 용도로 이용해서는 안됩니다.- 저작물의 크기 조정이나 저작물의 변형, 가공이 필요할 경우 반드시 회사의 사전 허가를 얻어야 합니다.- 저작물의 이용에 따라 생긴 손실이나 결과에 대해 회사는 어떠한 책임도 지지 않습니다.- 어떠한 경우에도 제네시스 웹 사이트의 페이지를 통째로 복제해서 사용해 서는 안됩니다. 회사의 허가 없이 저작물을 복제, 다운로드, 출판, 배포, 소스 이용 등으로 사용할 경우에는 모든 법적인 책임을 지셔야 합니다. 또한 제네시스 웹 사이트를 귀하나 귀하의 회사ㆍ단체 등의 웹사이트에 링크하는 것은 회사의 허가를 받아야 하며, 이 경우에도 \"제네시스 홈페이지로\", \"www.genesis.com으로\" 등 링크 사실을 알리는 표현과 함께 사용해야 합니다.'),(3,'[홈페이지] 제품 카탈로그나 설명서의 내용을 사용해도 되는지 궁금합니다.','개인적인 용도나 비상업적인 용도로 제네시스 제품의 카탈로그나 설명서 등의 일부를 인용 및 사용하는 경우에는 회사의 승인을 얻을 필요가 없습니다. 단, \"위 자료의 저작권은 제네시스에 있습니다\"와 같은 표현과 함께 사용하여 저작권이 제네시스에 있음을 명시해야 합니다. 또한 제네시스 및 그 제품을 비방하는 목적으로 사용해서는 안되며, 귀하나 귀하의 회사ㆍ사업ㆍ단체 등이 제네시스의 후원ㆍ협력ㆍ보증을 받는 것처럼 오인될 수 있는 외관으로 사용해서는 안됩니다. 상업적인 용도로 사용하고자 할 때는 당사 법무팀의 사전 승인을 받아야 합니다.'),(3,'[홈페이지] 제네시스 저작물 사용에 대해서 자세한 내용을 알려주세요.','기타 자세한 사항을 보시려면 홈페이지 메인 하단에 있는 \"저작권 안내\" 를 보시면 상세한 내용을 보실 수 있습니다. 쉽게 말씀드리면 개인홈페이지에 개인이 자료로써 보관코자 할 경우에는 당사 이미지를 사용하는데 큰 문제가 없습니다. 기타 상업적인 목적이나 기업사이트 등 다른 용도로 사용코자 하실 때에는 우선 저작권 안내에 관한 사항을 검토하시고 다른 문의 사항이 있으시면 당사 법무팀에 문의를 해주시기 바랍니다. 또한, 홈페이지에 게재되지 않은 다른 이미지를 추가로 제공하지는 않습니다'),(3,'[홈페이지] 제네시스 홈페이지의 가입 대상을 알려주세요.','제네시스 브랜드에 관심 있는 누구나 가입 가능합니다. 단, 법인의 경우 블루멤버스에 기 가입되어 있거나 법인공인인증서를 통해 회원가입을 거치며 사업자번호를 가지고 있어야 회원가입이 가능합니다.'),(3,'[MY GENESIS 앱] 구글 플레이스토어 혹은 앱 스토어에서 MY GENESIS 앱이 안 보여요. 어떻게 해야 하나요?','현재 MY GENESIS 앱은 구글 플레이스토어와 앱 스토어에 게시되어 있습니다. 만약 스토어에서 앱이 보이지 않을 경우, 우선 MY GENESIS 앱을 지원하는 운영체제를 확인해 주세요. 아이폰은 iOS 버전 15부터, 안드로이드 스마트폰은 안드로이드 버전 9부터 지원합니다. MY GENESIS 앱을 지원하는 운영 체제임에도 불구하고 MY GENESIS 앱이 보이지 않는다면 플레이스토어 혹은 앱 스토어에 각각 문의 부탁드립니다. 혹은 아래의 [MY GENESIS 앱 설치 링크]를 통해 MY GENESIS 앱을 다운로드할 수 있습니다.[MY GENESIS 앱 설치]※ MY GENESIS 앱은 국내에서 차량 서비스를 이용하기 위한 앱입니다. 해외 계정으로 구글 플레이스토어와 앱 스토어를 사용하시는 경우 국내 계정으로 전환 후 앱 다운로드 부탁드립니다.'),(3,'[MY GENESIS 앱] MY GENESIS 앱 다운로드가 중간에 멈춰요. 어떻게 해야 하나요?','MY GENESIS 앱 다운로드를 시도하여 정상적으로 설치가 시작되었으나, 다운로드 중에 플레이스토어 혹은 앱 스토어가 멈췄을 수 있습니다. [안드로이드]단말기 용량이 부족해서 다운로드가 멈췄을 수 있습니다. 기기에 충분한 용량이 있는지 확인하신 후, 플레이스토어의 \'상세 정보\'에 들어가셔서 앱 데이터를 삭제하신 후 다운로드를 다시 진행해 주세요. [플레이스토어 앱의 [상세정보] 화면 > 앱 데이터 및 캐시 삭제 > 플레이스토어 앱에 들어가 다시 로그인 > MY GENESIS 앱 재설치]추가로, 삼성 단말기의 경우 [보안폴더] 내에 MY GENESIS 앱이 복사되어 있을 경우 설치가 진행되지 않습니다. [보안폴더]를 확인하신 후, MY GENESIS 앱이 포함되어 있다면 삭제하신 후 다운로드를 다시 진행해 주시기 바랍니다. [iOS]iOS에서 해당 문제가 발생하는 경우, 제네시스 고객센터(080-700-6000)로 연락 부탁드립니다.'),(3,'[MY GENESIS 앱] 앱을 사용하던 중 화면이 하얗게 변하면서 실행이 안 돼요','안드로이드 스마트폰을 사용하는 동안 화면이 하얗게 변하는 백화 현상이 나타나실 경우, 아래의 방법을 시도해 주세요.1. \'Android 시스템 WebView\'를 최신 버전으로 업데이트해 주세요.2. \'Chrome\' 앱을 최신 버전으로 업데이트해 주세요.지속적인 오류 발생 시 제네시스 고객센터(080-700-6000)로 연락 부탁드립니다. '),(3,'[MY GENESIS 앱] MY GENESIS 실행 후, [디지털 키 이용 안내] 팝업창을 확인하면 앱이 자동으로 종료됩니다. 어떻게 해야 하나요?','디지털 키 삭제 팝업은 동일 스마트폰 기기에 제네시스 디지털 키 앱이 설치되어 있는 경우에만 뜨게 되어있습니다. 기존에 사용하시던 제네시스 디지털 키 앱을 삭제하신 후, MY GENESIS 앱을 사용해 주세요. ※ 안드로이드 스마트폰을 사용하시는 경우, 배경화면에서 제네시스 디지털 키 앱을 삭제하면 \'제네시스 디지털 키 바로 가기\'가 삭제됩니다. 앱 목록을 확인하시어 제네시스 디지털 키 앱 삭제를 진행해 주세요.'),(3,'[MY GENESIS 앱] 제네시스 통합 회원 가입 과정에서 인증 문자가 오지 않아요. 어떻게 해야 하나요?','이동통신사 스팸 필터링 부가 서비스에 의해 인증 문자가 스팸으로 분류되어 수신되지 않을 수 있습니다.고객님께서 직접 이동 통신사의 고객센터로 문의하여 080-700-6000 번호가 필터링 되었는지 확인하신 후, 080-700-6000 번호를 스팸 해제하시면 정상적으로 인증 과정을 진행하실 수 있습니다.지속적인 오류 발생 시 제네시스 고객센터(080-700-6000)로 연락 부탁드립니다. '),(3,'[MY GENESIS 앱] 디지털 키는 어떻게 등록하나요?','MY GENESIS 앱에서 디지털 키를 등록하는 방법은 아래와 같습니다. 1. 스마트폰과 스마트 키를 소지하시고 차량에 탑승하신 후, 차량 시동을 켜 주세요.2. MY GENESIS 앱에서 디지털 키를 등록하고자 하는 차량을 대표 차량으로 설정합니다.3. 홈 화면 우측 상단의 [마이 메뉴 ☰ > 이용 가능한 차량 > 차량 정보 및 관리]에서 [디지털 키] 버튼을 선택해 주세요.4. [디지털 키 등록] 버튼을 선택해 주세요.5. [등록 시작] 버튼을 선택하시면 디지털 키 등록이 시작됩니다.6. 차량 내 내비게이션 화면에서 [설정 > 차량 > 디지털 키 > 스마트폰 키 > 등록] 순으로 버튼을 선택한 뒤, 스마트폰을 무선 충전 패드에 올려놓습니다.7. 스마트폰이 정상적으로 인식되면 디지털 키 등록이 완료됩니다.8. 디지털 키 등록이 완료되면 앱에서 근거리 원격 제어와 디지털 키를 사용하실 수 있습니다.※ 이미 차량에 등록된 디지털 키가 있는 경우 차량 내비게이션 등록 버튼이 비활성화되어 있습니다. 차량에 등록된 디지털 키를 삭제하신 후 앱에서 디지털 키 등록을 진행해 주세요. '),(3,'[MY GENESIS 앱] 디지털 키 2는 어떻게 등록하나요?','MY GENESIS 앱에서 디지털 키 2를 등록하는 방법은 아래와 같습니다. 1. 스마트폰과 스마트 키를 들고 차량에 탑승하신 후 차량 시동을 켭니다.2. 홈 화면 우측 상단의 [마이 메뉴 ☰ > 이용 가능한 차량 > 내 차량 > 차량 정보 및 관리 > 차량 관리 > 디지털 키] 메뉴에서 디지털 키가 미등록된 상태에서 [등록 시작] 버튼을 선택하면 제조사 앱 화면으로 이동합니다.[디지털 키 2 지원 차량]- 디지털 키 2 터치 : G70(2023년 출시 모델)- 디지털 키 2 : G90 (2022년 출시 모델), GV80 (2024년 출시 모델), GV80 COUPE, GV60※ 디지털 키 2 최초 등록은 MY GENESIS 앱 주사용자만 할 수 있으며, 제조사 앱 (애플 Wallet / 삼성 Pass)을 통해 다른 고객에게 공유하실 수 있습니다. [디지털 키 지원 스마트폰]- 제네시스 웹사이트 [홈 > 고객센터 > 다운로드 센터 > 제네시스 커넥티드 서비스] 페이지의 [15. 디지털 키 2 지원 스마트폰 리스트]에서 확인하실 수 있습니다. [제조사 별 디지털 키 2 등록 절차]- 안드로이드 디지털 키 등록 절차- iOS 디지털 키 등록 절차'),(3,'[MY GENESIS 앱] 아이폰에서 디지털 키를 사용할 수 있나요?','애플의 NFC 정책으로 인해, 아이폰을 이용하시는 고객님께서는 디지털 키 1을 사용하실 수 없습니다. 다만, 디지털 키 2 지원 차량을 이용하시는 경우 아이폰에서 디지털 키 2를 등록하여 사용하실 수 있습니다.[디지털 키 2 지원 차량]- 디지털 키 2 터치 : G70 (2023년 출시 모델)- 디지털 키 2 : G90 (2022년 출시 모델), GV80 (2024년 출시 모델), GV80 COUPE, GV60'),(3,'[MY GENESIS 앱] 기존 디지털 키 앱에서 디지털 키를 등록하여 사용하고 있습니다. MY GENESIS 앱에서 디지털 키를 새로 등록해야 하나요?','기존에 디지털 키 앱을 사용하셨더라도 MY GENESIS 앱에서 디지털 키를 새로 등록하여 사용하셔야 합니다. 디지털 키 앱을 사용하셨던 경우, 디지털 키 앱을 삭제하신 후 MY GENESIS 앱을 사용하실 수 있습니다. '),(3,'[MY GENESIS 앱] 디지털 키 등록이 안 돼요.','MY GENESIS 앱에서 디지털 키 등록이 안 되는 경우, 아래 3가지 사항을 확인해 주시기 바랍니다. 1. 내비게이션 및 스마트폰에 디지털 키가 존재하는지 확인해 주세요. - 차량 내비게이션 및 스마트폰의 디지털 키 등록 상태를 확인하여야 합니다.- 스마트폰에는 디지털 키가 등록되어 있지 않지만, 차량 내비게이션에 디지털 키가 등록되어 있는 경우 해당 메시지가 보이실 수 있습니다.- 이 경우 아래 절차에 따라 디지털 키를 재등록한 후 디지털 키를 사용할 수 있습니다.① 차량 내비게이션에서 [SETUP > 차량 > 디지털 키 > 스마트폰 키] 메뉴에 진입해 주세요. ② [등록] 버튼이 비활성화되어 있는 경우 차량 내비게이션에 디지털 키가 등록되어 있는 상태입니다. 차량에서 디지털 키를 삭제하신 후 절차에 따라 재등록을 진행해 주세요.③ [등록] 버튼이 활성화되어 있는 경우 차량 내비게이션에 디지털 키가 등록되어 있지 않은 상태입니다. 절차에 따라 디지털 키 등록을 진행해 주세요.2. 스마트폰 NFC 기능이 기본 모드인지 확인해 주세요.- 스마트폰의 케이스 탈착 여부 및 잠금 화면이 해제 상태인지 확인하여야 합니다.- 스마트폰의 NFC 기능이 정상 동작 중인지 확인하여야 합니다. (ex. NFC 교통 카드 등의 기능 확인)① 삼성 스마트폰의 경우 NFC 모드가 기본 모드로 설정되어 있는지 확인하여야 합니다.② LG 스마트폰의 경우 NFC 사용 및 태그 읽기/쓰기가 ON 상태로 설정되어 있는지 확인하여야 합니다.- LG 스마트폰의 경우 NFC 모드가 기본 모드와 카드 모드가 나누어져 있습니다.- NFC 사용 및 태그 읽기/쓰기가 모두 ON 상태여야 NFC 모드가 기본 모드로 설정됩니다. (NFC 사용만 ON 상태일 경우 NFC 모드가 카드 모드로 설정됩니다.)- 스마트폰의 상단 바 (상태 바)에서 NFC 모드를 확인할 수 있습니다.- 디지털 키 등록 진행 시, 스마트폰과 차량 무선 패드 위치가 맞지 않거나 등록이 60초 이내에 완료되지 않을 경우 오류가 발생할 수 있습니다.3. 위의 두 가지 사항에 해당되지 않으며, 디지털 키 등록 시 필요한 모든 조건이 충족된 경우 다음 사항을 확인해 주세요.- 스마트폰의 NFC 기능이 의심되는 경우 유심을 제거하시고 다시 꽂은 후에 스마트폰 재부팅을 진행해 주세요.지속적인 오류 발생 시 제네시스 고객센터(080-700-6000)로 연락 부탁드립니다. '),(3,'[MY GENESIS 앱] 디지털 키 등록 중 \'패드가 인식되지 않습니다. 스마트폰을 차량 무선 충전 패드에 올려 주세요.\' 메시지가 보이며 등록이 실패할 경우 어떻게 해야 하나요?','\'패드가 인식되지 않습니다. 스마트폰을 차량 무선 충전 패드에 올려 주세요.\' 메시지와 함께 디지털 키 등록에 실패할 경우 아래 사항을 확인해 주세요.1. 사용 중인 스마트폰의 유심이 LG U+ 구형 유심인 U2000 유심인지 확인해 주세요.-LG U+ U2000 유심 자체 오류로 NFC 기본 모드 기능 작동에 문제가 발생하여 디지털 키를 사용하실 수 없습니다.2. 스마트폰에서 디지털 키 앱의 저장 공간을 정리해 주세요.- [스마트폰 설정 > 애플리케이션 > MY GENESIS > 저장 공간]에서 [캐시 삭제]와 [데이터 삭제]를 진행하신 후 스마트폰을 재부팅하여 디지털 키 등록을 다시 시도해 주세요. 이후에도 동일한 현상이 반복되는 경우 제네시스 고객센터(080-700-6000)로 연락 부탁드립니다. '),(3,'[MY GENESIS 앱] 차량 내비게이션 화면에 \'디지털 키 등록이 취소되었습니다.\' 메시지가 보이면서 디지털 키 등록이 안 돼요.','디지털 키 등록은 시작하였으나 등록 중 스마트폰이 움직여서 스마트폰과 차량 무선 패드 위치가 맞지 않아 디지털 키 등록이 취소된 경우, 해당 메시지가 나타납니다. 디지털 키 등록을 진행하실 때, 스마트폰 위치를 고정시킨 후 등록을 진행해 주세요.'),(3,'[MY GENESIS 앱] MY GENESIS 앱에서 디지털 키 등록 시 \'연결 시도 중\' 메시지가 보이면서 등록이 중단되거나, \'디지털 키를 등록할 수 없습니다. 잠시 후 다시 시도해 주세요.\' 메시지가 나타나는 경우는 어떻게 해야 하나요?','디지털 키 등록을 진행하던 중 NFC 연결이 끊어진 경우 해당 메시지가 보입니다. 아래 사항을 확인하신 후, 디지털 키 등록 절차에 따라 등록을 진행해 주세요.1. 스마트폰의 모바일 데이터 / 블루투스 기능이 켜져 있는 상태인지 확인해 주세요.2. NFC 기능이 켜져 있고 기본 모드로 설정되어 있는지 확인해 주세요.3. 스마트폰 케이스가 제거된 상태에서 등록을 시도해 주세요.4. 스마트폰의 NFC 안테나 위치와 차량의 무선 충전 패드가 정확히 맞닿아 있는지 확인해 주세요. [디지털 키 지원 가능 스마트폰] 디지털 키는 당사 내부 기준을 통과한 안드로이드 스마트폰에서만 이용 가능합니다.- 안드로이드 OS 9.0 (Pie) 이상 (2018-8-6일 배포), 블루투스 버전 4.2 이상, TEE (디지털 키 암호화 보안 영역) 지원 스마트폰- iOS 스마트폰은 애플의 NFC 보안 정책에 따라 현재 디지털 키 이용이 불가합니다. NFC 카드 키만 사용이 가능합니다.※ 출시된 지 오래된 일부 스마트폰에서는 사용이 원활하지 않을 수 있습니다.[NFC 안테나 위치]각 스마트폰 제조사 고객센터에서 확인하실 수 있으며, 갤럭시는 [휴대폰 설정 > 연결 > NFC 및 비접촉결제]에서 NFC 위치를 확인하실 수 있습니다. 이후에도 동일한 현상이 반복되는 경우 제네시스 고객센터(080-700-6000)로 연락 부탁드립니다. '),(3,'[MY GENESIS 앱] MY GENESIS 앱에 차량이 여러 대 등록되어 있는데 모두 디지털 키를 등록할 수 있나요?','MY GENESIS 앱에 차량이 여러 대 등록되어 있는 경우, 각 차량의 디지털 키를 각각 등록할 수 있습니다. 단, 해당 차량을 대표 차량으로 선택하신 후 디지털 키 등록과 사용을 진행해 주셔야 합니다. '),(3,'[MY GENESIS 앱] 근거리 원격 제어(디지털 키) 버튼이 활성화되지 않아요. 어떻게 해야 하나요?','디지털 키 원격제어 버튼은 MY GENESIS 앱의 홈 화면에서만 제공됩니다.차량에 근접했을 때에도 홈 화면 하단의 컨시어지 영역(바이오 인증, 스마트 공조 등이 표출되는 카드 영역)이 활성화되지 않을 경우, [근거리 원격 제어 연결] 컨시어지 및 버튼을 눌러 연결을 시도해 주세요.또한, 해당 내용이 보이지 않는 경우 차량이 디지털 키 2를 지원하는 차량인지 확인해 주세요. 디지털 키 2 대상 차량인 경우 MY GENESIS 앱에서 근거리 원격 제어 버튼을 지원하지 않습니다.[디지털 키 2 지원 차량]- 디지털 키 2 터치 : G70(2023년 출시 모델)- 디지털 키 2 : G90 (2022년 출시 모델), GV80 (2024년 출시 모델), GV80 COUPE, GV60'),(3,'[MY GENESIS 앱] 사용하는 스마트폰이 2대인데 2대 모두 디지털 키를 사용할 수 있나요?','디지털 키는 차량의 주사용자와 동일한 명의자의 스마트폰 1대에서만 등록하실 수 있습니다.동일한 계정으로 다른 스마트폰 단말에 로그인하셔도 디지털 키를 사용하실 수 없습니다.'),(3,'[MY GENESIS 앱] 제네시스 커넥티드 서비스는 어떻게 가입하나요?','MY GENESIS 앱 홈 화면에 [제네시스 커넥티드 서비스] 배너가 안내됩니다. 배너를 클릭하여 제네시스 커넥티드 서비스 가입을 진행해 주세요.'),(3,'[MY GENESIS 앱] 제네시스 커넥티드 서비스 앱이 종료되면 제네시스 커넥티드 서비스 5년 무료 이용권도 같이 종료되나요?','제네시스 커넥티드 서비스 앱의 종료와 제네시스 커넥티드 서비스 5년 무료 이용권의 종료는 관련이 없습니다. 제네시스 커넥티드 서비스 이용권의 기간이 남아 있다면, 해당 서비스를 MY GENESIS 앱에서도 계속 이용하실 수 있습니다. '),(3,'[MY GENESIS 앱] 마이 월렛에는 어떤 카드를 연동할 수 있나요?','마이 월렛에서 연동하실 수 있는 카드는 아래와 같습니다.제네시스 PLCC 현대카드 /  제네시스 멤버십 카드 / GS칼텍스 멤버십 카드 / 현대오일뱅크 멤버십 카드 / 에스오일 멤버십 카드[EV 전용] 제네시스 EV 충전 카드 / E-pit 멤버십 카드- 스마트폰 기종이 iOS인 경우, 제네시스 EV 카드와 E-pit 멤버십 카드로 NFC 결제가 불가능합니다. '),(3,'[MY GENESIS 앱] 마이 월렛에서 제네시스 EV 충전 카드가 안 보이거나 활성화가 안 되어 있어요.','해당 카드는 고객님 명의로 발급된 제네시스 EV 충전 카드가 있을 경우 활성화 됩니다. 노출되지 않은 카드는 로그인하신 고객님 기준으로 유효한 카드가 아니기 때문에 노출되지 않습니다. '),(3,'[MY GENESIS 앱] MY GENESIS 앱에 신용카드를 연결해서 사용했는데, 카드사에서 승인 거절 문자 메시지가 왔어요.','카드사에서 승인 거절 문자가 온 경우, 해당 문자는 카드사 정책이므로 카드사로 문의 부탁드립니다. '),(3,'[MY GENESIS 앱] 무상 혜택 쿠폰 잔여 회차는 어떻게 확인하나요?','홈 화면 우측 상단의 [마이 메뉴 ☰ > 이용 가능한 차량 > 내 차량 > 차량 정보 및 관리 > 멤버십 보증 혜택 > 무상 혜택 쿠폰]에서 잔여 횟수 및 사용 내역을 확인하실 수 있습니다. 모델별 이용 혜택은 [제네시스 홈페이지]에서 확인하실 수 있습니다.'),(3,'[MY GENESIS 앱] 차량 이용 권한 양도는 어떻게 하나요?','홈 화면 우측 상단의 [마이 메뉴 ☰ > 이용 가능한 차량 > 내 차량 > 공유 관리 > 공유 현황 > 권한 양도] 우측의 [양도] 버튼을 누르셔서 차량 이용 권한을 양도하실 수 있습니다. 차량 매도 또는 주사용자 변경이 필요한 경우 사용하실 수 있습니다.단, 법인 명의 차량은 서류 제출 과정이 필요해 해당 기능으로 권한 양도가 불가하고, 양수인이 서류 제출을 통해 차량을 등록하셔야 합니다.※ 차량 권한 양도 시 차량의 대표 명의자는 변경되지 않습니다. 차량의 권한 양도는 앱 사용 권한을 공유하거나 양도하는 것으로, 차량등록원부 상 명의에는 영향을 끼치지 않습니다.'),(3,'[MY GENESIS 앱] 차량 이용 권한을 양도하면 차량의 대표 명의자도 변경되나요?','차량 이용 권한 양도 시 차량의 대표 명의자는 변경되지 않습니다. 차량의 이용 권한 양도는 앱 이용 권한을 공유하거나 양도하는 것으로, 차량등록원부 상 명의에는 영향을 끼치지 않습니다.'),(3,'[MY GENESIS 앱] 법인 차량의 차량 이용 권한 양도는 어떻게 이루어지나요?','법인 차량은 서류 제출 과정이 필요해 앱 내 권한 양도 기능으로 차량 이용 권한 양도가 불가합니다. 양수인이 다음의 과정을 진행하여 차량을 등록해 주시기 바랍니다.1. [QR코드로 등록 > 다른 방법으로 등록 > 서류 제출]을 통해 필요한 서류를 제출하여 차량을 등록해 주세요. 2. 홈 화면에 나타나는 제네시스 커넥티드 서비스 약관에 동의하여 제네시스 커넥티드 서비스를 이용하실 수 있습니다.'),(3,'[MY GENESIS 앱] 차량 권한 양도 알림이 오지 않아요.','차량 권한 양도에 실패하거나 알림이 오지 않을 시 아래의 사항을 확인해 주세요. 1. 차량 권한 양도를 받으시는 분이 MY GENESIS 앱을 설치하시고 로그인하신 상태여야 합니다.2. 차량 권한 양도 시, 휴대폰 번호를 정확히 입력하셨는지 확인해 주세요.3. 차량 권한 양도는 해당 차량의 주사용자만 가능하며, MY GENESIS 회원만 차량 권한 양도를 받을 수 있습니다. 차량 권한 양도를 받고자 하시는 고객님께서도 MY GENESIS 가입을 진행해 주세요.4. 법인 차량은 앱에서 권한 양도를 할 수 없습니다. 필요한 서류를 구비하여 제네시스 고객센터(080-700-6000)로 문의해 주세요. 이후에도 문제가 해결되지 않는 경우 제네시스 고객센터(080-700-6000)로 문의 부탁드립니다.'),(3,'[MY GENESIS 앱] 차량 공유는 어떻게 하나요?','홈 화면 우측 상단의 [마이 메뉴 ☰ > 이용 가능한 차량 > 내 차량 > 공유 관리 > 공유 현황 > 공유 받은 회원] 우측의 [+] 버튼을 누르셔서 차량 공유 등록을 진행하실 수 있습니다.이때, 공유를 받으시는 고객님이 MY GENESIS 앱을 설치하신 후 로그인하신 상태여야 차량 공유가 가능합니다.※ MY GENESIS 앱에서 차량을 공유하실 때, 멤버십과 프리빌리지 혜택은 공유되지 않습니다.'),(3,'[MY GENESIS 앱] 차량 공유 기간은 어느 정도인가요?','MY GENESIS 앱의 차량 정보 및 서비스 기능과 제네시스 커넥티드 서비스 기능은 기간 제한 없이 공유 가능합니다.단, 디지털 키 기능은 최대 1년까지 공유하실 수 있습니다.'),(3,'[MY GENESIS 앱] 차량 공유는 어떻게 해지하나요?','홈 화면 우측 상단의 [마이 메뉴 ☰ > 이용 가능한 차량 > 차량 정보 및 관리 > 차량 공유 관리]로 들어가 주세요. [차량 공유 관리] 메뉴에 들어가신 후, [공유 현황 > 공유 받은 회원]에서 해지를 원하는 공유자의 우측 상단 버튼을 누르신 후 [차량 공유 설정]으로 들어갑니다. 화면 하단의 [공유 해지] 버튼을 누르면 해당 이용자에게 차량이 더 이상 공유되지 않습니다.'),(3,'[MY GENESIS 앱] MY GENESIS 앱에서 \'차량 공유 요청하기\'와 같은 기능은 없나요?','현재 MY GENESIS 앱에서 차량 공유 요청 기능은 없습니다. 차량의 주사용자가 차량을 공유 받을 회원과 공유할 기능을 선택해야 차량 공유가 가능합니다.'),(3,'[MY GENESIS 앱] 차량 공유 알림이 오지 않아요.','차량 공유에 실패하거나 알림이 오지 않을 시 아래의 사항을 확인해 주세요. 1. 차량 공유를 받으시는 분이 MY GENESIS 앱을 설치하시고 로그인하신 상태여야 합니다.2. 차량 공유 시, 휴대폰 번호를 정확히 입력하셨는지 확인해 주세요.3. 차량 공유는 해당 차량의 주사용자만 가능하며, MY GENESIS 회원만 차량 공유를 받을 수 있습니다. 차량 공유를 받고자 하시는 고객님께서도 MY GENESIS 가입을 진행해 주세요.이후에도 문제가 해결되지 않는 경우 제네시스 고객센터(080-700-6000)로 문의 부탁드립니다.'),(3,'[MY GENESIS 앱] 차량번호를 입력했는데 \'차량 정보가 일치하지 않습니다.\' 메시지가 보이면서 진행이 안 돼요.','\'차량 정보가 일치하지 않습니다.\' 메시지는 아래와 같은 경우 나타납니다.1. 입력한 차량번호가 제네시스 차량이 아닙니다.2. 차량번호를 입력한 고객님이 차량의 대표 명의자가 아닙니다.3. 고객님의 로그인 정보와 차량 대표 명의자의 생년월일이 일치하지 않습니다. 해당 차량의 대표 명의자이시고 올바른 차량번호를 입력했는데도 \'차량 정보가 일치하지 않습니다.\' 메시지가 나오는 경우 제네시스 고객센터(080-700-6000)로 문의 부탁드립니다. '),(3,'[MY GENESIS 앱] 법인 차량인데 QR 코드로 차량 등록이 안 돼요.','QR 코드 등록은 해당 차량이 주사용자 등록이 안 되어 있는 상태이며 제네시스 커넥티드 서비스에 실운행자 등록이 되어있지 않은 경우에 빠르게 차량을 등록하실 수 있는 기능입니다QR 코드로 등록이 불가하신 경우, QR 코드로 등록 불가 메시지 하단의 [다른 방법으로 등록]을 통해 서류 제출하기로 차량을 등록하신 후 이용해 주세요. 추가 문의사항은 제네시스 고객센터(080-700-6000)로 연락 부탁드립니다.'),(3,'[MY GENESIS 앱] 차량 등록을 위해 서류를 제출했는데 승인까지 얼마나 기다려야 하나요?','서류 확인은 영업일 기준 5일 이내에 완료됩니다. 서류 확인이 완료되면 SMS로 결과를 안내드립니다. 혹 서류가 기각되셨을 경우 기각 사유가 SMS로 발송되니 해당 사항을 참고하시어 서류를 다시 제출해 주세요.'),(3,'[MY GENESIS 앱] 법인 차량을 등록하기 위해 서류 제출로 차량을 등록했는데, 아직도 서류 확인 중으로 나와요.','서류 확인은 영업일 기준 5일 이내에 완료됩니다. 서류 확인이 완료되면 SMS로 결과를 안내드립니다. 혹 서류가 기각되셨을 경우 기각 사유가 SMS로 발송되니 해당 사항을 참고하시어 서류를 다시 제출해 주세요.'),(3,'[MY GENESIS 앱] 차량은 등록되어 있는데 차량번호가 안 보여요.','홈 화면 우측 상단의 [마이 메뉴 ☰ > 이용 가능한 차량] 화면에 고객님의 차량이 노출되고 있는 경우, 차량이 정상적으로 등록된 상태입니다. 차량 이미지를 터치해 [차량 정보 및 관리 > 닉네임/차량 번호 설정] 메뉴로 들어가셔서 차량번호를 설정한 후 저장하시면 차량번호가 화면에 나타납니다. '),(3,'[MY GENESIS 앱] 중고로 구매한 차량을 QR코드로 등록하려고 하는데 \'다른 고객님께서 이미 등록하신 차량입니다.\' 메시지가 보이면서 차량 등록이 안 돼요.','해당 차량에 이전 주사용자가 기등록되어 있어 QR코드로 등록이 불가능한 상태입니다. \'다른 고객님께서 이미 등록하신 차량입니다.\' 메시지가 보이시는 경우, 메시지 하단의 [다른 방법으로 등록] 버튼을 통해 \'차량번호로 등록\' 또는 \'서류 제출\'을 통해 차량 등록을 진행해 주시길 바랍니다. ※ 서류 확인은 영업일 기준 5일 이내에 완료됩니다.'),(3,'[MY GENESIS 앱] 차량 등록 과정에서 \'이미 등록된 차량입니다.\'라는 메시지가 보여요.','현재 고객님께서 해당 차량을 이미 점유하고 계시기 때문에, 차량 등록을 다시 진행하지 않으셔도 됩니다.차량은 [마이메뉴 > 이용 가능한 차량 > 대표 차량 설정]에서 대표 차량을 선택하신 후에 이용하실 수 있습니다.동일한 문제가 반복되는 경우, 제네시스 고객센터(080-700-6000)로 연락 부탁드립니다.'),(3,'[MY GENESIS 앱] 공동 명의로 차량을 출고하였는데, 대표 명의자가 아닌 공동 명의자가 앱에서 차량을 사용하려면 어떻게 해야 하나요?','차량의 대표 명의자가 공동 명의자에게 차량 이용 권한 양도 혹은 차량 공유를 해 주시면 공동 명의자도 차량을 이용하실 수 있습니다.혹은 아래의 방법을 통해 차량을 등록해 주사용자가 되실 수 있습니다. 1. [OR코드로 등록 > 다른 방법으로 등록 > 서류 제출]을 통해 필요한 서류를 제출하여 차량을 등록해 주세요. 2. 대표 명의자보다 먼저 QR코드로 차량 등록을 진행해 주세요.'),(3,'[MY GENESIS 앱] 빌트인 캠 영상은 어떻게 확인하나요?','빌트인 캠 영상을 확인하는 방법은 아래와 같습니다. 1. 제네시스 커넥티드 서비스에 가입하지 않은 차량인 경우- ‘홈’ / ‘서비스’ / ‘빌트인 캠(비디오)’ / ‘인사이트(차계부)’ 총 4개의 하단 탭 중 ‘빌트인 캠(비디오)’ 에서 확인하실 수 있습니다.2. 제네시스 커넥티드 서비스에 가입한 차량인 경우- ‘홈’ / ‘서비스’ / ‘컨트롤’ / ‘모빌리티’ / ‘인사이트’ 총 5개의 하단 탭 중 \'컨트롤\' 탭에서 확인하실 수 있습니다.'),(3,'[MY GENESIS 앱] 기존의 제네시스 커넥티드 서비스 앱에서 사용했던 기능들이 없어요.','현재 MY GENESIS 앱에는 제네시스 커넥티드 서비스의 모든 기능이 포함되어 있지 않습니다.순차적으로 기능이 통합될 수 있도록 계획 중이며, 빠른 시일 내 반영될 수 있도록 최선을 다하겠습니다. '),(3,'[MY GENESIS 앱] 위젯에 \'네트워크 연결을 할 수 없습니다. 상태를 확인해 주세요.\' 메시지가 보이면서 위젯을 사용할 수 없어요.','안드로이드 스마트폰에서 \'절전 모드\' 실행 중일 경우, 해당 메시지가 나타납니다.스마트폰의 [설정 > 애플리케이션 > MY GENESIS > 배터리 > \'제한 없음\' 선택] 경로를 통해 위젯의 백그라운드 네트워크 이용을 허용하시면, 위젯을 정상적으로 사용하실 수 있습니다. '),(3,'[MY GENESIS 앱] 제네시스 프리빌리지 서비스로 프리미엄 차량 관리 서비스를 신청했는데, 바우처는 어디에서 볼 수 있나요?','제네시스 멤버십에 가입된 고객님의 계정에서 [서비스 탭 > 스토어 > 마이페이지 > 바우처] 페이지에서 조회하실 수 있습니다.'),(3,'[MY GENESIS 앱] 중고차를 구입하여 MY GENESIS 앱에서 실운행자로 등록하여 사용하고 있는데 프리빌리지 서비스가 조회되지 않아요.','프리빌리지 서비스는 신차를 구매한 고객에게만 제공되며 타인에게 양도할 수 없습니다. '),(3,'[MY GENESIS 앱] 모빌리티 케어 쿠폰은 어떻게 조회하나요?','홈 화면 우측 상단의 [마이 메뉴 ☰ > 이용 가능한 차량 > 내 차량 > 멤버십 보증 및 혜택 > 무상 혜택 쿠폰]에서 보유하신 모빌리티 케어 쿠폰을 확인하실 수 있습니다.'),(3,'[MY GENESIS 앱] 차량을 공유 받았는데 모빌리티 케어 쿠폰이 안 보여요.','MY GENESIS 앱에서 차량을 공유 받으신 분은 모빌리티 케어 쿠폰을 조회할 수 없습니다. 모빌리티 케어 쿠폰은 차량의 주사용자만 조회할 수 있습니다. '),(3,'[MY GENESIS 앱] 모빌리티 케어 쿠폰 잔여가 있으나 0개로 조회되어 오토케어 상담 예약을 할 수 없는데 어떻게 해야 하나요?','모빌리티 케어 쿠폰 잔여는 차량의 주사용자에게만 조회되기 때문에 차량을 공유 받으신 경우에는 잔여 개수 조회가 안되어 앱에서 오토케어 상담 예약을 하실 수 없습니다. 이 경우, 제네시스 고객센터를 통해서 오토케어 예약 가능여부를 확인해 주세요. 차량의 주사용자이신 경우, 홈 화면 우측 상단의 [마이 메뉴 ☰ > 이용 가능한 차량 > 내 차량 > 차량 정보 및 관리 > 멤버십 보증 혜택 > 무상 혜택 쿠폰]에서 잔여 횟수 및 사용 내역을 확인하실 수 있습니다. 이때, 쿠폰을 이용한 적 없지만 모빌리티 케어 쿠폰 잔여 개수가 보이지 않는 경우, 제네시스 고객센터(080-700-6000)로 연락 부탁드립니다.'),(3,'[MY GENESIS 앱] 충전소 결제가 안 돼요.','E-pit 충전소가 아닌 곳에서 E-pit 카드로 NFC 결제를 진행하였는지 확인 부탁드리며, 이후에도 동일한 문제가 발생한 경우 제네시스 고객센터(080-700-6000)로 연락 부탁드립니다.'),(3,'[MY GENESIS 앱] 차량을 매각했는데 충전 크레딧은 어떻게 확인하나요?','제네시스 멤버십과 충전 카드는 제네시스 멤버십 가입자의 보유차량이 확인되었을 경우에만 MY GENESIS 앱에서 확인하실 수 있습니다. 또한 잔여 크레딧은 제네시스 웹사이트의 마이페이지에서 확인하실 수 있습니다.'),(3,'[MY GENESIS 앱] 12V 배터리 상세진단 기능은 어떻게 이용할 수 있나요?','12V 배터리 상세진단 기능을 이용하는 방법은 아래와 같습니다.1. [인사이트] 탭에서 [주행리포트]를 클릭해 주세요.2. 안전운전 점수 하단의 [나의 드라이빙 데이터 확인하기]를 클릭해 주세요.3. 누적 주행거리, 주행가능거리 등이 표시되어 있는 검은색 네모 박스를 클릭해서 [나의 차량 데이터] 메뉴로 들어가 주세요.4. [나의 차량 데이터 > 소모품 관리] 하단의 [상세진단 > 12V 배터리] 메뉴에서 12V 배터리 상세진단 기능을 이용할 수 있습니다.[12V 배터리 상세진단 기능 지원 차량]※ 괄호 안의 판매년도 이후 차종에만 기능이 적용됩니다.- GV60(2021년 9월 이후), GV70(2019년 이후), GV70EV(2020년 이후), G80 EV(2021년 7월 이후), G90(2021년 12월 이후)'),(3,'[MY GENESIS 앱] 소모품 현황을 직접 등록할 수 있나요?','소모품 현황을 직접 입력하는 방법은 아래와 같습니다. 1. [인사이트] 탭에서 [주행리포트]를 클릭해 주세요.2. 주행리포트 하단의 [나의 드라이빙 데이터 확인하기] 에서 [누적 주행거리, 주행 가능 거리, 배터리 잔량]이 표시되어 있는 검은색 카드를 클릭해 주세요. 3. [소모품 관리] 우측의 [교환주기]를 클릭하시면 \'소모품 입력 화면\'이 나타납니다.4. [마지막 교환/점검]에서 교체 시점의 누적 주행 거리와 교환 일자를 직접 입력하실 수 있습니다.'),(3,'[MY GENESIS 앱] 차량 공유 및 권한 양도를 했는데, 차량의 이전 주행기록이 보이지 않아요.','개인정보 보호를 위하여 차량 공유자의 주행기록은 조회할 수 없습니다.'),(3,'[MY GENESIS 앱] 차계부 내역을 직접 등록할 수 있나요?','차계부 내역을 직접 입력하는 방법은 아래와 같습니다. 1. [인사이트] 탭에서 [차계부]를 클릭해 주세요.2. \'당월 소비 내역\' 우측의 [전체 보기] 버튼을 클릭 후, 소비 내역 상세로 들어가세요.3. 소비 내역 좌측 상단의 [+] 버튼을 누르면 차계부에 소비 내역을 직접 등록하실 수 있습니다. '),(3,'[MY GENESIS 앱] 간편 비밀번호(PIN) 초기화는 어떻게 하나요?','홈 화면 우측 상단의 [마이 메뉴 ☰ > 사용자 정보 > 간편 비밀번호(PIN) 초기화]에서 PIN 초기화를 진행하실 수 있습니다.'),(3,'[MY GENESIS 앱] MY GENESIS 앱을 사용할 때 본인 명의의 휴대폰을 사용해야 하나요?','제네시스 커넥티드 서비스와 디지털 키 서비스 정책에 의하여, MY GENESIS 앱을 사용하기 위해서는 고객님 소유의 휴대폰 본인인증을 필수로 진행해 주셔야 합니다. 그렇기 때문에, MY GENESIS 앱을 이용할 때 본인 명의의 휴대폰을 사용해 주시기 바랍니다.'),(3,'[카페이] 멤버십은 어떻게 등록하고 포인트를 사용/적립할 수 있나요?','제네시스 카페이에 멤버십을 등록하고 사용처별 멤버십 포인트를 설정하시면, 결제 시 멤버십을 사용/적립하실 수 있습니다.[멤버십 등록 및 사용 방법]1. MY GENESIS APP → 메뉴 → 제네시스 카페이 선택2. 결제수단 → 멤버십에서 \'+\' 버튼 선택 후 등록3. 결제수단 메뉴 하단 \'포인트 사용 설정\'에서 사용처별 적립/사용할 포인트 설정 4. 결제 시 차량 내비게이션에서 설정한 포인트 확인되며, 사용 희망 시 체크박스 선택 ※ 포인트 사용 설정까지 완료하셔야 결제 시 내비게이션 화면에서 멤버십 포인트를 확인하실 수 있습니다.※ 멤버십은 지원 가능한 제휴 가맹점에서만 사용하실 수 있습니다.'),(3,'[카페이] 법인 명의 차량도 가입 가능하나요?','네, 가능합니다. 제네시스 커넥티드 서비스에 이메일 로그인 후 법인/리스/렌트 차 등록을 완료하시면, 제네시스 카페이에서 해당 차량을 확인 및 이용하실 수 있습니다.'),(3,'[카페이] 타인 명의 차량으로도 제네시스 카페이를 이용할 수 있나요?','네, 차량 소유주가 아니더라도 제네시스 커넥티드 서비스를 통해 차량 소유자에게 차량을 공유 받고, 운전자 (Driver) 계정까지 연동하신 경우 해당 차량으로 제네시스 카페이 이용이 가능하십니다.'),(3,'[카페이] 차량 리스트에서 차량을 삭제하고 싶습니다. 어떻게 해야 하나요?','제네시스 카페이는 제네시스 커넥티드 서비스에 가입된 차량을 자동으로 불러옵니다. 차량 삭제는 해당 차량을 제네시스 커넥티드 서비스에서 탈퇴하시면 가능합니다.'),(3,'[카페이] 차량이 외부 해제 상태인데, 해당 차량을 어떻게 다시 이용할 수 있나요?','차량 매각/양도 등으로 외부 해제가 된 경우에는 다시 이용하실 수 없습니다.'),(3,'[카페이] 매장에서 주차요금 종이 할인권을 받았습니다. 종이 할인권은 어떻게 사용하나요?','매장에서 차량번호를 통해 전산으로 할인을 해주는 경우, 자동으로 할인금액이 반영됩니다. 다만, 종이 할인권을 받으신 경우 아래와 같이 진행하시면 할인을 받으실 수 있습니다.[종이 할인권 사용방법]1. 차량 내비게이션에서 결제 비밀번호 입력 화면 진입2. \'종이 할인권\' 체크박스 선택3. 결제 비밀번호 입력4. 할인 전 금액으로 결제5. 출차 시 종이 할인권 제출6. 종이 할인권 금액만큼 카드 부분 취소※ 종이 할인권 부분 취소 환불은 카드사 영업일 기준 2~3일 뒤 진행됩니다. 자세한 내용은 해당 카드사에 문의 부탁드립니다.'),(3,'[카페이] 결제 비밀번호 등록은 어떻게 하나요?','결제 카드 등록 시 결제 비밀번호를 설정하실 수 있습니다.※ 결제 비밀번호는 카드사별 설정하실 수 있으며 카드사가 수집, 관리합니다. 결제 비밀번호 관련 문의는 해당 카드사 고객센터로 연락해주세요.'),(3,'[카페이] 결제 비밀번호는 언제 사용하나요?','결제 비밀번호는 카드사별로 설정 가능하며, 제네시스 카페이 결제 시 내비게이션에 결제 비밀번호 6자리를 입력하셔야 결제가 이루어집니다.'),(3,'[카페이] 제네시스 카페이 주차장 결제 시, 다자녀 할인이나 장애인 할인 등을 받을 수 있나요?','네, 할인 가능합니다. 할인 혜택을 받기 위해서는 주차 제휴사인 파킹클라우드가 운영하는 아이파킹 멤버십에 가입하고 감면 조건 인증을 받아야 합니다. 인증 및 등록 절차가 완료되면 자동으로 할인 혜택을 받을 수 있습니다.[주차요금 감면 조건 등록 방법]1. 아이파킹(iParking) 어플리케이션 실행2. 메뉴 → 내 정보 → 감면 조건 관리 → + 버튼 → 감면 조건 선택 후 등록 진행※ 감면 조건: 경차, 승용차 요일제(수도권), 저공해 차량, 다둥이행복카드(2자녀), 다둥이행복카드(3자녀), 장애인, 국가유공자, 5.18민주유공자, 성실납세자'),(3,'[카페이] 주차요금을 제네시스 카페이로 정산한 뒤에, 바로 출차하지 않아 추가요금이 발생하면 추가요금은 어떻게 결제해야 하나요?','제네시스 카페이로 정산 완료 후 발생한 요금에 대해서는, 출차 시점에 정산소에서 별도 정산을 하셔야 합니다.'),(3,'[카페이] 주차요금이 0원 상황에서 시동을 켜거나 제네시스 카페이 결제를 요청하면 어떻게 되나요?','주차비용이 없는 경우에는 제네시스 카페이 서비스가 활성화되지 않습니다.'),(3,'[카페이] 결제 완료 후에도 멤버십 포인트를 사용하거나 주차권 할인을 받을 수 있나요?','결제 완료 뒤에는 포인트 사용, 적립 및 할인권을 사용하실 수 없습니다. 결제를 취소하고 다시 결제해주세요. 결제 비밀번호를 입력하기 전에 포인트 및 할인 항목을 선택하셔야 포인트 사용 및 할인을 받으실 수 있습니다.'),(3,'[카페이] 제네시스 카페이 결제 한도는 어떻게 되나요?','고객님께서 등록하신 카드에 설정해놓으신 한도와 동일합니다.'),(3,'[카페이] 제네시스 카페이로 결제한 내역을 어디서 확인할 수 있나요?','MY GENESIS APP → 메뉴 → 제네시스 카페이 → 더보기 → 사용내역 선택에서 결제 이력을 확인하실 수 있습니다.'),(3,'[카페이] 제네시스 카페이로 결제했는데 취소하고 싶습니다. 어떻게 해야 하나요?','제네시스 카페이 사용내역의 바코드를 제출하여 결제 취소를 할 수 있습니다. [결제 취소 방법]1. MY GENESIS APP → 메뉴 → 제네시스 카페이 → 더보기 → 사용내역 선택2. 취소할 사용내역 선택3. 바코드 점원에게 제출'),(3,'[카페이] 제네시스 카페이는 어디서 사용할 수 있나요?','제휴된 주유소와 주차장에서 이용하실 수 있습니다. 가맹점 확인은 차량 내비게이션 및 MY GENESIS APP에서 가능합니다.'),(3,'[카페이] 내비게이션에서도 서비스 가맹점을 확인할 수 있나요?','네, 제네시스 카페이 지원 차종의 내비게이션 HOME 화면에서 [G-CARPAY] 메뉴를 선택하시면, 현재 차량 위치 주변의 가맹점을 확인하고 목적지로 설정하실 수 있습니다.'),(3,'[카페이] 제휴 가맹점은 앞으로 늘어날 계획이 있나요?','향후 지속적으로 확대할 계획입니다.'),(3,'[카페이] 제휴 주유소에 도착하기 전에 미리 결제할 수 있나요?','차량이 해당 가맹점에 도착하신 후 서비스를 이용하실 수 있습니다. 특정 범위 밖에서 가맹점을 선택하실 경우, 내비게이션 팝업을 통해 가맹점 도착 후 서비스를 이용하시도록 안내하고 있습니다.'),(3,'[카페이] 차량 소유주가 아닌 사람도 제네시스 카페이를 가입할 수 있나요?','네, 차량 소유주가 아니더라도 제네시스 커넥티드 서비스를 통해 차량 소유자(정회원)에게 차량 공유를 받으신 경우, 해당 차량으로 제네시스 카페이 가입이 가능합니다.'),(3,'[카페이] 제네시스 카페이 가입 가능한 차종이 어떻게 되나요?','Electrified GV70, G90 (2022년 출시 모델), G90, GV80, GV80 COUPE, GV70, GV60, The All-new G80, 2019 G80 (고급형 5세대 내비게이션), The new G70 (표준형 5W세대 내비게이션)※ 차종 지속 확대 예정입니다.'),(3,'[카페이] 차량 매각 시 자동으로 서비스가 해지되나요?','아니요, 차량 매각 시 자동으로 서비스가 해지되지 않습니다. 더 이상 차량을 사용하지 않으실 경우, 제네시스 커넥티드 서비스에서 해당 차량 서비스 탈퇴를 진행해주십시오.'),(3,'[카페이] 멤버십은 어떻게 삭제하나요?','제네시스 카페이를 통해 발급된 멤버십 카드는 아래의 방법으로 삭제하실 수 있습니다.[멤버십 삭제 방법]1. MY GENESIS APP → 메뉴 → 제네시스 카페이 선택2. 결제수단 →  멤버십 → 삭제할 멤버십 선택 후 하단 \'연동 해제\' 선택※ 멤버십 회원 탈퇴는 해당 멤버십 고객센터를 통해 진행하세요.'),(3,'[카페이] 멤버십 포인트 잔액은 어떻게 확인하나요?','MY GENESIS APP → 메뉴 → 제네시스 카페이 → 결제수단 메뉴에서 멤버십 잔여 포인트 확인 가능합니다.(메뉴로 진입하실 때마다 잔여 포인트가 갱신됩니다.)'),(3,'[카페이] 분실 신고로 카드가 정지되면 제네시스 카페이에서도 카드가 정지되나요?','제네시스 카페이에 등록한 카드를 정지하실 경우, 등록된 카드도 실물 카드와 동일하게 정지됩니다.'),(3,'[카페이] 실물 카드를 재발급 받으면 카드를 재등록해야 하나요?','네, 기존 등록된 카드는 사용하실 수 없습니다. 기존 카드는 삭제하시고 신규 발급한 카드를 등록 후 사용해주세요.'),(3,'[카페이] 차량 분실/도난 시 타인이 제네시스 카페이를 사용할 수 있나요?','제네시스 카페이를 사용하기 위해서는 고객님이 선택하신 \'결제 차량\'에서 사전에 등록하신 \'결제 비밀번호\' 입력이 이루어져야 하기 때문에 타인이 제네시스 카페이를 사용할 수 없습니다. (또한, 차량에서 타인이 결제 비밀번호를 3회 이상 오입력 시 해당 카드사의 모든 카드가 삭제됩니다.)추가적으로 차량 분실/도난으로 타인의 제네시스 카페이 부정 사용을 방지하기 위해 아래와 같은 조치를 취하실 수 있습니다.아래의 방법 중 하나로 결제 차량을 해제하여 해당 차량에서 제네시스 카페이를 이용하지 못하도록 할 수 있습니다.1. MY GENESIS APP → 메뉴 → 제네시스 카페이 → 차량관리 메뉴에서 분실/도난된 차량을 결제 차량에서 선택 해제2. 제네시스 고객센터(080-700-6000) 연락 후 차량 외부 해제 요청'),(3,'[카페이] 결제 비밀번호를 3회 이상 틀리면 어떻게 되나요?','결제 비밀번호를 연속 3회 이상 잘못 입력하시면, 보안을 위해 고객님께서 제네시스 카페이에 등록하신 해당 카드사의 모든 카드가 삭제됩니다.'),(3,'[카페이] 차량번호를 변경해도 서비스를 계속 사용할 수 있나요?','차량번호를 변경하신 경우, 제네시스 카페이에서 아래와 같이 차량번호 변경 후 이용해주세요.[차량번호 변경 방법]1. MY GENESIS APP → 메뉴 → 제네시스 카페이 → 차량관리 선택2. 차량번호를 변경할 차량 선택3. \'자동차등록번호\' 오른쪽에 연필 아이콘을 선택하여 차량번호 변경 진행'),(3,'[카페이] 서비스 요금은 어떻게 되나요?','제네시스 카페이는 무료 서비스입니다. 그러나 제네시스 카페이를 가입하시려면 제네시스 커넥티드 서비스에 먼저 가입하셔야 하는데, 해당 서비스는 고객님의 차량 상태와 가입하신 요금제에 따라 유료일 수 있습니다.'),(3,'[카페이] 제네시스 카페이에 카드 등록 시, 카드 연회비가 추가로 발생하나요?','제네시스 카페이에 카드를 등록하시더라도 추가 카드 연회비는 발생하지 않습니다.'),(3,'[카페이] 서비스 탈퇴는 어떻게 할 수 있나요?','제네시스 카페이 → 더보기 → 설정 메뉴에서 탈퇴하실 수 있습니다. 서비스 해지 시 결제 이력과 등록하신 모든 정보가 삭제됩니다.'),(3,'[카페이] 제네시스 카페이 가입은 어떻게 할 수 있나요? 방법을 알고 싶습니다.','MY GENESIS APP에서 제네시스 카페이 가입 후 이용하실 수 있습니다. [제네시스 카페이 가입 방법]1. MY GENESIS APP 실행2. 로그인3. 제네시스 커넥티드 서비스 가입4. 제네시스 카페이 가입※ 차량을 구매하지 않으셨더라도, 제네시스 커넥티드 서비스에서 차량 소유자(정회원)에게 차량을 공유 받으시면 제네시스 카페이를 사용하실 수 있습니다.'),(3,'[카페이] 왜 제네시스 커넥티드 서비스에 꼭 가입해야 제네시스 카페이에 가입할 수 있나요?','제네시스 카페이를 이용하기 위해서는 차량에 통신망이 개통되어 있어야 합니다. 제네시스 커넥티드 서비스에 가입된 차량이 없을 경우, 제네시스 카페이를 사용할 수 있는 개통된 차량이 없기 때문에 가입하실 수 없습니다.'),(3,'[카페이] 결제 카드 등록은 어떻게 할 수 있나요?','MY GENESIS APP → 메뉴 → 제네시스 카페이에서 제휴 신용/체크 카드를 최대 5장까지 등록하실 수 있습니다.※ 본인 명의의 카드만 등록할 수 있습니다.'),(3,'[카페이] 법인카드도 등록할 수 있나요?','기명식 법인카드만 등록하실 수 있습니다. 카드사별 등록 가능한 카드 유형은 홈페이지의 제네시스 카페이 메뉴 하단 자료실에서 자세한 내용을 확인하실 수 있습니다.'),(3,'[카페이] 카드는 최대 몇 개까지 등록할 수 있나요?','최대 5개까지 등록 가능합니다.'),(3,'[카페이] 타인 명의 신용/체크 카드도 등록할 수 있나요?','본인 명의 신용/체크 카드만 등록 가능합니다. 타인 명의의 카드는 등록할 수 없습니다.'),(3,'[카페이] 제네시스 카페이를 이용할 차량은 어떻게 등록하나요?','제네시스 커넥티드 서비스 가입 후 제네시스 카페이에서 결제차량으로 선택해주세요. 결제 차량으로 선택한 차량에서만 제네시스 카페이 결제가 가능합니다.[결제 차량 선택 방법]1. MY GENESIS APP → 메뉴 → 제네시스 카페이 → 차량관리 → \'결제차량 선택\' 버튼 선택2. 차량 등록정보 입력※ 결제 차량으로 선택된 차량이 있을 경우, 기존 선택된 차량은 선택 해지됩니다.※ 결제 차량은 최대 1대만 선택하실 수 있습니다.'),(3,'[카페이] 차량 매각/양도 시에도 서비스를 계속 이용할 수 있나요?','제네시스 카페이는 차량 내비게이션을 통해 결제할 수 있는 간편결제 서비스입니다. 때문에 차량을 매각/양도하신 경우, 해당 차량으로 서비스를 이용하실 수 없습니다. 매각/양도 시 제네시스 커넥티드 서비스에서 해당 차량을 해지하십시오.'),(3,'[제네시스 커넥티드 서비스] [스마트워치] 스마트폰의 Android Wear앱에서 LG Watch Style 연결 시도시 “연결 시도 중…”이라는 문구가 나오며 연결이 되지 않습니다.','① 장소 이동 : 주변 전파 환경이 원활하지 않은 경우 장소를 옮겨 보세요.② 스마트워치 재시작 : 설정 ▶ 시스템 ▶ 아래로 스크롤 하시고 ‘다시 시작’을 선택해 보세요.③ 스마트워치 초기화 : 설정 ▶ 시스템 ▶ ‘연결 해제 및 시계 초기화’ 선택 ▶ 완료 ▶ 스마트폰과 스마트워치 사이의 연결 설정을 다시 진행해 주세요.'),(3,'[제네시스 커넥티드 서비스] [단말기] 단말기 전화번호는 어디서 확인하나요?','내비게이션 홈화면에서 [전체 메뉴] 선택 ▶ [Connected Services] 선택 ▶ [커넥티드 설정] 선택 ▶ [모뎀 정보] 선택 후 ‘전화번호’에서 확인하실 수 있습니다.※ 차종에 따라 접속 경로가 다를 수 있습니다. 자세한 사항은 차량의 매뉴얼을 참고하시기 바랍니다.'),(3,'[제네시스 커넥티드 서비스] [스마트워치] ‘커넥티드 서비스 스마트폰 앱과의 연결이 해제되었습니다’라는 문구가 나오며 스마트워치 어플리케이션이 실행되지 않습니다.','① 스마트워치 어플리케이션 재실행 : 제네시스 커넥티드 서비스 스마트폰 어플리케이션을 다시 실행해 주세요.② 스마트워치 어플리케이션을 재실행해도 해결되지 않는 경우 : 스마트폰에서 Android Wear 어플리케이션을 실행하여 연결상태를 체크해 주세요.※ ‘연결 시도 중…’이라는 문구가 나오는 경우- 장소 이동 : 주변 전파 환경이 원활치 않은 경우 장소를 옮겨 보세요.- 스마트워치 재시작 : 설정 ▶ 시스템 ▶ 아래로 스크롤 하시고 ‘다시 시작’을 선택해 보세요.- 스마트워치 초기화 : 설정 ▶ 시스템 ▶ ‘연결 해제 및 시계 초기화’ 선택 ▶ 완료 ▶ 스마트폰과 스마트워치 사이의 연결 설정을 다시 진행해 주세요.'),(3,'[제네시스 커넥티드 서비스] [안전보안] 자동차전용도로(올림픽도로, 강변북로 등)에서 휘발유가 떨어진 경우에도 긴급 주유 서비스가 제공되나요?','고속도로 및 자동차 전용도로에서 배터리충전, 타이어교체, 긴급주유, 문잠김해제 서비스 등을 요청하신 경우에는 안전을 위해 현장 조치가 아닌 긴급 견인 서비스가 제공 됩니다.'),(3,'[제네시스 커넥티드 서비스] [안전보안] 긴급 견인 출동 요원이 견인을 하면서 특수 장비가 필요한 경우 추가 비용이 드나요?','도로를 이탈하거나 장애물 등으로 인해 자력 주행이 불가능하여 구난을 필요로 할 경우 긴급구난 서비스가 제공됩니다. 그러나 이 경우 별도의 구난장비 없이 견인차(렉카)로 구난이 가능한 경우에 한하며, 별도의 구난장비가 필요하거나 작업 난이도에 따라 추가비용을 지급하여야 합니다. 또한 구난작업 30분 초과시(현장도착에서 완료까지의 시간) 별도의 비용을 부담 하여야 합니다.'),(3,'[제네시스 커넥티드 서비스] [안전보안] 도난 추적 서비스 요청을 했는데, 추적이 불가능한 경우가 있나요?','도난 추적 서비스는 차량의 전류 공급 안정성을 위해 시동이 꺼진 후 96시간 까지만 제공이 가능합니다. 따라서 시동이 꺼진 후 96시간 이상 경과하여 도난 차량의 재시동이 되지 않은 경우에는 차량의 위치추적이 불가능할 수 있습니다. 또한 배터리방전 및 통신이 어려운 음영지역 차량이 위치한 경우 추적이 어려울 수 있습니다.'),(3,'[제네시스 커넥티드 서비스] [원격제어] 제네시스 커넥티드 서비스 어플리케이션 인증 비밀번호 변경은 어떻게 하나요?','제네시스 고객센터 또는 제네시스 홈페이지의 ‘비밀번호 변경’을 통해 변경이 가능합니다.※ 제네시스 고객센터- 전화 : 080-700-6000- 업무시간 : 평일 08:30 ~ 18:00 (토/일요일 및 공휴일 휴무)'),(3,'[제네시스 커넥티드 서비스] [원격제어] 원격 공조 제어 서비스 이용 시 시동만 켤 수는 없나요?','원격시동/공조 기능은 공조를 미리 제어 하기 위해 시동이 함께 필요한 서비스이므로 분리해서 사용이 불가능합니다.'),(3,'[제네시스 커넥티드 서비스] 제네시스 커넥티드 서비스 유료 요금제가 어떻게 되나요?','제네시스 커넥티드 서비스 자세한 요금제 안내는 아래 페이지를 참고해주세요.제네시스 커넥티드 서비스 요금제 안내 바로가기'),(3,'[제네시스 커넥티드 서비스] 제네시스 커넥티드 서비스 보증기간이 어떻게 되나요?','제네시스 커넥티드 서비스 단말기의 보증기간은 구입하신 차량의 일반부품 보증기간에 따릅니다.'),(3,'[제네시스 커넥티드 서비스] 제네시스 커넥티드 서비스 이용 시 오류가 발생합니다.','제네시스 고객센터로 문의 주시면 신속하게 지원해 드리겠습니다.※ 제네시스 고객센터- 전화 : 080-700-6000- 서비스 가입/해지/변경 등 (긴급출동, 안전 보안 서비스는 365일 24시간 제공)- 업무시간 : 평일 08:30 ~ 18:00 (주말/공휴일 휴무)'),(3,'[제네시스 커넥티드 서비스] 원격 공조 제어 서비스를 사용했는데 계속 비상등이 켜져 깜박입니다.','원격 공조 제어 서비스 이용 시 비상등이 함께 켜지는 것은 정상적인 현상입니다.스마트키로 차량의 문을 여닫으실 때 비상등이 깜빡이는 것과 동일합니다.또한 도로 안전상의 이유로 시동이 켜져 있다는 것을 외부에서도 확인할 수 있도록 시동과 비상등이 함께 작동됩니다.'),(3,'[제네시스 커넥티드 서비스] GPS 수신이 안됩니다.','시동을 켠 후 수 분 동안 GPS가 인식되는 시간이 필요합니다. 혹은 GPS위성에서 발송하는 전파의 특성상 고가 밑, 지하차도, 도심 건물 밀집지역 등 GPS 수신 안테나가 가려지는 경우 수신 불량 상태가 발생 할 수 있습니다. 이 경우 장애물이 없는 위치로 차량을 이동하시면 GPS 수신 기능이 정상적으로 작동하게 됩니다. 만약 개방된 지역에서도 위성수신 상태가 불량하면 A/S를 통해 GPS 수신 장치의 정비를 받으시기 바랍니다.'),(3,'[제네시스 커넥티드 서비스] 주행 중에 시스템 조작이 안됩니다.','고객님의 안전한 운행을 위해 주행 중에는 단말기 조작을 제한하고 있으며, 기어가 P단일 경우만 조작이 가능합니다. 시스템 조작을 통해 서비스를 이용하시려면 차량을 잠시 정차해 주세요. 단, 조작이 간단한 일부 서비스는 주행 중에도 사용이 가능합니다.'),(3,'[제네시스 커넥티드 서비스] 서비스 이용 중 가입 정보 변경이 필요할 때는 어떻게 하나요?','제네시스 커넥티드 서비스 센터를 통해 가입 정보를 변경하실 수 있습니다.※ 제네시스 커넥티드 서비스 고객센터- 전화 : 1899-5100- 업무시간 : 평일 09:00 ~ 18:00 (토/일요일 및 공휴일 휴무)'),(3,'[제네시스 커넥티드 서비스] 리스차량으로 제네시스 커넥티드 서비스를 이용하다가 차량을 반납할 때는 어떻게 해야하나요?','리스차량을 반납하실 때에는 이용하시던 제네시스 커넥티드 서비스를 반드시 해지하셔야 합니다. 차량을 반납하시면서 서비스를 해지하지 않으시면 계속 요금이 부과됩니다.'),(3,'[제네시스 커넥티드 서비스] 제네시스 커넥티드 서비스를 이용하다가 차량을 매각하거나 타인에게 양도한 경우에는 어떻게 해야 하나요?','차량을 매각하거나 타인에게 양도하신 경우에는 이용하시던 제네시스 커넥티드 서비스를 반드시 해지하셔야 합니다. 차량을 매각하시면서 서비스를 해지하지 않으시면 계속 요금이 부과됩니다.'),(3,'[제네시스 커넥티드 서비스] 제네시스 커넥티드 서비스를 해지하고 싶습니다.','제네시스 커넥티드 서비스 해지는 아래 모바일 페이지 또는 제네시스 고객센터에서 가능합니다.해지 모바일 페이지 바로가기※ 제네시스 고객센터- 전화 : 080-700-6000- 서비스 가입/해지/변경 등 (긴급출동, 안전 보안 서비스는 365일 24시간 제공)- 업무시간 : 평일 08:30 ~ 18:00 (주말/공휴일 휴무)'),(3,'[제네시스 커넥티드 서비스] 제네시스 커넥티드 서비스는 어떻게 가입하나요?','제네시스 커넥티드 서비스는 제네시스 커넥티드 서비스 앱 또는 내비게이션(내비게이션 가입은 출고 후 1년 이내 최초 개통 시)으로 가입하실 수 있습니다. 자세한 가입 안내는 아래 페이지를 참고해주세요.제네시스 커넥티드 서비스 가입 안내 바로가기'),(3,'[제네시스 커넥티드 서비스] [스마트워치] 스마트폰과 스마트워치가 연결 되었는데 스마트워치 메뉴에 제네시스 커넥티드 서비스 어플리케이션이 보이지 않습니다.','스마트워치에서 어플리케이션을 다운로드 하셔야 합니다.스마트워치 ▶ Play스토어 ▶ 아래로 스크롤 하시고 ‘휴대전화의 앱’ 중에서 ‘커넥티드 서비스’를 다운로드 해주세요.'),(3,'[제네시스 커넥티드 서비스] 중고차를 구입했는데 제네시스 커넥티드 서비스에 가입할 수 있나요?','중고차 구매 후 제네시스 커넥티드 서비스 가입 시 유료로 이용 또는 무료 기간 승계가 가능하신 경우 무료 기간이 제공됩니다. 제네시스 커넥티드 서비스 요금제에 따라 무료 기간 승계 가능여부가 다르므로, 자세한 차종별 요금제안내는 아래 페이지를 참고해주세요.제네시스 커넥티드 서비스 차종별 요금제 안내 바로가기중고차 구매 시 제네시스 커넥티드 서비스 앱으로 가입하실 수 있습니다. 자세한 가입 안내는 아래 페이지를 참고해주세요.제네시스 커넥티드 서비스 가입 안내 바로가기'),(3,'[제네시스 커넥티드 서비스] 차량 계약자와 실 사용자가 다를 경우 실 사용자 명의로 제네시스 커넥티드 서비스를 가입할 수 있나요?','본인 명의 차량이 아닌 경우 제네시스 커넥티드 서비스 앱으로 가입하실 수 있습니다. 차량 계약자가 아닌 실 사용자 명의로 제네시스 커넥티드 서비스 가입을 희망하실 경우 실 사용자 명의로 제네시스 커넥티드 서비스 앱에 로그인하여 가입 진행해주세요. 자세한 가입 안내는 아래 페이지를 참고해주세요.제네시스 커넥티드 서비스 가입 안내 바로가기'),(3,'[제네시스 커넥티드 서비스] 법인/리스/렌트 차량도 제네시스 커넥티드 서비스를 가입할 수 있나요?','제네시스 커넥티드 서비스는 제네시스 커넥티드 서비스 앱 또는 내비게이션(내비게이션 가입은 출고 후 1년 이내 최초 개통 시)으로 가입하실 수 있습니다. 자세한 가입 안내는 아래 페이지를 참고해주세요.제네시스 커넥티드 서비스 가입 안내 바로가기'),(3,'[제네시스 커넥티드 서비스] 가입자 정보는 어떻게 변경하나요?','제네시스 고객센터를 통해 가입 정보를 변경하실 수 있습니다.※ 제네시스 고객센터- 전화 : 080-700-6000- 서비스 가입/해지/변경 등 (긴급출동, 안전 보안 서비스는 365일 24시간 제공)- 업무시간 : 평일 08:30 ~ 18:00 (주말/공휴일 휴무)'),(3,'[제네시스 커넥티드 서비스] 제네시스 커넥티드 서비스를 가입하면 어떤 서비스가 제공되나요?','제네시스 커넥티드 서비스를 가입하시면 차량 원격제어, 안전보안, 차량관리, 길 안내, 뮤직 스트리밍 서비스를 제공받으실 수 있습니다. 제네시스 커넥티드 서비스 자세한 서비스 안내는 아래 페이지를 참고해주세요.제네시스 커넥티드 서비스 안내 바로가기'),(3,'[제네시스 커넥티드 서비스] [안전보안] SOS 서비스로 긴급출동을 요청했을 경우 제공 받을 수 있는 서비스는 어떤 것이 있나요?','문잠김 해제, 긴급 주유(휘발유 3L, 경유 3L 이내), 예비타이어 교체, 배터리 충전, 견인, 구난 서비스를 제공 받으실 수 있습니다. 단, 일부 서비스는 고객이 요금을 추가로 부담하셔야 합니다. 견인의 경우 10km 까지는 무료로 제공되나 초과시 1km당 2,100원의 요금이 부과됩니다. 구난의 경우, 출동한 견인차로 30분이내의 거리면 무상이며, 30분 초과시는 별도의 요금이 부과 됩니다. 또한 별도의 구난차량이 필요하거나 작업 난이도에 따라 별도의 요금이 부과되며, 발생한 별도 요금은 출동한 업체에 직접 지급하시면 됩니다.'),(3,'[제네시스 커넥티드 서비스] [안전보안] 도난 경보 알림 서비스는 어떻게 이용하나요?','도난 경보 알림 서비스는 차량의 도난 경보가 작동하게 되면 제네시스 고객센터로 신호가 자동으로 접수되어, 고객 휴대폰으로 긴급상황임을 알리는 문자 메시지를 전송해 드리는 서비스입니다. 단, 시동을 끈 후 48시간이 경과되면 도난 경보 알림 서비스가 제공되지 않습니다. 차량을 도난 당했을 경우에는 제네시스 고객센터로 도난 추적 서비스를 요청하시면 됩니다.※ 제네시스 고객센터- 전화 : 080-700-6000- 서비스 가입/해지/변경 등 (긴급출동, 안전 보안 서비스는 365일 24시간 제공)- 업무시간 : 평일 08:30 ~ 18:00 (주말/공휴일 휴무)'),(3,'[제네시스 커넥티드 서비스] [안전보안] 도난 추적 서비스 요청은 어떻게 해야 하나요?','도난추적 서비스는 제네시스 고객센터에 요청하시면 됩니다. 단, 위치 정보 제공을 위해서는 반드시 경찰관서에 도난 신고를 하셔야만 합니다. 사전에 도난 신고가 접수되지 않은 경우에는 고객과 경찰서, 제네시스 고객센터 3자간 통화를 통해 고객님이 직접 도난 신고를 하실 수 있도록 도와 드립니다.※ 제네시스 고객센터- 전화 : 080-700-6000- 서비스 가입/해지/변경 등 (긴급출동, 안전 보안 서비스는 365일 24시간 제공)- 업무시간 : 평일 08:30 ~ 18:00 (주말/공휴일 휴무)'),(3,'[제네시스 커넥티드 서비스] 차량진단 서비스는 어떻게 이용하나요?','차량진단 서비스는 차량의 계기판에 엔진/미션, ABS/EPS 관련 경고등이 점등된 경우 [차량진단] 버튼을 선택하시면 됩니다. 차량진단 관리 서비스 이용시 제네시스 커넥티드 서비스 고객센터 상담원과 연결되어 상담원을 통해 진단 결과를 안내 받고 견인 및 정비소 안내 등 후속 조치를 지원 받으실 수 있습니다.'),(3,'[제네시스 커넥티드 서비스] 월간 리포트가 무엇인가요?','고객님의 차량 상태를 정기적으로 점검하고 이에 대한 결과를 매월 정기적인 날짜에 제네시스 커넥티드 서비스 앱 또는 이메일로 안내해드리는 서비스입니다. 수집된 차량 상태와 운전 패턴을 분석하여 차량의 최신 상태를 확인하고, 정기 점검시 고장정보가 발견된 경우 해당 고장 내용과 조치 방안을 안내해 드립니다. 월간리포트 이메일은 제네시스 홈페이지 마이페이지 또는 제네시스 고객센터에서 등록하실 수 있습니다.※ 제네시스 고객센터- 전화 : 080-700-6000- 서비스 가입/해지/변경 등 (긴급출동, 안전 보안 서비스는 365일 24시간 제공)- 업무시간 : 평일 08:30 ~ 18:00 (주말/공휴일 휴무)'),(3,'[제네시스 커넥티드 서비스] 에어백 전개 자동통보 서비스는 어떻게 이용하나요?','에어백 전개 자동통보 서비스는 고객님 차량의 에어백이 전개되면 제네시스 커넥티드 서비스 고객센터로 사고가 자동 접수되어 상담원이 고객님의 차량으로 사고 상황을 알아보기 위해 전화 드립니다. 고객님은 침착하게 사고 상황만 말씀해 주시면 119 및 보험사 등에 출동요청을 해 드리며, 만약 차량 탑승자의 부상 정도가 심해 사고 상황을 설명할 수 없는 경우에는 자동으로 긴급 출동을 요청하게 됩니다.'),(3,'[제네시스 커넥티드 서비스] [앱] 제네시스 커넥티드 서비스 앱은 어떻게 사용하나요?','제네시스 커넥티드 서비스 앱 설치 및 로그인 등 자세한 이용 안내는 아래 페이지를 참고해주세요.제네시스 커넥티드 서비스 앱 이용 안내 바로가기'),(3,'[제네시스 커넥티드 서비스] [앱] 제네시스 커넥티드 서비스 앱에 여러 대의 차량을 등록할 수 있나요?','제네시스 커넥티드 서비스 앱 차량 등록 안내는 아래 페이지를 참고해주세요.제네시스 커넥티드 서비스 앱 차량 등록 안내 바로가기'),(3,'[제네시스 커넥티드 서비스] [앱] 다른 사람에게 제네시스 커넥티드 서비스 가입 차량을 공유할 수 있나요?','제네시스 커넥티드 서비스 앱에서 제네시스 커넥티드 서비스 가입 차량 공유가 가능합니다. 자세한 공유 안내는 아래 페이지를 참고해주세요.제네시스 커넥티드 서비스 앱 차량 공유 안내 바로가기'),(3,'[제네시스 커넥티드 서비스] 사용 중인 제네시스 커넥티드 서비스 요금제가 궁금합니다.','제네시스 커넥티드 서비스  자세한 차종별 요금제 안내는 아래 페이지를 참고해주세요.제네시스 커넥티드 서비스 차종별 요금제 안내 바로가기제네시스 커넥티드 서비스 요금제 안내 바로가기'),(3,'[제네시스 커넥티드 서비스] 요금제 납부 방식을 변경하고 싶습니다.','제네시스 커넥티드 서비스 요금제 납부 방법 조회 및 변경은 아래 모바일 페이지 또는 제네시스 고객센터에서 가능합니다. ※ 법인/리스/렌트 차량은 제네시스 고객센터에서 처리 가능요금제 납부 방법 조회 및 변경 모바일 페이지 바로가기※ 제네시스 고객센터- 전화 : 080-700-6000- 서비스 가입/해지/변경 등 (긴급출동, 안전 보안 서비스는 365일 24시간 제공)- 업무시간 : 평일 08:30 ~ 18:00 (주말/공휴일 휴무)'),(3,'[제네시스 커넥티드 서비스] 요금 미납을 했을 경우 가산금은 몇%인가요?','요금 미납 시 가산금은 당월 청구금액의 2%입니다.'),(3,'[제네시스 커넥티드 서비스] 제네시스 커넥티드 서비스 가입 차량을 매각하면 자동으로 해지되나요?','제네시스 커넥티드 서비스 가입 차량을 매각하신 경우 반드시 제네시스 커넥티드 서비스 서비스를 해지하셔야 합니다. 제네시스 커넥티드 서비스를 해지하지 않으시면 계속 서비스 이용요금이 부과됩니다. 제네시스 커넥티드 서비스 해지는 아래 모바일 페이지 또는 제네시스 고객센터에서 가능합니다.해지 모바일 페이지 바로가기※ 제네시스 고객센터- 전화 : 080-700-6000- 서비스 가입/해지/변경 등 (긴급출동, 안전 보안 서비스는 365일 24시간 제공)- 업무시간 : 평일 08:30 ~ 18:00 (주말/공휴일 휴무)'),(3,'[제네시스 커넥티드 서비스] [디지털 키 2] 디지털 키 2 는 어떻게 등록하나요?','‘제네시스 커넥티드 서비스’ 앱에서 [차량 디지털 키] 메뉴에 들어가셔서 디지털 키를 등록할 수 있습니다.차량 내비게이션에서 최종 등록이 필요하며, 자세한 내용은 아래 페이지를 참고해주세요.디지털 키 등록방법 자세히 보기 >'),(3,'[제네시스 커넥티드 서비스] [디지털 키 2] 디지털 키 2 는 어떻게 공유하나요?','‘제네시스 커넥티드 서비스’ 앱에서 [차량 디지털 키] > [디지털 키 관리] 메뉴에 들어가셔서 디지털 키를 공유할 수 있습니다.스마트폰 제조사에 따라 애플 Wallet / 삼성 Pass 실행하여 제조사 앱에서도 디지털 키를 공유할 수 있습니다.자세한 내용은 아래 페이지를 참고해주세요.디지털 키 공유방법 자세히 보기 >'),(3,'[제네시스 커넥티드 서비스] [디지털 키 2] 친구나 가족이 디지털 키를 공유 받아 사용하기 위해서 무엇이 필요한가요?','디지털 키를 공유 받는 사람은 서비스가 지원되는 스마트폰을 가지고 있어야 합니다.지원 대상 스마트폰 기종은 아래 페이지를 참고해주세요.지원 스마트폰 기종 자세히 보기 >'),(3,'[제네시스 커넥티드 서비스] [디지털 키 2] 사용자는 여러 개의 스마트폰에 디지털 키를 저장할 수 있나요?','디지털 키는 스마트폰 1대에 저장 가능합니다. (아이폰의 경우 애플 워치에 추가 1대 저장 가능)나의 다른 스마트폰에도 디지털 키를 저장하고 싶다면, 디지털 키 공유하기를 통해 사용 가능합니다.단, 공유하려는 스마트폰과 공유 받는 스마트폰이 동일한 애플 Wallet 계정 / 또는 삼성 Pass 계정으로 로그인 되어 있다면 공유가 불가합니다.'),(3,'[제네시스 커넥티드 서비스] [디지털 키 2] 주행 중에도 스마트폰을 무선 충전 패드에 올려두어야 하나요?','디지털 키로 차량의 시동을 켜실 수 있으며, 정상적으로 차량 시동이 켜진 후에는 스마트폰을 충전 패드에 꼭 올려 두실 필요는 없습니다.'),(3,'[제네시스 커넥티드 서비스] [디지털 키 2] 차량을 판매하면 스마트폰에 등록된 디지털 키는 어떻게 되나요?','차량을 판매하실 때 제네시스 커넥티드 서비스를 해지하시면 모든 디지털 키가 자동으로 삭제됩니다.'),(3,'[제네시스 커넥티드 서비스] [디지털 키 2] 통신이 잘 되지 않는 곳에서도 디지털 키를 사용할 수 있나요?','디지털 키가 제대로 등록된 상태라면, 통신이 잘 되지 않는 곳에서도 사용 가능합니다.'),(3,'[제네시스 커넥티드 서비스] [디지털 키 2] 스마트폰 배터리가 부족한 상태에서 디지털 키를 사용할 수 있나요?','스마트폰 배터리가 부족한 상태에서 NFC로 제어가 가능하지만, 지원되는 스마트폰 기종에 따라 차이가 있을 수 있습니다.'),(3,'[제네시스 커넥티드 서비스] [디지털 키 2] NFC 카드 키를 지갑에 넣고 사용할 수 있나요?','금속 물질이 없는 얇은 카드형 지갑에 NFC 카드 키만 있다면 사용할 수 있습니다.다만, 두꺼운 지갑은 도어핸들과 NFC 카드 간 이격 거리가 생길 수 있어 작동하지 않을 수 있습니다.또한 지갑 속에 다른 NFC 통신이 가능한 카드 (예: 신용카드 등) 가 있을 경우 작동하지 않을 수 있습니다.'),(3,'[제네시스 커넥티드 서비스] [디지털 키 2] NFC 카드 키를 스마트폰 케이스에 넣어서 사용할 수 있나요?','일부 스마트폰의 경우 스마트폰과 NFC 카드 키가 접촉해 있으면 통신 간섭으로 인하여 동작하지 않을 수 있습니다.스마트폰과 분리하여 사용하시기 바랍니다.'),(3,'[제네시스 커넥티드 서비스] [디지털 키 2] 차량 도어 잠금 및 해제를 위해서 스마트폰을 차량 도어 손잡이에 얼마나 가까이 가져가야 하나요?','도어와 스마트폰 사이 거리가 약 2cm 내인 경우 도어 잠금 및 해제가 가능합니다.다만 스마트폰 기종에 따라 안테나 위치가 상이할 수 있으므로, 작동하지 않을 경우 스마트폰을 조금 더 가까이 대 주세요.'),(3,'[제네시스 커넥티드 서비스] [디지털 키 2] 디지털 키 2는 특정 스마트폰에서만 사용 가능한가요?','네, 지원 대상 스마트폰 기종은 아래 페이지를 참고해 주세요.지원 스마트폰 기종 자세히 보기 >'),(3,'[빌트인 캠] 빌트인 캠 녹화 영상이 없습니다. 어떻게 해야 하나요?','① 녹화 설정 여부를 확인해 주세요. - 주행 중 상시 / 이벤트, 주차 중 상시 / 이벤트 모두 체크되어 있는지 확인해 주세요.② 프로필별 설정 여부를 확인해 주세요. - 운전자 1, 2, 게스트 모두 빌트인 캠 녹화 설정이 되어 있어야 운전자가 변경되어도 녹화가 유지됩니다. ※ 인포테인먼트 시스템에서 프로필 삭제 및 설정을 초기화할 경우, 빌트인 캠 설정도 초기화되어 다시 설정이 필요합니다.③ (주차 중 녹화가 안되는 경우) 주차 중 녹화 시간 설정값을 확인해 주세요. - 주차 중 녹화 시간은 최대 10시간 or 12시간 설정이 가능합니다. (차종별 상이)④ (주차 중 녹화가 안되는 경우) 보조배터리 충전량을 확인해 주세요.  - 보조배터리 충전량이 충분치 않은 경우, 설정한 주차 중 녹화 시간이 도달하기 전 녹화가 종료될 수 있습니다. ※ 보조배터리 연동한 녹화 가능 시간 확인 방법 : 인포테인먼트 시스템의 빌트인 캠 화면에서 \'빌트인 캠 설정>녹화>주차 중 녹화 시간\'을 선택하면 오른쪽 설명 문구에 현재 배터리로 녹화 가능한 시간을 확인할 수 있습니다. ※ 보조배터리 완충까지는 약 1시간 30분 이상 충분한 주행이 필요합니다. (차종별 상이)      ⑤ 이벤트 감지 민감도 설정값을 확인해 주세요. - 출고 시 민감도는 보통(3단계)으로 설정되어 있습니다. 필요시 민감도를 높여주세요'),(3,'[빌트인 캠] 업데이트할 때 에러가 발생합니다. 어떻게 해야 하나요?','① 다운로드한 파일을 확인해 주세요.      - 다운로드 시 파일명은 변경하지 말아주세요.     - 다운로드 시 파일 열기 또는 압축 해제 하지 마시고, 그대로 USB 메모리에 저장해 주세요.     - 차종을 맞게 선택하셨는지 다시 한번 확인해 주세요. (동일 차종 내 동력 계통별, 연식별 파일 상이)    ② USB 연결 단자를 확인해 주세요.      - 빌트인 캠 전용 단자는 멀티미디어 USB 단자와 다르게 글로브 박스 또는 콘솔 박스 내부에 위치해 있습니다. (차종별 상이)'),(3,'[빌트인 캠] 스마트폰 USB 케이블 연결이 잘 안됩니다. 어떻게 해야 하나요?','① 빌트인 캠 SW 버전을 확인하시고 최신 SW로 업그레이드해 주세요.   - 최신 SW 버전이 아닌 경우, 스마트폰 연결 시 오류가 발생할 수 있습니다.  ※ 최신 SW 여부 확인 방법 : 인포테인먼트 시스템의 빌트인 캠 화면에서 \'빌트인 캠 설정>빌트인 캠 소프트웨어 정보\'를 선택하면 차량에 설치된 SW 정보를 확인할 수 있습니다. 최신 SW 버전 정보는 빌트인 캠 업데이트 홈페이지 공지사항을 확인하십시오. ② USB 케이블을 확인해 주세요.   - 데이터 통신이 가능한 USB 케이블 사용이 필요하며(충전용 케이블 사용 불가) 노후된 케이블 사용 시 연결이 되지 않을 수 있습니다.'),(3,'[빌트인 캠] 이벤트 알림을 설정했는데도 알림 메시지가 오지 않습니다. 어떻게 해야 하나요?','① 이벤트 알림은 민감도 설정값이 3단계 이하인 경우만 제공하고 있습니다.민감도 4단계 이상 설정한 경우에도, 이벤트 알림 여부와 상관없이 녹화 기능은 작동하고 있으니, 걱정 마세요. ※ 민감도 4, 5단계 이벤트 알림 없는 이유 : 이벤트 알림은 주차 후 최대 5회까지 제공되며, 민감도를 높게 설정할 경우 정말 중요한 이벤트 알림을 받을 수 없어 민감도 보통 이하에서만 알림을 제공하고 있습니다.※ 이벤트 알림 설정 방법 : 인포테인먼트 시스템의 빌트인 캠 화면에서 \'빌트인 캠 설정>녹화>주차 중 이벤트 알림\'을 선택하면 커넥티드 서비스 앱을 통해 알림을 받을 수 있습니다. 단, 커넥티드 서비스에 가입 후 앱에서도 알림을 받도록 설정하여야 합니다.② 이벤트 알림은 불필요한 알림이 가지 않도록 차량 잠금(도난경보장치 경계 상태) 후 발생한 이벤트에 대해서만 알림을 보내고 있습니다. 녹화 기능은 작동하고 있으니, 걱정 마세요.'),(3,'[빌트인 캠] 녹화 영상 관리 방법이 궁금합니다.','주행 중 상시 영상은 최대 3시간, 주차 중 상시 영상은 최대 20시간, 주행/주차 중 충격감지 이벤트는 최대 40건, 수동 스위치 녹화는 최대 30건까지 저장 가능합니다.저장 공간 초과 시 가장 이른 녹화 영상부터 자동 삭제되므로, 중요 파일은 보관함[★]에 저장하시거나 사고 직후에도 차량 주행 필요시 \'주행 중 녹화 기능\'을 꺼주세요.※ 주행 중 상시 / 주차 중 상시 / 주행 중 이벤트 / 주차 중 이벤트 영상은 독립적으로 분할 저장됩니다.'),(3,'[빌트인 캠] 빌트인 캠 업데이트를 하지 않으면 영상 녹화가 안 되나요?','업데이트와 영상 녹화는 관련이 없습니다. 다만, 업데이트를 하지 않은 경우 스마트폰 연결 오류 등 일부 기능이 정상적으로 동작하지 않을 수 있으니 꼭 업데이트를 받으시기 바랍니다.'),(3,'[빌트인 캠] USB 메모리 저장 버튼이 활성화가 안됩니다. 어떻게 해야 하나요?','USB 연결 단자를 확인해 주세요. 정상적으로 연결 시 화면 상단에 USB 연결 아이콘이 표시됩니다.빌트인 캠 전용 단자는 멀티미디어 USB단자와 다르게 글로브 박스 또는 콘솔 박스 내부에 위치해 있습니다. (차종별 상이)'),(3,'[무선 소프트웨어 업데이트(OTA)] 무선 소프트웨어 업데이트로 차량 시스템 업데이트 가능하다는 문자와 고객통지문을 받았는데 언제 업데이트를 받을 수 있나요?','무선 소프트웨어 업데이트는 대상 고객에 한하여 순차적으로 소프트웨어가 배포됩니다. 최신 버전으로 소프트웨어를 업데이트하기 위해 차량이 주행하는 동안 무선 통신으로 자동으로 다운로드 하고 업데이트 준비를 합니다. 주행 후 시동을 끄면 업데이트 안내를 받으실 수 있습니다. ※ 참고. 소프트웨어 다운로드는 무선 소프트웨어 업데이트로 빠른 설치를 도와 드리기 위한 사항입니다. 시동을 끄면 팝업창이 뜨고 안내에 따라 ‘시작‘ 버튼을 누르셔야 신규 소프트웨어를 설치하실 수 있습니다. '),(3,'[무선 소프트웨어 업데이트(OTA)] 무선 통신으로 차량에 소프트웨어가 자동으로 다운로드 된다고 들었는데, 다운로드 현황은 어떻게 확인 가능한가요?','무선 소프트웨어 업데이트 진행 사항은 차량 내 인포테인먼트 화면을 통해 확인하실 수 있습니다.※ 확인 경로 :  일반 설정 > 시스템 정보 > 주요 업데이트 내역 > 차량 시스템 업데이트 > SW 버전① 무선 통신을 통해 소프트웨어가 차량에 다운로드 중인 상태② 신규 소프트웨어가 차량에 다운로드 완료 후 설치 준비 상태 '),(3,'[무선 소프트웨어 업데이트(OTA)] 다운로드와 설치 준비가 완료되었는데, 업데이트 안내 팝업이 나타나지 않는다면 차량에 문제가 있는 건가요?','12V 배터리 상태 (충전량, 온도 등) 에 따라 업데이트 안내 팝업이 나타나지 않을 수 있습니다. 차량 내 인포테인먼트 화면을 통해 확인하실 수 있습니다.※ 확인 경로 :  일반 설정 > 시스템 정보 > 주요 업데이트 내역 > 차량 시스템 업데이트 > SW 버전① 12V 배터리 충전량 부족 시 (배터리 충전 후 업데이트 가능)② 12V 배터리 온도가 낮을 경우 (주로 겨울철 발생) '),(3,'[무선 소프트웨어 업데이트(OTA)] 업데이트가 완료되면 업데이트 내용은 어디서 확인 가능한가요?','차량 내 인포테인먼트 화면에서 QR 코드를 확인 가능하며, QR 코드 확인 시 제네시스닷컴 홈페이지 내 공지사항 게시판이 연동되어 업데이트 내용을 확인하실 수 있습니다.※ 확인 경로 :  일반 설정 > 시스템 정보 > 주요 업데이트 내역 > 차량 시스템 업데이트 > SW 버전'),(3,'[무선 소프트웨어 업데이트(OTA)] MY GENESIS App(앱)으로 업데이트 완료 여부를 확인 가능한가요?','MY GENESIS App(앱) 실행 후 아래의 경로를 통해 소프트웨어 최신 버전임을 확인하실 수 있습니다. ※ 경로: MY GENESIS 앱 우측 상단 \'메뉴\' > \'서비스 정보\' > \'버전 정보\' > 차량 시스템 \'최신 버전\' 확인 가능 무선 소프트웨어 업데이트 관련 추가로 궁금한 사항이 있으신 경우 고객센터로 문의 부탁드립니다.[문의] 고객센터 :  080-700-6000상담가능 시간 (평일) :  08:30 ~ 16:00'),(4,'[구매관련] 근저당 설정 해지 방법 및 절차를 알고싶습니다.','자동차 근저당 설정 해지는 할부를 진행한 할부사의 지점을 방문하여 근저당 설정 해지 서류를 받으신 다음에 해당 관청(시청, 구청, 군청)의 차량 등록 사업부의 저당 설정 해지 창구에 제출하시면 됩니다. '),(4,'[구매관련] 저공해 증명서 재발급 철차 및 장소를 알고싶습니다.','저공해 자동차 증명서는 차량 구입을 담당한 전시장을 통해 재 발급이 가능합니다.   차량 구입을 담당한 전시장이 폐점되어 재 발급이 어려운 경우에는 한국지엠 고객센터(☎ 080-3000-5000)로 연락주시기 바랍니다. '),(4,'[구매관련] 재고차 구입 조건시 할인율을 알고싶습니다.','쉐보레 전시장을 통해 자세한 상담 받아주시기 바랍니다.'),(4,'[구매관련] 신차 구입시 출고 예정일 확인 방법을 알고싶습니다.','출고예정일은 고객님께서 선택하신 차종, 옵션, 색상 등에 따라 다소 차이가 있습니다.   차량 구입을 담당한 전시장(카매니저)을 통해 상담 받아주시길 부탁 드립니다. '),(4,'[구매관련] 할부금 중도 상환 방법을 알고싶습니다.','할부금 중도 상환은 가능하며, 중도상환에 따른 수수료가 발생됩니다.  할부금 잔액과 수수료, 납입 방법 관련해서는 이용하시는 할부사를 통해 자세한 상담 받아보시기 바랍니다. '),(4,'[구매관련] 신차 구입시 신용카드 사용과 캐피탈 이용 동시에 가능 여부를 알고싶습니다.','신용카드 결제와 할부사 이용을 중복하여 사용 가능합니다. (계약자 본인 카드만 가능) '),(4,'[구매관련] 신차 구입시 신용카드 복수 사용 여부를 알고싶습니다.','자동차 구입시 신용카드를 이용한 결제는 신용카드 개수에 제한 없이 결제 가능하고, 고객님 신용카드 한도 내에서 희망하시는 금액까지 자유로운 결제가 가능합니다. (자세한 내용은 담당 카매니저에게 문의하시기 바랍니다)  '),(4,'[구매관련] 구입시 계약자와 신용카드 계약자 명의는 어떻게 해야하나요?','여신전문금융법에 의해 결제권자와 소유권자는 동일해야 하며, 신차 구입시 신용카드 결제는 본인명의 카드로만 결제 가능합니다.'),(4,'[구매관련] 신용카드로 차량 구입시 소득공제 여부를 알고싶습니다.','조세특례제한법에 의거 신규로 출고되는 자동차 구입시 신용카드 금액은 소득공제 대상에서 제외됩니다.'),(4,'[구매관련] 할부를 진행하는 캐피탈사를 확인하는 방법은 무엇입니까?','차량 구입을 상담한 전시장에 문의하시기 바랍니다.'),(4,'[구매관련] 신차 구입시 기존 차량 중고 매매는 어떻게 해야하나요?','중고차 처리 부분은 한국지엠에서 공식적으로 처리해드릴 수 있는 업무가 아닙니다. 따라서 고객분이 중고차를 처분하고 신규차를 구입하기를 원하는 경우에는, 우선 고객분께서 중고차업자와 직접 매매계약을 체결하시면 됩니다. 만약 고객분께서 중고차 업자를 모르시는 경우에는, 카매니저에게 중고차 업자를 소개 부탁 하실 수는 있습니다. 이 경우에는 카매니저는 고객관리 차원에서 중고차 업자를 고객분께 소개하고, 고객은 공정하게 중고차 가격을 평가 받을 수 있도록 조언을 받을 수 있을 것입니다. 그러나 어떠한 경우에도 카매니저는 중고차 업자의 소개에 따른 소개비, 알선료 등을 요구해서도 받아서도 안됩니다. 이유는 한국지엠은 신조차만을 판매해야 하며, 중고차 판매는 할 수 없도록 되어 있습니다.'),(4,'[구매관련] 신차 구매시 현급영수증 발급받으려면 어떻게 해야하나요?','조세특례제한법에 의거 신차구입시 사용한 금액은 소득공제 대상에서 제외되며 현금영수증 발급되지 않습니다. '),(4,'[구매관련] 부가세 환급 대상 및 환급 철차는 어떻게 되나요?','차량 구입시 부가가치세를 환급받으려면 부가가치세를 내는 사업자만 적용됩니다   - 대상차종 : 1000cc 이하 차종(스파크, 다마스, 라보)  '),(4,'[구매관련] 환경개선 부담금 면제 대상차량은 무엇입니까?','▶ 크루즈, 올란도, 캡티바 차량중 디젤 해당(유로5 차량) 됩니다. '),(4,'[구매관련] 세금계산서 발급 절차 / 발급장소를 알고싶습니다.','세금계산서는 차량 출고시 지급하면 됩니다.  - 추가 발급이 필요하면 구매 전시장 카매니저에게 문의(재발급으로 발행)하시면 됩니다. '),(4,'[구매관련] 세금관련 내용에 대해 알고싶습니다.','구매가이드 → 구매절차안내 → 세금제도를 참조하시면 됩니다. '),(4,'[구매관련] 직접 출고 받는 방법, 필요 서류, 대리인 가능한지 알고 싶습니다.','직접 출고사무소(인천,군산,창원,천안,왜관)를 방문 가능합니다.   - 본인 방문시 : 신분증 지참하시면 됩니다. - 대리인 방문시 : 신분증 지참 및 구입 전시장에 인적사항 제출하시면 됩니다. '),(4,'[구매관련] 신차 구입시 발생되는 세금의 종류와 비용은 무엇입니까?','○ 자동차 세금은 배기량에 따라서 금액이 책정되며, 신차 구입시 개별소비세, 부가가치세(10%),통합취득세(부가가치세를 제외한 차량가의 7%)가 적용됩니다.  '),(4,'[구매관련] 신차 구입시 할인 받을 수 있는 방법 (오토카드, 로열티, 쉐보레 멤버스 등)은 무엇입니까?','▶ 오토카드   - 쉐보레 삼성카드 및 쉐보레 롯데카드에 적립되어 있는 오토포인트는 차량 구입시 최대 200만 포인트까지 사용 가능합니다. (부모/배우자/자녀 포인트 합산 사용 가능)- 쉐보레 삼성카드 및 쉐보레 롯데카드 선포인트 서비스를 이용하시면 최대 30만원까지 미리 차감한 금액으로 차량 구입이 가능합니다. (단, 스파크, 트랙스 크로스오버, 트레일블레이저에 한하여 선포인트 서비스가 제공됩니다.)   ▶ 재구매 할인 프로그램   - 93년도 이후 신 차 구입 이력이 있는 쉐보레 멤버스 고객의 경우, 내 명의로 2회 구입 시부터 20만원 할인이 되며, 최대 5회 구입 시 50만원까지 할인이 됩니다. - 스파크, 트랙스 크로스오버 구매 시에는 재구매 할인 금액에서 10만원씩 차감됩니다.  * 보다 자세한 사항은 쉐보레 컴플리트 케어 → 쉐보레 멤버스 페이지를 참조하여 주시기 바랍니다. '),(4,'[구매관련] 계약해지시 계약금 환불 규정 및 환불 기간은 어떻게 되나요?','환불의 경우 1~3일정도 소요됩니다.(토/일/법정 공휴일 미포함) '),(4,'[차량관리] 유로5 디젤 엔진 장착 차량 운행 중에 DPF 재생 알림등이 점등됩니다. DPF가 어떤 내용인가요?','크루즈 디젤, 캡티바, 올란도 고객님, 쉐보레 차량을 운행해 주셔서 진심으로 감사 드립니다.   차량을 운행하시다 보면 계기판 상에 DPF 재생 알림등이 점등되거나 깜박거리는 경우가 있습니다. 이는 차량에 문제가 있는 것이 아니오니 안심하시고 시속 60km 이상으로 약 20여분 정속 주행하시면 자동으로 DPF 재생 알림등이 소등됩니다.  해당 운행 정보 참고하시어, 안전 운전 하시기 바랍니다.   DPF 재생 알림등 점등 원리: DPF는 디젤엔진의 배기가스 중 외부로 배출되는 매연을 저감시켜 주는 장치로, DPF에 매연이 과도하게 축적되면 DPF재생을 통해 자기 정화 기능을 수행합니다.   보통 전자제어컴퓨터가 최적의 조건을 판단하여 자동적으로 DPF재생을 수행하나, 자동 재생이 되지 않았을 경우 보다 효율적인 재생을 위해 전자제어컴퓨터가 주행모드를 변경하거나 시동을 끄고 켜는 것을 자제할 것을 요청할 수 있습니다.  이 경우, DPF 재생 알림등이 점등되거나 깜박거리며 운전자에게 알람을 주게 됩니다.   이는 모든 디젤 차량에서 일반적인 현상으로 알려드린 대로 주행모드를 변경하시면 DPF 재생이 이루어지면서 소등이 됩니다. '),(4,'[차량관리] 내비게이션 업그레이드 방법은 무엇입니까?','· 대성엘텍 및 S&T 대우 내비게이션 (크루즈, 말리부, ALL NEW 말리부, 올란도, 캡티바, 임팔라, 카마로SS, 알페온, 윈스톰, 토스카)   내비게이션 업데이트는 www.rousen.com/gm 를 통해 다운로드 받아주시거나, 쉐보레 직영 서비스센터로 방문하여 업데이트를 받아보시기 바랍니다.(고객지원센터☎ 02-838-0777)   차종 및 내비게이션 모델에 따라 CD를 구입하여 업데이트를 하는 방식도 있으니 보다 자세한 사항은 한국지엠 고객 센터(☎ 080-3000-5000)로 문의하시면 상세히 안내 받아보실 수 있습니다. '),(4,'[차량관리] 시동 키가 돌아가지 않을때(핸들잠김) 해결방법은 무엇입니까?','대부분의 경우 이런 현상이 일어나는 원인은 키를 꽂아두지 않은 상태 즉, 시동을 끈 상태에서 핸들을 돌렸을 경우 핸들이 잠기는 현상이 발생합니다.   이는 도난방지를 위한 하나의 방편인데, 이때는 키가 돌아가지 않아서 시동이 걸리지 않습니다.  이때 핸들을 푸는 방법은 왼손으로 핸들의 좌측상 단부를 잡고 시계 반대방향으로 힘껏 당기면서(돌리듯) 오른손으로 키를 돌리면 시동이 걸리면서 핸들이 풀립니다. '),(4,'[차량관리] 정비 예약은 어떻게 해야하나요?','인터넷 정비 예약은 쉐보레 멤버스 고객께 제공되는 서비스입니다.   우선은 쉐보레 멤버스에 가입을 하신 후 쉐보레 홈페이지의 쉐비케어 → 정비서비스 → 서비스센터 찾기 및 예약에서 가능합니다. '),(4,'[차량관리] 차량 정비시 정비 비용 할인 방법은 무엇입니까?','▶ 굿모닝 예약 할인  오전 8:40 ~ 9:30 (입고시간 기준)에 예약하시면 총 수리비의 5%를 할인해 드립니다. (단, 인천/창원정비사업소, 속초바로정비: 오전 8:10 ~ 9:00 까지 할인)   굿모닝 예약 할인은 주중(월~금)에만 적용됩니다. (토/일요일 제외) 쉐보레 오토카드를 소지하신 경우 5% 추가 할인됩니다. (굿모닝 예약 할인에 한함)    ▶ 오토카드 해당카드 제출 시 수리비의 5%를 현장에서 할인해 드립니다.   ▶ 굿모닝예약 & 오토카드 총 수리비의 10% 를 할인해드립니다. '),(4,'[차량관리] 리모콘키 분실 후 일반키로 시동시 경보음 발생 해지 방법은 무엇입니까?','과거에는 리모콘키로 도어를 잠근 후 수동키로 열면 도난 경보음이 작동하였으나, 최근 생산 되는 차량은 일반키를 리모콘키가 감지하여, 수동키로 도어를 열 경우 정상적인 도어 개폐로 인식하기 때문에 경보음이 작동하지 않습니다.  도난 경보 경고음은 리모콘키나 수동키를 사용하지 않고 다른 방법으로 도어, 트렁크, 엔진후드를 열 때 작동 됩니다. 단, 연식이 오래된 차량의 경우, 도난방지장치가 작동 중인 상태에서는 리모콘키를 사용하지 않고 수동키나 비정상적인 방법으로 도어 및 테일게이트를 열 경우 경고음이 작동됩니다.  리모콘키의 잠금 또는 풀림버튼을 누르면 경보음 작동이 멈춥니다. 즉, 리모콘키로 도난 경계에 진입한 경우 리모콘키 이외의 방법으로 도어를 열게 되면 비상등이 점멸하고 사이렌이 울리면서 도난 경보 상태가 됩니다. 기능상 해제는 사이렌이 28초 동안 작동 후 종료되게 됩니다.'),(4,'[차량관리] 모든 자동차 키를 분실한 경우 해결 방안은 무엇입니까?','메인 리모콘키를 비롯 예비 키(보조키)까지 모두 분실을 한 경우라면, 키 박스 전체를 교환하셔야 합니다. 서비스 네트워크까지 차량 운행을 못하는 경우이므로, 견인을 통해서 입고를 하여 키 박스 교체 작업을 해야 합니다. '),(4,'[차량관리] 리모콘 키를 분실한 경우는 어떻게 해야하나요?','순정 리모콘키는 당사 서비스 네트워크를 통해 구입이 가능합니다.   리모콘키 부품을 서비스센터 자재과를 통해서 구입하셔서 새로운 리모콘키와 해당 차량간 코드가 맞도록 셋팅을 하고, 리모콘키의 쇠 부분은 가지고 계신 여분의 키를 이용해 외부에서 복사를 하셔야 합니다. '),(4,'[차량관리] 핸들을 끝까지 돌렸을 때 소리가 나는데 해결방법은 무엇입니까?','예측되는 몇 가지 사항* 조향핸들과 조향핸들축 커버가 간섭* 클럭스프링 불량- 에어백 장착차량의 경우 조향핸들커버 안쪽에 에어백 모듈이 설치되고 이 에어백 모듈에 전기를 공급하기 위한 배선이 스프링 모양으로 감겨있는데, 이를 클럭스프링이라고 합니다. 이 클럭스프링이 조향핸들을 돌리는 과정에서 소음이 발생될 수 있습니다.* 조향핸들축이 회전시 간섭-조향핸들축과 바닥 고무패킹 부위가 간섭될 경우 핸들 조향시 마찰음이 발생됩니다.* 조향핸들 기어박스의 고무패킹 윤활불량-조향핸들 기어박스의 피니언기어축 고무부싱에서 주로 발생되며 피니언기어축이 회전할 때 마찰음이 발생됩니다.* 파워핸들 오일펌프 불량-파워핸들 오일펌프가 불량하거나 오일이 부족할 경우 핸들을 돌릴 때 소음이 발생됩니다.* 파워핸들 오일펌프 벨트 불량-파워 핸들 벨트의 재질이 불량하거나 장력이 약하여 슬립 발생시 소음이 발생됩니다.'),(4,'[차량관리] 하얀색 배기가스가 많이 나오는데 해결방법은 무엇입니까?','일반적으로 날씨가 추우면 배기가스가 흰 색을 띠는 것이 보통입니다만,엑셀을 밟을 때마다 하얀 연기가 뭉실뭉실 나오면 이것은 엔진오일이 타고 있다는 신호일 수 있습니다.또 경우에 따라서는 연료에 불순물이 섞여 있을 경우나, 냉각수 부족으로 엔진이 과열 되었을 때에도 하얀 배기 가스가 나옵니다. 어떤 경우이든 하얀색의 배기가스가 나오면 우선 냉각수 상황과 엔진오일의 적정 여부부터 점검하는 것이 순서입니다.만일 냉각수나 엔진오일이 적정 수준이거나, 아니면 교환한지 얼마 지나지 않았음에도 하연색 배기가스가 나온 상태라면, 피스톤이나 실린더 벽이 마모되어 틈새가 많이 벌어졌거나, 피스톤과 실린더의 작동이 원활하도록 엔진오일 양을 조정하는 피스톤 링이 손상되었거나, 차가 연식이 오래된 경우라면 엔진을 밀봉해 주는 가스켓이 손상된 경우도 원인일 수 있습니다.'),(4,'[차량관리] 엔진체크등이 들어왔는데 어떻게 해야 하나요?','■ 배기가스 자기진단 장치자동차의 배기가스 관련 부품의 고장으로 인해 배기가스가 특정 수준 이상으로 올라가면, 자기진단 장치가 계기판에 있는 엔진정비지시등을 작동시켜 차량 서비스를 받아야 함을 운전자에게 알려줍니다. 이 차량에서 엔진정비지시등은 점등되거나 점멸하도록 설정되어 있습니다. 배기가스 관련 부품에 문제가 없으면 점화 스위치를 켰을 때 이 지시등은 점등되었다가 시동 후 몇 초 있다 꺼집니다. 그러나 이 엔진 정비 지시등이 주행 중에 계속 켜져 있거나 점멸하면 배기가스 관련 부품에 문제가 있을 가능성이 있습니다. 이런 경우에는 다음과 같은 조치가 필요합니다.  ▶ 엔진정비지시등이 점멸할 때심각한 실화(misfire)가 발생할 경우 점멸됩니다. 실화는 배기가스를 증가시키고 심각한 경우, 배기가스 제어 시스템을 손상시킬 수 있습니다. 엔진 정비 지시등이 점멸할 때에는 차량 손상 및 시동 꺼짐을 막기 위해 다음과 같은 조치를 취하십시오.- 속도를 줄이십시오.- 급가속을 피하십시오.- 가파른 언덕 주행을 피하십시오.지시등이 점멸을 멈추고 점등 상태를 유지할 경우에는 \"엔진정비지시등이 점등할 때\"를 참조하십시오.지시등이 계속 점멸되면 차량을 안전한 곳에 주차하십시오.엔진을 끄고 약 10 초 후 다시 엔진 시동을 건 후 잠시 기다리십시오.이때 지시등이 점등되면 \"엔진정비지시등이 점등할 때\"를 참조하십시오.그러나, 지시등이 계속 점멸하면 차량을 가장 가까운 당사 정비망으로 가져가 점검 및 서비스를 받으십시오.▶ 엔진정비지시등이 점등할 때차량의 배기가스 제어 시스템에 문제가 있을 때 점등됩니다.엔진정비지시등이 점등되면 다음과 같은 경우에 해당 되는지 점검한 후 적절한 후속 조치를 취하십시오.최근에 연료를 주입하고 연료 캡이 불확실하게 잠겼을 경우 지시등이 점등될 수 있습니다. 이 경우, 연료 캡을 연 후 다시 닫으십시오. 연료 캡이 완전히 잠겨 있지 않거나 부정확하게 잠겨 있을 때 점검 시스템이 작동됩니다.이 경우, 연료 캡을 제대로 완전히 잠그고 차량을 특정운행 모드(차량 시동 -> 20 분 이상 주행 -> 30 초 이상 정지 -> 엔진 정지)로 2∼3 회 운행하면 지시등이 꺼지고 문제가 해결될 수 있습니다.또한, 차량을 물웅덩이가 있는 구간을 운행을 하였다면 지시등이 점등될 수 있습니다. 이런 상황에서 운행시 차량의 전자 시스템이 젖을 수 있습니다. 이때 점검 시스템이 작동되어 지시등이 점등될 수 있습니다.이 경우, 전자 시스템을 말린 후 차량을 일반 운행 모드로 2∼3 회 운행하면 지시등이 꺼지고 문제가 해결될 수 있습니다.최근 잘못된 연료를 차량에 주유한 경우에도 지시등이 작동할 수 있습니다.잘못된 연료를 사용하면 차량 전체에 문제를 일으켜 지시등이 점등될 수 있습니다.이 경우, 탱크 내의 모든 연료를 올바른 연료로 교체한 후 차량을 일반 운행 모드로 2∼3 회 운행하면 지시등이 꺼지고 문제가 해결될 수 있습니다.현재 상황이 위의 경우에 해당되지 않으면, 차량을 가장 가까운 당사 정비망으로 가져가 점검 및 서비스를 받도록 하십시오.'),(4,'[차량관리] 배터리 방전시 점프 방법은 무엇입니까?','배터리 방전의 경우 (+)극 연결은 방전된 배터리의(+)의 단자에 케이블을 연결하고 정상 배터리의(+)에 다른 한쪽의 케이블을 연결합니다.   (-)극 연결은 정상 배터리의 (-)극을 케이블로 연결하고 방전 차량의 배터리(-)극에 케이블을 연결합니다.   이때 양극 케이블을 먼저 연결하고 나중에 음극 케이블을 연결하십시오. 연결을 완료후 방전 차량의 시동을 겁니다.   시동후 2~3분후 연결 케이블을 분리하며, 분리는 케이블 연결시의 역순으로 합니다. '),(4,'[차량관리] 필터교환후에도 에어컨 작동시 곰팡이 냄새를 제거하는 방법은 무엇입니까?','일반적으로 공기온도 차이에 의한 냄새 발생이 있을 수 있는데, 최초로 작동되는 순간은 미처 차가워지지 않은 미지근한 바람이 나오다가 시간이 조금 지나 에어컨 가스(냉매)가 어느 정도 순환되면 찬 바람이 나오게 됩니다. 이렇게 공기의 온도변화가 심한 기간 중에는 그 온도차이에 의해 발생되는 냄새가 다소 날 수 있습니다.  그리고 에어컨 에바포레이터나 통풍구 안으로 이물질이 유입되는 경우, 주입된 이물질과 습기가 혼합되어 에바포레이터나 통풍구에 점착되면 세균번식 또는 부식에 의한 냄새가 발생됩니다. 따라서 에어컨을 켜고 주행을 하시다가 목적지에 도달하기 약 5분 정도 전에는 에어컨을 미리 꺼주시고, 그냥 송풍상태로 놓아주시면 냄새 발생을 예방할 수 있습니다. '),(4,'[차량관리] 신호 대기나 공회전시 자동변속기 위치는 N과 P 중 어떤 위치로 하는게 좋을까요?','일반적으로 D에서 rpm이 낮은 것은 엔진 출력에 부하가 걸려있기 때문입니다.  부하가 걸려 있으면 그만큼 연료소비가 더 많이 되기 때문에 D상태보다는 N상태에서 연료소비는 더 적다고 볼 수 있습니다.   그러나 신호등이 바뀐 뒤 D상태로 옮기고 갑자기 액셀레이터를 밟으면 연료 소모량이 더 많아지기 때문에 대기시 D상태인지 N상태인지가 연비에 결정적인 영향을 미친다고 보기는 어렵습니다.   짧은 신호대기나 1분 이내의 정차시에는 D상태에 놓고, 그 이상일 경우 N으로 변속하는 것이 연비 향상에도 도움이 되고, 미션에도 무리를 주지 않는 가장 좋은 방법이라 할 수 있습니다. '),(4,'[차량관리] 수동변속기 출발시 몇단에서 하나요?','수동변속기는 1단에서 출발합니다.'),(4,'[차량관리] P에서 기어가 빠지지 않습니다 어떻게 해야하나요?(쉬프트락)','변속기 P위치에서 다른 기어로 변속이 되지 않는다면, 우선 시동을 끈 상태에서 키를 기어박스에 있는 쉬프르록 릴리스 홈에 꽂아 주시고,   키를 꽂은 상태에서 변속레버의 측면 버튼을 눌러 P에서 N 위치로 옮기십시오.   다시 키를 빼서 시동을 걸고 변속레버를 D 위치로 옮겨 운행해주시기 바랍니다.   실 차를 보지 않은 상황이기 때문에 정확한 진단이 어렵습니다만, 셀렉트 레버의 \'p\'포지션 스위치의 이상, 브레이크 스위치의 손상, BTSI 유니트의 고장, BTSI 솔레노이드가 제어되지 않는 경우일 수 있습니다. 번거로우시더라도 가까운 쉐보레 서비스 네트워크로 입고하여 상세한 점검 받아보시기 바랍니다. '),(4,'[차량관리] 침수, 폭설시 차량관리방법은 무엇입니까?','침수된 차량은 절대 시동을 바로 걸어서는 안되며, 24시간 이내 흙탕물 및 이물질을 제거/세척해야 합니다.   또한 직물로 된 시트는 분해하여 고압 분무기로 세척하고, 침수된 모든 부품을 분해하여 깨끗한 물로 세척 후 건조 시킵니다.   차체와 내장재 모두를 분리하여 세척하고 차체 및 건조된 모든 부품과 장치는 방청제를 충분히 도포하여야 합니다.   이때 전기장치 회로를 주의하여야 합니다. 엔진오일 등의 오일류는 모두 교환하며, 모든 부품과 장치를 조립 후 최종 전기 장치를 연결합니다.   폭설시 가능한한 지하주차장에 차량을 보관하시고, 불가능하여 야외 주차를 하실 경우, 차유리에 신문지나 박스를 덮어놓으면 결빙을 막는데 큰 도움이 됩니다. 또한 사이드 브레이크가 얼어 풀리지 않을 수 있으므로 평지에서 사이드 브레이크를 풀어놓는 것이 좋습니다.   또한 차유리에 결빙이 생겼을 경우, 억지로 긁어내지 말고 히터를 켜 녹이는 게 효과적입니다. 키홀더가 얼었을 경우에는 키를 라이터 불로 가열한 뒤 꽂으면 쉽게 열립니다. 폭설시 차량으로 급출발을 하면 바퀴가 헛돌기 쉬우므로 가속페달을 살짝 밟아 완만한 출발을 합니다.   또한 제동시 차량이 미끄러지면서 돌 경우, 브레이크에서 발을 떼야 차가 제방향을 잡으며, 브레이크를 밟기 전에는 기어를 2단이나 1단으로 낮춰 속도를 줄이는 것이 안전합니다. 워셔액과 부동액은 미리 월동용으로 챙기는 것이 중요하며, 눈길을 운행한 뒤에는 도로위에 뿌려진 염화칼슘이 차에 달라붙어 부식을 일으키므로 반드시 차량 하부 세차를 해주는 것이 좋습니다. '),(4,'[차량관리] 내비게이션 업데이트 시 USB 및 SD카드 용량은 어떻게 되나요?','토스카, 윈스톰 뉴클래스 DMB 내비게이션 USB 용량은 8기가입니다.'),(4,'[차량관리] 템포러리 임시 타이어를 적용한 이유는 무엇입니까?','일부 차량의 경우, 템포러리 타입의 스페어 타이어가 적용되어 있습니다.   템포러리 타이어는 펑크가 났을 때 가까운 서비스센터까지 이동하기 위한 임시타이어로, 투박하지만 가벼운 임시 휠을 쓰고, 타이어의 편평비도 작게 바뀌었다는 점이 기존 스페어 타이어와의 다른 점 입니다.   높이는 정상 타이어와 똑같지만 휠사이즈는 1~2인치 정도 작아 정상품이 아닌 것처럼 보일 수 있으나, 기존의 스페어 타이어에 비해 응급상황에서의 조치를 손쉽게 할 수 있으며, 무게의 경량화로 인하여 연비 향상에도 기여하는 장점이 있습니다. '),(4,'[차량관리] 리페어 킷을 적용한 이유는 무엇입니까?','일부 차량의 경우, 차량의 무게를 증가시키는 스페어 타이어를 제거하고, 운전자가 손쉽게 응급처리를 할 수 있는 \"타이어 리페어 킷\"을 적용하였습니다.   타이어 리페어 킷은 기존 스페어 타이어를 대체하는 제품으로, 펑크가 났을 때 액체 봉합제를 컴프레셔를 통해 타이어에 주입하여 손상된 타이어를 임시 수리할 수 있어 편리하며, 현재 해외의 다수 차량이 리페어 킷을 적용하는 추세입니다. '),(4,'[포인트카드] 오토포인트 적립 제한 항목이 있습니까?','쉐보레 롯데 카드전 가맹점 무이자 할부 이용 시 포인트 적립되지 않습니다.지방세(자동차세 포함)납부액에 대해서는 포인트 적립되지 않습니다.오토포인트는 100원 단위는 절사되어 적립됩니다.예)1999원 결제시 999원 절사된 1000원에 대한 포인트(3%) 30원 적립'),(4,'[포인트카드] 오토포인트 사용시 최소한도가 있는지, 최대한도는 어떻게 되는지 알고싶습니다.','오토포인트는 \"일정금액 이상시 오토포인트 사용\"은 없습니다.단, 차량 구입시에는 천포인트 단위로만 사용이 가능하며, 최대 200만 포인트를 사용할 수 있습니다.정비시에는 연 10만 포인트 한도에서 1회 3만 포인트까지만 사용 가능하며, 3만 포인트 이하 포인트 사용에 대하여는 최소 한도는 없습니다.'),(4,'[포인트카드] 오토카드 종류는 무엇입니까?','쉐보레 오토카드는 쉐보레 삼성카드와 쉐보레 롯데카드가 있습니다.쉐보레 삼성카드 종류로는 삼성 오토카드, 쉐보레 삼성 슬림카드가 있으며, 쉐보레 롯데카드 종류로는 쉐보레 오토 롯데카드, 쉐보레 오토 롯데카드(국내전용), 쉐보레 오토 롯데 체크카드가 있습니다.'),(4,'[포인트카드] 오토카드 발급 방법은 무엇입니까?','쉐보레 홈페이지 또는 해당 카드사별 홈페이지에서 신청하시면 됩니다. - 쉐보레 홈페이지 : www.chevrolet.co.kr- 삼성카드 홈페이지 : www.samsungcard.co.kr'),(4,'[포인트카드] 신차 구입시 부부, 형제, 자녀 등 사용 가능한 포인트 범위는 무엇입니까?','쉐보레 자동차 신차 구입 시 부모/배우자/자녀 포인트를 합산하여 최대 200만 포인트까지 사용 가능합니다.'),(4,'[포인트카드] 오토포인트 확인하는 방법은 무엇입니까?','오토포인트는 쉐보레 홈페이지의 쉐비케어 → 마이 쉐보레 → 포인트 조회 또는 고객센터(☎ 080-3000-5000)를 통해 확인 가능합니다. 그리고 해당 카드사를 통해서도 확인 가능합니다.- 삼성카드 : 홈페이지 www.samsungcard.co.kr 고객센터 ☎ 1588-8700- 롯데카드 : 홈페이지 www.lottecard.co.kr 고객센터 ☎ 1577-8500 '),(4,'[포인트카드] 오토포인트 양도가 가능한지 알고싶습니다.','오토포인트는 양도할 수 없습니다.'),(4,'[포인트카드] 오토포인트 기부가 가능한지를 알고싶습니다.','오토포인트는 차량 구입 및 정비시 이용 가능하며, 기부 제도는 없습니다.'),(4,'[포인트카드] 오토포인트 사용 및 오토카드 할인(정비시 5%) 중복 가능한지를 알고싶습니다.','오토포인트 사용 및 오토카드 할인은 중복 적용 가능합니다.쉐보레 오토카드로 수리비 결제 시 5% 현장 할인(지정정비는 공임 5% 할인) 해 드리며, 할인된 금액에서 오토포인트를 사용하시면 됩니다.단, 오토포인트는 정비시 1일 1회 3만, 연 10만 포인트 한도 내에서 사용 가능합니다.'),(4,'[포인트카드] 연체시 포인트 적립 가능 여부를 알고싶습니다.','차량 구매 시 미리 차감된 선포인트 금액은 선포인트 결제일로부터 정해진 상환기간 내에 선포인트서비스 대상카드 이용금액(일시불 및 할부금)의 2~5%에 상응하는 선포인트를 이용하여 상환하게 됩니다. 단, 선포인트 서비스 이용 차량 구매를 위한 카드 결제 금액에 대해서는 500만원까지는 2%(10만원에 해당)의 상환율이 적용되며, 초과금액에 대해서는 해당카드의 기본 포인트가 적립됩니다.가족카드가 선포인트 서비스 대상카드인 경우, 해당 가족카드 이용시에도 동일 기준으로 선포인트 금액이 자동 상환됩니다.선포인트는 선포인트 금액에 상환되는 포인트로 적립형 포인트가 아닙니다.선포인트는 선포인트 서비스 이용 전에 신청에 의해 제공되며, 선포인트의 금액은 1포인트 당 1원으로 환산되어 적용됩니다.'),(4,'[포인트카드] 기존 지엠대우 오토카드는 그대로 사용하면 되나요?','네, 남은 유효기간 동안 그대로 사용하시면 됩니다.새로운 디자인의 쉐보레 오토카드를 원하시거나, 카드 재발급, 사용기간 만료, 신규 발급 시 카드사에 요청하시면 재발급이 가능합니다.'),(4,'[포인트카드] 오토카드는 삼성과 롯데카드만 있나요?','네, 아직까지는 삼성과 롯데카드에서만 쉐보레 오토카드를 만나보실 수 있습니다.'),(4,'[통합계정] 통합계정이란 무엇인가요?','한 개의 계정으로 GM의 모든 브랜드 차량을 관리하고 모든 브랜드의 온라인 서비스를 이용 할 수 있는 통합계정 시스템 입니다. '),(4,'[통합계정] GM 통합계정에는 어떻게 로그인 하나요?','본인의 이메일과 비밀번호 설정 및 본인인증을 통해 GM 통합계정 회원가입을 하실 수 있습니다. 한 번의 회원가입으로 GM의 모든 브랜드 홈페이지 및 앱에서 로그인 하실 수 있습니다. '),(4,'[통합계정] 비밀번호를 잊었을 때는 어떻게 해야 하나요?','홈페이지 및 앱 통합계정 로그인 화면 하단에 비밀번호 찾기 링크를 통하여 재설정 하실 수 있습니다. '),(4,'[통합계정] 내 이메일 혹은 비밀번호를 바꿀 수 있나요?','변경은 홈페이지를 통해 가능하며, 로그인 후 회원정보 페이지 메뉴에서 보안 >> 이메일 변경을 통해 이메일을, 보안 >> 비밀번호 변경 을 통해 비밀번호를 변경 하실 수 있습니다.  안내에 따라 인증 절차를 완료해주세요. '),(4,'[통합계정] 내 계정에서 차량 추가 등록 또는 삭제는 어떻게 하나요?','홈페이지에서 로그인 후 오른쪽에 내 계정 아이콘을 클릭하시면  차량 관리 메뉴에 접속하실 수 있습니다. 안내에 따라 차량을 등록 또는 삭제 하실 수 있습니다. '),(4,'[통합계정] 온스타 서비스를 사용하고 싶습니다. 통합계정이 있어야 하나요?','통합계정에 가입해야 온스타 계정을 생성할 수 있습니다.  통합 계정은 홈페이지 회원가입을 통해 생성 가능합니다. '),(4,'[통합계정] 가입한 이메일을 잊었습니다. 어떻게 찾을 수 있나요?','홈페이지 내 이메일 계정 찾기 링크를 통해 본인 인증을 완료 하시면 기 등록된 이메일을 확인 하실 수 있습니다.  (https://www.chevrolet.co.kr/member/id-check.gm ) '),(4,'[통합계정] 통합계정 탈퇴 (혹은 통합계정 회원 삭제)는 어떻게 하나요?','통합계정 탈퇴 (혹은 통합계정 회원 삭제)는 홈페이지를 통해 요청할 수 있습니다. 고객 아이디로 홈페이지에 로그인한 후 화면 오른편 상단의 계정을 클릭하시면 통합계정 탈퇴 메뉴를 확인하실 수 있습니다. 완료되면 고객님의 이메일을 통해 알림을 보내드립니다. '),(4,'[통합계정]이전 통합 계정 전환 캠페인에 참여하지 않았습니다. 어떻게 로그인 해야 하나요?','통합계정 전환 캠페인에 참여하지 않으셨으면 이전 계정 정보는 모두 삭제 됩니다. 새 이메일로 회원 가입을 진행 해 주세요. 차고에 해당 차량을 등록하시면 이전 정비 이력 및 구매 이력을 확인 하실 수 있습니다. '),(4,'[통합계정] 회원 탈퇴 후 재가입시 동일한 이메일로 가입 가능한가요?','회원 탈퇴(또는 계정 삭제) 후 동일한 이메일로 재가입 가능합니다. '),(4,'[홈페이지 이용] 홈페이지 회원가입 시 본인 인증 방법에 대해서 알고 싶습니다.','고객님의 소중한 개인정보 보호를 위해 NICE신용평가정보의 안심체크 서비스와 아이핀 인증을 통해 본인 인증을 할 수 있습니다.  안심체크 서비스는 NICE신용평가가 보유한 고객정보(생년월일, 성별, 성명, 유선전화 또는 주소)로 본인인증을 제공합니다.  또한, 최초 1회 안심패스를 설정하시면, 추후 간편한 절차로 안전하게 본인 인증을 할 수 있습니다. NICE신용평가정보에서 제공하는 개인정보와 고객님께서 입력하신 정보가 일치하지 않는 경우, 안심체크 서비스로 본인 인증에 실패하게 되며 이때는 아이핀 인증으로만 본인인증이 가능합니다. '),(4,'[홈페이지 이용] 안심체크로 본인 인증에 실패하였습니다. 본인 인증을 할 수 있는 다른 방법은 무엇인가요?','안심체크로 본인의 생년월일, 성별, 성명 정보로 인증이 되지 않을 경우 먼저 안심체크의 인증 실패 안내에서 실명확인 재시도를 하시고 실명 정보를 등록하시면 됩니다. 실명확인에 필요한 전화번호, 주소 정보가 확인이 안되면 아이핀 인증 버튼을 선택하여 아이핀을 신규 발급받으시고 기존에 아이핀을 발급받은 고객님의 경우에는 보유하고 계신 아이핀으로 실명확인을 하시면 됩니다. '),(4,'[홈페이지 이용] 고객센터 운영시간은 어떻게 되나요?','평일 고객센터 운영시간은 09:00~18:00 입니다.  일요일을 제외한 토요일, 공휴일은 09:00~17:00 입니다. (12:00~13:00 상담 불가) 일요일 및 설날(음력)과 추석 당일은 휴무입니다.  쉐보레 홈페이지 1:1 게시판 문의는 365일 24시간 언제든지 가능하며, 답변은 08:00~24:00에 이루어집니다.(설날과 추석 당일은 휴무입니다.)  긴급출동은 연중무휴 24시간 상담 가능합니다. '),(4,'[장애인 차량] 현재 판매 중인 장애인 차량은 무엇입니까?','보통 장애인 차량은 각 제조사별 중형 세단(LPG)을 장애인 차량으로 판매합니다. 현재 쉐보레에서 판매중인 장애인용 차량은 없습니다.'),(4,'[장애인 차량] 장애인용 가격은 면세 가격인가요?','현재 쉐보레에서 제공되는 장애인용 가격표는 없습니다.대상이 되신다면 카매니저를 통해 면세가격을 확인하실 수 있습니다.'),(4,'[장애인 차량] 장애인 중 면세 가능한 등급은 어떻게 되나요?','면세로 구입할 수 있는 등급은 일반장애인1~3급, 국가유공장애인1~7급, 고엽제 후유증 환자, 5.18 민주화 운동부상자 1~14급 입니다.'),(4,'[장애인 차량] 몇대까지 장애인 차량 구입 가능한지요? (한 가족에 장애인 2인일 경우 등)','일반 승용차의 경우 1인 기준 1대 구입 가능하며, 가족중 장애인 2명일 경우, 각자의 명의로 차량 구입 가능합니다.'),(4,'[장애인 차량] LPG 구조변경 방법을 알고싶습니다.','가솔린 차량 구매후 LPG 구조변경을 원하는 경우 장애가 있는 당사자 및 가족(직계존비속)이 신청해야 하며, 구조변경 승인 신청은 시,군,구청 교통행정과에 자동차 등록증, 장애인 수첩, 주민등록등본, 구조변경신청서, 제원대비표, 연료변경 전,후도면을 제출 승인 받습니다.  자세한 내용은 자동차관리법 제34조 / 자동차관리법시행령 제8조를 참조하여 주시기 바랍니다.→ 고객께서 구조변경한 내용에 대해서는 회사에서 보증 책임지지 않습니다.'),(4,'[장애인 차량] 장애인과 공동명의 구입시 가능 조건을 알고싶습니다.','주민등록표상 세대를 함께하는 배우자, 직계존비속, 형제 자매의 경우, 직계비속의 배우자와 공동명의로 구입 가능합니다.단, 5년 이상 보유를 해야 합니다. 만약 5년 이전에 명의 변경시에는 동일 조건(면세 해당 고객)의 고객에게 양도를 해야 합니다.이를 위반시에는 추징대상이 될 수 있습니다.'),(4,'[장애인 차량] 장애인 사망시 차량 승계 방법을 알고싶습니다.','LPG 전용일 경우에는 가족이 승계할 수는 없으며, 장애인이나 국가유공자에게 판매하는 수밖에 없습니다.LPG 전용은 팔아야 하는데 돌아가신 분이 차를 팔 수는 없으므로 상속이전을 먼저 해야 합니다.LPG 겸용일 경우에는 장애인 및 국가유공자에게 판매하거나, LPG를 탈착하면 가족이 승계할 수 있습니다.장애인 및 국가유공자가 1년 안에 사망하게 되면 어차피 지방세(취득세, 등록세, 자동차세)를 내야 합니다.하지만 개별소비세는 매매를 할 경우 타신만큼의 면세금액을 환불하셔야 합니다.예를 들어, 1년을 사용했다면 4년치를 환불하면 됩니다. 개별소비세를 면세받는 장애인(1~3급) 및 국가유공자(1~7급까지)에게 판매하면 환불을 안하셔도 됩니다.'),(4,'[장애인 차량] 장애인 구입 혜택은 어떻게 되나요?','장애인 차량 구입시 등급에 따라 세금 혜택이 있습니다.- 개별소비세 : 면세 (국세)→ 일반장애 1~3급, 국가유공자 1~7급, 고엽제 후유증 환자(고도,중도,경도(1~3급)), 5.18민주화운동 부상자 1~14급- 지방세 (2,000cc 이하) : 면세(통합취득세, 자동차세)→ 일반장애 1~3급, 시각장애 1~4급, 국가유공자 1~7급, 고엽제 후유증 환자(고도,중도,경도(1~3급)), 5.18민주화운동 부상자 1~14급- 지방세 (2000cc 초과) : 과세(통합취득세, 자동차세)- 채권매입 : 면제→ 국가유공자 1~7급, 고엽제 후유증 환자(고도,중도,경도(1~3급)), 5.18민주화운동 부상자 1~14급, 장애인복지법에 의해 장애인으로 등록된 자가 본인 명의 또는 주민등록상 거소를 같이 하는 보호자와 공동명의로 구매하는 차량 1대※ 보다 자세한 사항은 구매정보 → 구매가이드 → 장애인차량 안내를 참조하여 주시기 바랍니다.'),(4,'[장애인 차량] 장애인 차량은 모두 뒤 트렁크에 가스통이 있나요?','네, 모두 있습니다.');
/*!40000 ALTER TABLE `faqtbl` ENABLE KEYS */;
UNLOCK TABLES;

--
-- Table structure for table `main`
--

DROP TABLE IF EXISTS `main`;
/*!40101 SET @saved_cs_client     = @@character_set_client */;
/*!50503 SET character_set_client = utf8mb4 */;
CREATE TABLE `main` (
  `year` int NOT NULL,
  `car_regi` int DEFAULT NULL,
  `car_ic` int DEFAULT NULL,
  `car_rat` double DEFAULT NULL,
  PRIMARY KEY (`year`)
) ENGINE=InnoDB DEFAULT CHARSET=utf8mb4 COLLATE=utf8mb4_0900_ai_ci;
/*!40101 SET character_set_client = @saved_cs_client */;

--
-- Dumping data for table `main`
--

LOCK TABLES `main` WRITE;
/*!40000 ALTER TABLE `main` DISABLE KEYS */;
INSERT INTO `main` VALUES (2014,2012,717,3.7),(2015,2099,871,4.3),(2016,2180,813,3.9),(2017,2253,725,3.3),(2018,2320,674,3),(2019,2368,475,2),(2020,2437,689,2.9),(2021,2491,545,2.2),(2022,2550,592,2.4),(2023,2595,446,1.7);
/*!40000 ALTER TABLE `main` ENABLE KEYS */;
UNLOCK TABLES;

--
-- Table structure for table `sido`
--

DROP TABLE IF EXISTS `sido`;
/*!40101 SET @saved_cs_client     = @@character_set_client */;
/*!50503 SET character_set_client = utf8mb4 */;
CREATE TABLE `sido` (
  `year` int DEFAULT NULL,
  `car_regi` int DEFAULT NULL,
  `seoul` int DEFAULT NULL,
  `busan` int DEFAULT NULL,
  `daegu` int DEFAULT NULL,
  `incheon` int DEFAULT NULL,
  `gwangju` int DEFAULT NULL,
  `daejeon` int DEFAULT NULL,
  `ulsan` int DEFAULT NULL,
  `sejong` int DEFAULT NULL,
  `gyeonggi` int DEFAULT NULL,
  `gangwon` int DEFAULT NULL,
  `chungbuk` int DEFAULT NULL,
  `chungnam` int DEFAULT NULL,
  `jeonbuk` int DEFAULT NULL,
  `jeonnam` int DEFAULT NULL,
  `gyeongbuk` int DEFAULT NULL,
  `gyeongnam` int DEFAULT NULL,
  `jeju` int DEFAULT NULL,
  KEY `fk_sido_year` (`year`),
  CONSTRAINT `fk_sido_year` FOREIGN KEY (`year`) REFERENCES `main` (`year`)
) ENGINE=InnoDB DEFAULT CHARSET=utf8mb4 COLLATE=utf8mb4_0900_ai_ci;
/*!40101 SET character_set_client = @saved_cs_client */;

--
-- Dumping data for table `sido`
--

LOCK TABLES `sido` WRITE;
/*!40000 ALTER TABLE `sido` DISABLE KEYS */;
INSERT INTO `sido` VALUES (2014,2012,301,121,107,125,59,62,51,7,470,67,70,93,81,84,126,151,38),(2015,2099,306,126,111,136,61,63,53,9,492,69,73,97,84,90,131,156,44),(2016,2180,308,130,113,144,63,65,54,11,516,72,76,102,87,95,135,163,47),(2017,2253,312,133,116,151,65,66,55,13,539,75,79,106,89,99,139,167,50),(2018,2320,313,137,118,158,66,67,56,15,562,77,82,109,92,103,142,169,55),(2019,2368,312,140,119,164,68,67,57,16,577,78,84,112,93,106,145,172,60),(2020,2437,316,143,122,168,69,69,58,18,600,81,87,115,95,110,148,179,62),(2021,2491,318,147,121,168,70,69,58,19,621,83,89,118,96,117,150,183,66),(2022,2550,319,150,123,169,71,71,59,19,638,85,92,121,98,124,152,190,69);
/*!40000 ALTER TABLE `sido` ENABLE KEYS */;
UNLOCK TABLES;

--
-- Table structure for table `yongdo`
--

DROP TABLE IF EXISTS `yongdo`;
/*!40101 SET @saved_cs_client     = @@character_set_client */;
/*!50503 SET character_set_client = utf8mb4 */;
CREATE TABLE `yongdo` (
  `year` int DEFAULT NULL,
  `car_regi` int DEFAULT NULL,
  `official` double DEFAULT NULL,
  `private` int DEFAULT NULL,
  `commercial` int DEFAULT NULL,
  KEY `fk_yongdo_year` (`year`),
  CONSTRAINT `fk_yongdo_year` FOREIGN KEY (`year`) REFERENCES `main` (`year`)
) ENGINE=InnoDB DEFAULT CHARSET=utf8mb4 COLLATE=utf8mb4_0900_ai_ci;
/*!40101 SET character_set_client = @saved_cs_client */;

--
-- Dumping data for table `yongdo`
--

LOCK TABLES `yongdo` WRITE;
/*!40000 ALTER TABLE `yongdo` DISABLE KEYS */;
INSERT INTO `yongdo` VALUES (2014,2012,7.5,1883,121),(2015,2099,7.7,1962,129),(2016,2180,8,2035,138),(2017,2253,8.6,2098,146),(2018,2320,9,2154,157),(2019,2368,9.2,2191,168),(2020,2437,9.4,2252,175),(2021,2491,9.6,2299,183),(2022,2550,9.8,2350,190);
/*!40000 ALTER TABLE `yongdo` ENABLE KEYS */;
UNLOCK TABLES;
/*!40103 SET TIME_ZONE=@OLD_TIME_ZONE */;

/*!40101 SET SQL_MODE=@OLD_SQL_MODE */;
/*!40014 SET FOREIGN_KEY_CHECKS=@OLD_FOREIGN_KEY_CHECKS */;
/*!40014 SET UNIQUE_CHECKS=@OLD_UNIQUE_CHECKS */;
/*!40101 SET CHARACTER_SET_CLIENT=@OLD_CHARACTER_SET_CLIENT */;
/*!40101 SET CHARACTER_SET_RESULTS=@OLD_CHARACTER_SET_RESULTS */;
/*!40101 SET COLLATION_CONNECTION=@OLD_COLLATION_CONNECTION */;
/*!40111 SET SQL_NOTES=@OLD_SQL_NOTES */;

-- Dump completed on 2024-09-06 16:06:36
